08_06,Ukendt 2_0,20210916,105804,45,1,3526,1750,3612,1848,08_06/Ukendt 2_0/101_WSCT/WSCT8359.JPG
08_06,Ukendt 2_0,20210916,110004,77,1,983,280,1080,376,08_06/Ukendt 2_0/101_WSCT/WSCT8361.JPG
08_06,Ukendt 2_0,20210916,110204,80,1,2477,1777,2560,1880,08_06/Ukendt 2_0/101_WSCT/WSCT8363.JPG
08_06,Ukendt 2_0,20210916,110604,25,1,1740,589,1857,711,08_06/Ukendt 2_0/101_WSCT/WSCT8367.JPG
08_06,Ukendt 2_0,20210916,111004,66,1,3951,2095,4055,2161,08_06/Ukendt 2_0/101_WSCT/WSCT8371.JPG
08_06,Ukendt 2_0,20210916,111106,32,1,1743,589,1857,706,08_06/Ukendt 2_0/101_WSCT/WSCT8372.JPG
08_06,Ukendt 2_0,20210916,112306,27,1,1745,588,1856,707,08_06/Ukendt 2_0/101_WSCT/WSCT8384.JPG
08_06,Ukendt 2_0,20210916,114306,27,1,3719,1281,3800,1378,08_06/Ukendt 2_0/101_WSCT/WSCT8404.JPG
08_06,Ukendt 2_0,20210916,115912,57,1,760,66,845,133,08_06/Ukendt 2_0/101_WSCT/WSCT8420.JPG
08_06,Ukendt 2_0,20210916,120212,79,1,736,2062,818,2166,08_06/Ukendt 2_0/101_WSCT/WSCT8423.JPG
08_06,Ukendt 2_0,20210916,120912,30,1,1929,996,1993,1059,08_06/Ukendt 2_0/101_WSCT/WSCT8430.JPG
08_06,Ukendt 2_0,20210916,121212,72,1,1828,214,1923,273,08_06/Ukendt 2_0/101_WSCT/WSCT8433.JPG
08_06,Ukendt 2_0,20210916,122512,31,1,1697,1005,1781,1098,08_06/Ukendt 2_0/101_WSCT/WSCT8446.JPG
08_06,Ukendt 2_0,20210916,122712,58,1,2616,1464,2698,1549,08_06/Ukendt 2_0/101_WSCT/WSCT8448.JPG
08_06,Ukendt 2_0,20210916,122812,62,1,737,561,826,675,08_06/Ukendt 2_0/101_WSCT/WSCT8449.JPG
08_06,Ukendt 2_0,20210916,122912,26,1,2886,1500,2969,1592,08_06/Ukendt 2_0/101_WSCT/WSCT8450.JPG
08_06,Ukendt 2_0,20210916,123812,76,1,812,922,894,1005,08_06/Ukendt 2_0/101_WSCT/WSCT8459.JPG
08_06,Ukendt 2_0,20210916,124012,33,1,1589,1069,1711,1144,08_06/Ukendt 2_0/101_WSCT/WSCT8461.JPG
08_06,Ukendt 2_0,20210916,124012,71,1,577,1571,674,1650,08_06/Ukendt 2_0/101_WSCT/WSCT8461.JPG
08_06,Ukendt 2_0,20210916,124612,69,1,2544,2242,2629,2343,08_06/Ukendt 2_0/101_WSCT/WSCT8467.JPG
08_06,Ukendt 2_0,20210916,124912,41,1,2386,1475,2476,1542,08_06/Ukendt 2_0/101_WSCT/WSCT8470.JPG
08_06,Ukendt 2_0,20210916,124912,49,1,2085,1011,2175,1110,08_06/Ukendt 2_0/101_WSCT/WSCT8470.JPG
08_06,Ukendt 2_0,20210916,125012,82,1,613,1327,697,1428,08_06/Ukendt 2_0/101_WSCT/WSCT8471.JPG
08_06,Ukendt 2_0,20210916,125612,70,1,465,1167,575,1252,08_06/Ukendt 2_0/101_WSCT/WSCT8477.JPG
08_06,Ukendt 2_0,20210916,130012,60,1,1,175,76,237,08_06/Ukendt 2_0/101_WSCT/WSCT8481.JPG
08_06,Ukendt 2_0,20210916,130312,39,1,0,687,73,768,08_06/Ukendt 2_0/101_WSCT/WSCT8484.JPG
08_06,Ukendt 2_0,20210916,130412,40,1,1241,1883,1335,1952,08_06/Ukendt 2_0/101_WSCT/WSCT8485.JPG
08_06,Ukendt 2_0,20210916,130512,64,1,3700,1287,3790,1403,08_06/Ukendt 2_0/101_WSCT/WSCT8486.JPG
08_06,Ukendt 2_0,20210916,130912,25,1,2730,31,2832,101,08_06/Ukendt 2_0/101_WSCT/WSCT8490.JPG
08_06,Ukendt 2_0,20210916,131012,40,1,4177,1323,4224,1403,08_06/Ukendt 2_0/101_WSCT/WSCT8491.JPG
08_06,Ukendt 2_0,20210916,131112,46,1,4173,1237,4224,1317,08_06/Ukendt 2_0/101_WSCT/WSCT8492.JPG
08_06,Ukendt 2_0,20210916,131512,27,1,609,2268,702,2360,08_06/Ukendt 2_0/101_WSCT/WSCT8496.JPG
08_06,Ukendt 2_0,20210916,132012,31,1,9,174,102,237,08_06/Ukendt 2_0/101_WSCT/WSCT8501.JPG
08_06,Ukendt 2_0,20210916,132112,82,1,715,815,803,874,08_06/Ukendt 2_0/101_WSCT/WSCT8502.JPG
08_06,Ukendt 2_0,20210916,132512,62,1,2983,1452,3095,1563,08_06/Ukendt 2_0/101_WSCT/WSCT8506.JPG
08_06,Ukendt 2_0,20210916,132912,70,1,1543,1228,1666,1321,08_06/Ukendt 2_0/101_WSCT/WSCT8510.JPG
08_06,Ukendt 2_0,20210916,133312,85,1,1460,1274,1567,1396,08_06/Ukendt 2_0/101_WSCT/WSCT8514.JPG
08_06,Ukendt 2_0,20210916,133412,82,1,1693,1184,1778,1293,08_06/Ukendt 2_0/101_WSCT/WSCT8515.JPG
08_06,Ukendt 2_0,20210916,133512,60,1,1697,1183,1782,1287,08_06/Ukendt 2_0/101_WSCT/WSCT8516.JPG
08_06,Ukendt 2_0,20210916,133812,76,1,1726,1058,1843,1188,08_06/Ukendt 2_0/101_WSCT/WSCT8519.JPG
08_06,Ukendt 2_0,20210916,134012,33,1,1180,1071,1271,1144,08_06/Ukendt 2_0/101_WSCT/WSCT8521.JPG
08_06,Ukendt 2_0,20210916,140012,81,1,3258,2053,3361,2160,08_06/Ukendt 2_0/101_WSCT/WSCT8541.JPG
08_06,Ukendt 2_0,20210916,141112,78,1,645,1746,748,1811,08_06/Ukendt 2_0/101_WSCT/WSCT8552.JPG
08_06,Ukendt 2_0,20210916,141612,69,1,816,54,903,122,08_06/Ukendt 2_0/101_WSCT/WSCT8557.JPG
08_06,Ukendt 2_0,20210916,141912,42,1,925,28,1002,87,08_06/Ukendt 2_0/101_WSCT/WSCT8560.JPG
08_06,Ukendt 2_0,20210916,142212,50,1,3424,1982,3507,2072,08_06/Ukendt 2_0/101_WSCT/WSCT8563.JPG
08_06,Ukendt 2_0,20210916,142312,52,1,3681,1428,3800,1524,08_06/Ukendt 2_0/101_WSCT/WSCT8564.JPG
08_06,Ukendt 2_0,20210916,142412,35,1,762,919,850,1012,08_06/Ukendt 2_0/101_WSCT/WSCT8565.JPG
08_06,Ukendt 2_0,20210916,143712,43,1,1197,1282,1300,1401,08_06/Ukendt 2_0/101_WSCT/WSCT8578.JPG
08_06,Ukendt 2_0,20210916,143712,58,1,2880,1501,2977,1604,08_06/Ukendt 2_0/101_WSCT/WSCT8578.JPG
08_06,Ukendt 2_0,20210916,144112,26,1,1200,1287,1307,1418,08_06/Ukendt 2_0/101_WSCT/WSCT8582.JPG
08_06,Ukendt 2_0,20210916,144212,49,1,1199,1292,1307,1415,08_06/Ukendt 2_0/101_WSCT/WSCT8583.JPG
08_06,Ukendt 2_0,20210916,144312,30,1,1199,1287,1306,1418,08_06/Ukendt 2_0/101_WSCT/WSCT8584.JPG
08_06,Ukendt 2_0,20210916,144412,29,1,1196,1287,1300,1407,08_06/Ukendt 2_0/101_WSCT/WSCT8585.JPG
08_06,Ukendt 2_0,20210916,144412,86,1,1843,1265,1934,1345,08_06/Ukendt 2_0/101_WSCT/WSCT8585.JPG
08_06,Ukendt 2_0,20210916,144512,26,1,3202,1648,3336,1835,08_06/Ukendt 2_0/101_WSCT/WSCT8586.JPG
08_06,Ukendt 2_0,20210916,144812,67,1,1169,1605,1256,1688,08_06/Ukendt 2_0/101_WSCT/WSCT8589.JPG
08_06,Ukendt 2_0,20210916,145012,38,1,1134,1606,1239,1725,08_06/Ukendt 2_0/101_WSCT/WSCT8591.JPG
08_06,Ukendt 2_0,20210916,145012,70,1,2797,1035,2907,1116,08_06/Ukendt 2_0/101_WSCT/WSCT8591.JPG
08_06,Ukendt 2_0,20210916,145212,79,1,2131,506,2245,585,08_06/Ukendt 2_0/101_WSCT/WSCT8593.JPG
08_06,Ukendt 2_0,20210916,145612,84,1,1154,1642,1254,1768,08_06/Ukendt 2_0/101_WSCT/WSCT8597.JPG
08_06,Ukendt 2_0,20210916,145712,75,1,1153,1639,1257,1771,08_06/Ukendt 2_0/101_WSCT/WSCT8598.JPG
08_06,Ukendt 2_0,20210916,145812,83,1,1154,1642,1254,1768,08_06/Ukendt 2_0/101_WSCT/WSCT8599.JPG
08_06,Ukendt 2_0,20210916,145912,67,1,1686,1208,1764,1288,08_06/Ukendt 2_0/101_WSCT/WSCT8600.JPG
08_06,Ukendt 2_0,20210916,150112,39,1,230,921,332,1008,08_06/Ukendt 2_0/101_WSCT/WSCT8602.JPG
08_06,Ukendt 2_0,20210916,150512,77,1,4134,1096,4224,1157,08_06/Ukendt 2_0/101_WSCT/WSCT8606.JPG
08_06,Ukendt 2_0,20210916,150612,33,1,1151,1594,1258,1721,08_06/Ukendt 2_0/101_WSCT/WSCT8607.JPG
08_06,Ukendt 2_0,20210916,150712,66,1,1137,1581,1246,1710,08_06/Ukendt 2_0/101_WSCT/WSCT8608.JPG
08_06,Ukendt 2_0,20210916,150812,55,1,1136,1583,1247,1709,08_06/Ukendt 2_0/101_WSCT/WSCT8609.JPG
08_06,Ukendt 2_0,20210916,150912,52,1,1133,1578,1247,1712,08_06/Ukendt 2_0/101_WSCT/WSCT8610.JPG
08_06,Ukendt 2_0,20210916,150912,90,1,2283,1143,2378,1258,08_06/Ukendt 2_0/101_WSCT/WSCT8610.JPG
08_06,Ukendt 2_0,20210916,151012,55,1,3947,1490,4037,1584,08_06/Ukendt 2_0/101_WSCT/WSCT8611.JPG
08_06,Ukendt 2_0,20210916,151012,68,1,1138,1589,1246,1708,08_06/Ukendt 2_0/101_WSCT/WSCT8611.JPG
08_06,Ukendt 2_0,20210916,151012,87,1,2275,1149,2369,1261,08_06/Ukendt 2_0/101_WSCT/WSCT8611.JPG
08_06,Ukendt 2_0,20210916,151112,83,1,1133,1582,1237,1704,08_06/Ukendt 2_0/101_WSCT/WSCT8612.JPG
08_06,Ukendt 2_0,20210916,151312,58,1,3033,248,3139,355,08_06/Ukendt 2_0/101_WSCT/WSCT8614.JPG
08_06,Ukendt 2_0,20210916,151512,37,1,3106,169,3199,294,08_06/Ukendt 2_0/101_WSCT/WSCT8616.JPG
08_06,Ukendt 2_0,20210916,151612,78,1,3121,159,3201,254,08_06/Ukendt 2_0/101_WSCT/WSCT8617.JPG
08_06,Ukendt 2_0,20210916,151712,52,1,3123,160,3204,251,08_06/Ukendt 2_0/101_WSCT/WSCT8618.JPG
08_06,Ukendt 2_0,20210916,152012,69,1,3152,117,3236,221,08_06/Ukendt 2_0/101_WSCT/WSCT8621.JPG
08_06,Ukendt 2_0,20210916,152112,65,1,3211,92,3332,165,08_06/Ukendt 2_0/101_WSCT/WSCT8622.JPG
08_06,Ukendt 2_0,20210916,152312,50,1,3216,145,3306,234,08_06/Ukendt 2_0/101_WSCT/WSCT8624.JPG
08_06,Ukendt 2_0,20210916,152312,61,1,1858,1702,1943,1795,08_06/Ukendt 2_0/101_WSCT/WSCT8624.JPG
08_06,Ukendt 2_0,20210916,152412,42,1,2981,1443,3095,1562,08_06/Ukendt 2_0/101_WSCT/WSCT8625.JPG
08_06,Ukendt 2_0,20210916,152512,31,1,2935,1851,3021,1952,08_06/Ukendt 2_0/101_WSCT/WSCT8626.JPG
08_06,Ukendt 2_0,20210916,154312,27,1,2506,548,2589,616,08_06/Ukendt 2_0/101_WSCT/WSCT8644.JPG
08_06,Ukendt 2_0,20210916,154412,59,1,3423,1966,3504,2064,08_06/Ukendt 2_0/101_WSCT/WSCT8645.JPG
08_06,Ukendt 2_0,20210916,154612,60,1,1978,662,2066,770,08_06/Ukendt 2_0/101_WSCT/WSCT8647.JPG
08_06,Ukendt 2_0,20210916,154712,42,1,1904,396,2037,494,08_06/Ukendt 2_0/101_WSCT/WSCT8648.JPG
08_06,Ukendt 2_0,20210916,154812,66,1,2616,934,2738,1003,08_06/Ukendt 2_0/101_WSCT/WSCT8649.JPG
08_06,Ukendt 2_0,20210916,155112,60,1,2126,2133,2196,2219,08_06/Ukendt 2_0/101_WSCT/WSCT8652.JPG
08_06,Ukendt 2_0,20210916,155312,33,1,769,349,843,423,08_06/Ukendt 2_0/101_WSCT/WSCT8654.JPG
08_06,Ukendt 2_0,20210916,155618,38,1,1662,1111,1793,1190,08_06/Ukendt 2_0/101_WSCT/WSCT8657.JPG
08_06,Ukendt 2_0,20210916,155618,45,1,3868,2118,3973,2184,08_06/Ukendt 2_0/101_WSCT/WSCT8657.JPG
08_06,Ukendt 2_0,20210916,160320,78,1,1735,1102,1880,1188,08_06/Ukendt 2_0/101_WSCT/WSCT8664.JPG
08_06,Ukendt 2_0,20210916,160420,28,1,158,1846,244,1901,08_06/Ukendt 2_0/101_WSCT/WSCT8665.JPG
08_06,Ukendt 2_0,20210916,160620,50,1,5,1890,105,1946,08_06/Ukendt 2_0/101_WSCT/WSCT8667.JPG
08_06,Ukendt 2_0,20210916,160820,62,1,898,807,987,870,08_06/Ukendt 2_0/101_WSCT/WSCT8669.JPG
08_06,Ukendt 2_0,20210916,160920,58,1,306,254,397,310,08_06/Ukendt 2_0/101_WSCT/WSCT8670.JPG
08_06,Ukendt 2_0,20210916,161120,36,1,3346,1796,3452,1908,08_06/Ukendt 2_0/101_WSCT/WSCT8672.JPG
08_06,Ukendt 2_0,20210916,162020,78,1,512,1806,611,1868,08_06/Ukendt 2_0/101_WSCT/WSCT8681.JPG
08_06,Ukendt 2_0,20210916,162726,72,1,477,531,609,618,08_06/Ukendt 2_0/101_WSCT/WSCT8688.JPG
08_06,Ukendt 2_0,20210916,163426,44,1,655,611,735,706,08_06/Ukendt 2_0/101_WSCT/WSCT8695.JPG
08_06,Ukendt 2_0,20210916,164826,83,1,1256,816,1352,894,08_06/Ukendt 2_0/101_WSCT/WSCT8709.JPG
08_06,Ukendt 2_0,20210916,165026,37,1,3828,786,3915,880,08_06/Ukendt 2_0/101_WSCT/WSCT8711.JPG
08_06,Ukendt 2_0,20210916,165026,77,1,1037,883,1138,956,08_06/Ukendt 2_0/101_WSCT/WSCT8711.JPG
08_06,Ukendt 2_0,20210916,165126,77,1,441,1777,517,1867,08_06/Ukendt 2_0/101_WSCT/WSCT8712.JPG
08_06,Ukendt 2_0,20210916,165326,26,1,471,526,596,599,08_06/Ukendt 2_0/101_WSCT/WSCT8714.JPG
08_06,Ukendt 2_0,20210916,165326,40,1,772,1779,869,1886,08_06/Ukendt 2_0/101_WSCT/WSCT8714.JPG
08_06,Ukendt 2_0,20210916,165326,61,1,694,2086,776,2166,08_06/Ukendt 2_0/101_WSCT/WSCT8714.JPG
08_06,Ukendt 2_0,20210916,165426,72,1,1199,1590,1285,1675,08_06/Ukendt 2_0/101_WSCT/WSCT8715.JPG
08_06,Ukendt 2_0,20210916,165726,33,1,598,505,678,574,08_06/Ukendt 2_0/101_WSCT/WSCT8718.JPG
08_06,Ukendt 2_0,20210916,165926,55,1,547,565,651,627,08_06/Ukendt 2_0/101_WSCT/WSCT8720.JPG
08_06,Ukendt 2_0,20210916,170726,26,1,3179,70,3284,184,08_06/Ukendt 2_0/101_WSCT/WSCT8728.JPG
08_06,Ukendt 2_0,20210916,171526,81,1,767,1387,920,1484,08_06/Ukendt 2_0/101_WSCT/WSCT8736.JPG
08_06,Ukendt 2_0,20210916,173326,68,1,931,290,1004,380,08_06/Ukendt 2_0/101_WSCT/WSCT8754.JPG
08_06,Ukendt 2_0,20210916,174826,36,1,424,78,486,151,08_06/Ukendt 2_0/101_WSCT/WSCT8769.JPG
08_06,Ukendt 2_0,20210916,175126,72,1,1513,322,1629,390,08_06/Ukendt 2_0/101_WSCT/WSCT8772.JPG
08_06,Ukendt 2_0,20210916,183026,26,1,3655,1335,3741,1415,08_06/Ukendt 2_0/101_WSCT/WSCT8811.JPG
08_06,Ukendt 2_0,20210916,185726,83,1,347,730,433,832,08_06/Ukendt 2_0/101_WSCT/WSCT8838.JPG
08_06,Ukendt 2_0,20210916,191526,35,1,3660,1344,3748,1427,08_06/Ukendt 2_0/101_WSCT/WSCT8856.JPG
08_06,Ukendt 2_0,20210916,192726,42,1,3138,475,3232,558,08_06/Ukendt 2_0/101_WSCT/WSCT8868.JPG
08_06,Ukendt 2_0,20210916,192926,31,1,3189,1633,3335,1837,08_06/Ukendt 2_0/101_WSCT/WSCT8870.JPG
08_06,Ukendt 2_0,20210916,193126,58,1,2816,1836,2901,1931,08_06/Ukendt 2_0/101_WSCT/WSCT8872.JPG
08_06,Ukendt 2_0,20210916,193626,35,1,3047,2061,3156,2186,08_06/Ukendt 2_0/101_WSCT/WSCT8877.JPG
08_06,Ukendt 2_0,20210916,194226,64,1,2831,1005,2952,1144,08_06/Ukendt 2_0/101_WSCT/WSCT8883.JPG
08_06,Ukendt 2_0,20210916,194734,38,1,3056,2049,3154,2179,08_06/Ukendt 2_0/101_WSCT/WSCT8888.JPG
08_06,Ukendt 2_0,20210916,201034,78,1,3251,53,3383,152,08_06/Ukendt 2_0/101_WSCT/WSCT8911.JPG
08_06,Ukendt 2_0,20210916,201132,38,1,3238,61,3365,148,08_06/Ukendt 2_0/101_WSCT/WSCT8912.JPG
08_06,Ukendt 2_0,20210916,201332,26,1,3193,71,3319,153,08_06/Ukendt 2_0/101_WSCT/WSCT8914.JPG
08_06,Ukendt 2_0,20210916,201432,48,1,3079,68,3178,154,08_06/Ukendt 2_0/101_WSCT/WSCT8915.JPG
08_06,Ukendt 2_0,20210916,201932,37,1,3150,102,3248,180,08_06/Ukendt 2_0/101_WSCT/WSCT8920.JPG
08_06,Ukendt 2_0,20210916,202132,66,1,3191,70,3316,156,08_06/Ukendt 2_0/101_WSCT/WSCT8922.JPG
08_06,Ukendt 2_0,20210916,211234,47,1,3693,309,3795,441,08_06/Ukendt 2_0/101_WSCT/WSCT8973.JPG
08_06,Ukendt 2_0,20210916,211334,69,1,3628,414,3725,531,08_06/Ukendt 2_0/101_WSCT/WSCT8974.JPG
08_06,Ukendt 2_0,20210916,214340,67,1,566,1721,656,1782,08_06/Ukendt 2_0/101_WSCT/WSCT9004.JPG
08_06,Ukendt 2_0,20210916,214440,31,1,593,1735,682,1822,08_06/Ukendt 2_0/101_WSCT/WSCT9005.JPG
08_06,Ukendt 2_0,20210916,214540,36,1,599,1631,685,1738,08_06/Ukendt 2_0/101_WSCT/WSCT9006.JPG
08_06,Ukendt 2_0,20210917,064302,63,1,693,643,802,710,08_06/Ukendt 2_0/101_WSCT/WSCT9064.JPG
08_06,Ukendt 2_0,20210917,065102,37,1,3620,2037,3787,2152,08_06/Ukendt 2_0/101_WSCT/WSCT9072.JPG
08_06,Ukendt 2_0,20210917,065202,40,1,3614,2033,3800,2156,08_06/Ukendt 2_0/101_WSCT/WSCT9073.JPG
08_06,Ukendt 2_0,20210917,070100,43,1,3616,2034,3795,2154,08_06/Ukendt 2_0/101_WSCT/WSCT9082.JPG
08_06,Ukendt 2_0,20210917,070600,34,1,3615,2033,3787,2155,08_06/Ukendt 2_0/101_WSCT/WSCT9087.JPG
08_06,Ukendt 2_0,20210917,070702,52,1,3617,2036,3796,2155,08_06/Ukendt 2_0/101_WSCT/WSCT9088.JPG
08_06,Ukendt 2_0,20210917,070800,35,1,3618,2034,3798,2158,08_06/Ukendt 2_0/101_WSCT/WSCT9089.JPG
08_06,Ukendt 2_0,20210917,070900,41,1,3616,2032,3789,2155,08_06/Ukendt 2_0/101_WSCT/WSCT9090.JPG
08_06,Ukendt 2_0,20210917,071002,48,1,3616,2033,3787,2157,08_06/Ukendt 2_0/101_WSCT/WSCT9091.JPG
08_06,Ukendt 2_0,20210917,071102,50,1,3617,2032,3785,2153,08_06/Ukendt 2_0/101_WSCT/WSCT9092.JPG
08_06,Ukendt 2_0,20210917,071202,51,1,3619,2032,3784,2152,08_06/Ukendt 2_0/101_WSCT/WSCT9093.JPG
08_06,Ukendt 2_0,20210917,071402,48,1,3618,2033,3784,2152,08_06/Ukendt 2_0/101_WSCT/WSCT9095.JPG
08_06,Ukendt 2_0,20210917,071502,63,1,3624,2033,3782,2151,08_06/Ukendt 2_0/101_WSCT/WSCT9096.JPG
08_06,Ukendt 2_0,20210917,071602,60,1,3619,2033,3790,2152,08_06/Ukendt 2_0/101_WSCT/WSCT9097.JPG
08_06,Ukendt 2_0,20210917,071702,71,1,3617,2031,3793,2154,08_06/Ukendt 2_0/101_WSCT/WSCT9098.JPG
08_06,Ukendt 2_0,20210917,071802,55,1,3618,2033,3787,2155,08_06/Ukendt 2_0/101_WSCT/WSCT9099.JPG
08_06,Ukendt 2_0,20210917,071902,54,1,3620,2031,3796,2156,08_06/Ukendt 2_0/101_WSCT/WSCT9100.JPG
08_06,Ukendt 2_0,20210917,072002,63,1,3623,2031,3791,2153,08_06/Ukendt 2_0/101_WSCT/WSCT9101.JPG
08_06,Ukendt 2_0,20210917,072102,61,1,3623,2032,3793,2153,08_06/Ukendt 2_0/101_WSCT/WSCT9102.JPG
08_06,Ukendt 2_0,20210917,072202,66,1,3619,2033,3794,2155,08_06/Ukendt 2_0/101_WSCT/WSCT9103.JPG
08_06,Ukendt 2_0,20210917,072302,44,1,3620,2030,3797,2156,08_06/Ukendt 2_0/101_WSCT/WSCT9104.JPG
08_06,Ukendt 2_0,20210917,072502,25,1,3623,2034,3780,2153,08_06/Ukendt 2_0/101_WSCT/WSCT9106.JPG
08_06,Ukendt 2_0,20210917,072502,47,1,1570,1905,1663,2024,08_06/Ukendt 2_0/101_WSCT/WSCT9106.JPG
08_06,Ukendt 2_0,20210917,073502,26,1,3626,2037,3782,2150,08_06/Ukendt 2_0/101_WSCT/WSCT9116.JPG
08_06,Ukendt 2_0,20210917,073802,28,1,3622,2036,3785,2152,08_06/Ukendt 2_0/101_WSCT/WSCT9119.JPG
08_06,Ukendt 2_0,20210917,073902,27,1,3617,2035,3784,2153,08_06/Ukendt 2_0/101_WSCT/WSCT9120.JPG
08_06,Ukendt 2_0,20210917,074002,44,1,3620,2037,3786,2150,08_06/Ukendt 2_0/101_WSCT/WSCT9121.JPG
08_06,Ukendt 2_0,20210917,074102,27,1,3621,2036,3779,2151,08_06/Ukendt 2_0/101_WSCT/WSCT9122.JPG
08_06,Ukendt 2_0,20210917,074202,28,1,3624,2034,3784,2151,08_06/Ukendt 2_0/101_WSCT/WSCT9123.JPG
08_06,Ukendt 2_0,20210917,074302,42,1,3619,2035,3791,2156,08_06/Ukendt 2_0/101_WSCT/WSCT9124.JPG
08_06,Ukendt 2_0,20210917,074402,26,1,2588,2132,2706,2232,08_06/Ukendt 2_0/101_WSCT/WSCT9125.JPG
08_06,Ukendt 2_0,20210917,074402,38,1,3959,1542,4044,1641,08_06/Ukendt 2_0/101_WSCT/WSCT9125.JPG
08_06,Ukendt 2_0,20210917,074402,54,1,3619,2036,3789,2155,08_06/Ukendt 2_0/101_WSCT/WSCT9125.JPG
08_06,Ukendt 2_0,20210917,074502,51,1,3618,2036,3785,2155,08_06/Ukendt 2_0/101_WSCT/WSCT9126.JPG
08_06,Ukendt 2_0,20210917,074602,53,1,3619,2033,3789,2154,08_06/Ukendt 2_0/101_WSCT/WSCT9127.JPG
08_06,Ukendt 2_0,20210917,074702,42,1,3624,2037,3789,2155,08_06/Ukendt 2_0/101_WSCT/WSCT9128.JPG
08_06,Ukendt 2_0,20210917,074802,51,1,3622,2036,3786,2155,08_06/Ukendt 2_0/101_WSCT/WSCT9129.JPG
08_06,Ukendt 2_0,20210917,074902,47,1,3622,2035,3790,2154,08_06/Ukendt 2_0/101_WSCT/WSCT9130.JPG
08_06,Ukendt 2_0,20210917,075002,25,1,666,453,740,518,08_06/Ukendt 2_0/101_WSCT/WSCT9131.JPG
08_06,Ukendt 2_0,20210917,075002,36,1,3620,2035,3784,2154,08_06/Ukendt 2_0/101_WSCT/WSCT9131.JPG
08_06,Ukendt 2_0,20210917,075102,56,1,3618,2035,3788,2155,08_06/Ukendt 2_0/101_WSCT/WSCT9132.JPG
08_06,Ukendt 2_0,20210917,075202,39,1,3862,1697,3937,1773,08_06/Ukendt 2_0/101_WSCT/WSCT9133.JPG
08_06,Ukendt 2_0,20210917,075202,53,1,3624,2035,3782,2151,08_06/Ukendt 2_0/101_WSCT/WSCT9133.JPG
08_06,Ukendt 2_0,20210917,075302,53,1,3628,2034,3799,2158,08_06/Ukendt 2_0/101_WSCT/WSCT9134.JPG
08_06,Ukendt 2_0,20210917,075502,33,1,787,582,867,650,08_06/Ukendt 2_0/101_WSCT/WSCT9136.JPG
08_06,Ukendt 2_0,20210917,075602,67,1,690,601,776,671,08_06/Ukendt 2_0/101_WSCT/WSCT9137.JPG
08_06,Ukendt 2_0,20210917,080202,69,1,2180,640,2342,745,08_06/Ukendt 2_0/101_WSCT/WSCT9143.JPG
08_06,Ukendt 2_0,20210917,080802,54,1,668,652,758,716,08_06/Ukendt 2_0/101_WSCT/WSCT9149.JPG
08_06,Ukendt 2_0,20210917,081102,78,1,2664,2101,2784,2244,08_06/Ukendt 2_0/101_WSCT/WSCT9152.JPG
08_06,Ukendt 2_0,20210917,081202,80,1,2664,2099,2784,2246,08_06/Ukendt 2_0/101_WSCT/WSCT9153.JPG
08_06,Ukendt 2_0,20210917,081302,79,1,2662,2098,2785,2247,08_06/Ukendt 2_0/101_WSCT/WSCT9154.JPG
08_06,Ukendt 2_0,20210917,081402,81,1,2663,2098,2786,2247,08_06/Ukendt 2_0/101_WSCT/WSCT9155.JPG
08_06,Ukendt 2_0,20210917,081502,79,1,2664,2100,2784,2244,08_06/Ukendt 2_0/101_WSCT/WSCT9156.JPG
08_06,Ukendt 2_0,20210917,081602,80,1,2664,2099,2784,2244,08_06/Ukendt 2_0/101_WSCT/WSCT9157.JPG
08_06,Ukendt 2_0,20210917,081702,63,1,2208,1123,2299,1198,08_06/Ukendt 2_0/101_WSCT/WSCT9158.JPG
08_06,Ukendt 2_0,20210917,081702,80,1,2664,2099,2785,2246,08_06/Ukendt 2_0/101_WSCT/WSCT9158.JPG
08_06,Ukendt 2_0,20210917,081802,33,1,1852,1803,1947,1896,08_06/Ukendt 2_0/101_WSCT/WSCT9159.JPG
08_06,Ukendt 2_0,20210917,081802,79,1,2663,2099,2785,2245,08_06/Ukendt 2_0/101_WSCT/WSCT9159.JPG
08_06,Ukendt 2_0,20210917,081902,78,1,2667,2096,2781,2241,08_06/Ukendt 2_0/101_WSCT/WSCT9160.JPG
08_06,Ukendt 2_0,20210917,082800,60,1,2249,1900,2337,2007,08_06/Ukendt 2_0/101_WSCT/WSCT9169.JPG
08_06,Ukendt 2_0,20210917,083100,43,1,2042,292,2139,359,08_06/Ukendt 2_0/101_WSCT/WSCT9172.JPG
08_06,Ukendt 2_0,20210917,083600,64,1,507,424,603,504,08_06/Ukendt 2_0/101_WSCT/WSCT9177.JPG
08_06,Ukendt 2_0,20210917,083600,78,1,1514,2260,1608,2322,08_06/Ukendt 2_0/101_WSCT/WSCT9177.JPG
08_06,Ukendt 2_0,20210917,084102,26,1,732,224,815,305,08_06/Ukendt 2_0/101_WSCT/WSCT9182.JPG
08_06,Ukendt 2_0,20210917,085102,28,1,2397,1212,2509,1319,08_06/Ukendt 2_0/101_WSCT/WSCT9192.JPG
08_06,Ukendt 2_0,20210917,085502,41,1,223,1481,309,1574,08_06/Ukendt 2_0/101_WSCT/WSCT9196.JPG
08_06,Ukendt 2_0,20210917,090902,29,1,3742,1941,3879,2031,08_06/Ukendt 2_0/101_WSCT/WSCT9210.JPG
08_06,Ukendt 2_0,20210917,091302,51,1,3841,2255,3953,2351,08_06/Ukendt 2_0/101_WSCT/WSCT9214.JPG
08_06,Ukendt 2_0,20210917,091502,30,1,881,759,968,872,08_06/Ukendt 2_0/101_WSCT/WSCT9216.JPG
08_06,Ukendt 2_0,20210917,091602,30,1,202,694,281,783,08_06/Ukendt 2_0/101_WSCT/WSCT9217.JPG
08_06,Ukendt 2_0,20210917,092602,37,1,3549,2273,3646,2361,08_06/Ukendt 2_0/101_WSCT/WSCT9227.JPG
08_06,Ukendt 2_0,20210917,092902,58,1,2074,1767,2163,1845,08_06/Ukendt 2_0/101_WSCT/WSCT9230.JPG
08_06,Ukendt 2_0,20210917,093602,33,1,319,1384,407,1448,08_06/Ukendt 2_0/101_WSCT/WSCT9237.JPG
08_06,Ukendt 2_0,20210917,093602,43,1,2915,393,3014,527,08_06/Ukendt 2_0/101_WSCT/WSCT9237.JPG
08_06,Ukendt 2_0,20210917,094302,36,1,4003,1281,4096,1383,08_06/Ukendt 2_0/101_WSCT/WSCT9244.JPG
08_06,Ukendt 2_0,20210917,094502,69,1,2659,624,2739,715,08_06/Ukendt 2_0/101_WSCT/WSCT9246.JPG
08_06,Ukendt 2_0,20210917,094602,42,1,3314,243,3406,332,08_06/Ukendt 2_0/101_WSCT/WSCT9247.JPG
08_06,Ukendt 2_0,20210917,095102,53,1,201,2100,288,2220,08_06/Ukendt 2_0/101_WSCT/WSCT9252.JPG
08_06,Ukendt 2_0,20210917,095102,79,1,2158,1461,2263,1587,08_06/Ukendt 2_0/101_WSCT/WSCT9252.JPG
08_06,Ukendt 2_0,20210917,095808,47,1,2123,1790,2197,1884,08_06/Ukendt 2_0/101_WSCT/WSCT9259.JPG
08_06,Ukendt 2_0,20210917,100608,52,1,1992,2208,2099,2278,08_06/Ukendt 2_0/101_WSCT/WSCT9267.JPG
08_06,Ukendt 2_0,20210917,101108,65,1,4160,1244,4223,1321,08_06/Ukendt 2_0/101_WSCT/WSCT9272.JPG
08_06,Ukendt 2_0,20210917,102008,52,1,1540,989,1629,1073,08_06/Ukendt 2_0/101_WSCT/WSCT9281.JPG
08_06,Ukendt 2_0,20210917,102708,54,1,1648,1300,1742,1376,08_06/Ukendt 2_0/101_WSCT/WSCT9288.JPG
08_06,Ukendt 2_0,20210917,102808,35,1,1656,1279,1742,1360,08_06/Ukendt 2_0/101_WSCT/WSCT9289.JPG
08_06,Ukendt 2_0,20210917,102808,43,1,1415,2291,1503,2365,08_06/Ukendt 2_0/101_WSCT/WSCT9289.JPG
08_06,Ukendt 2_0,20210917,103108,40,1,3282,1290,3381,1363,08_06/Ukendt 2_0/101_WSCT/WSCT9292.JPG
08_06,Ukendt 2_0,20210917,103308,36,1,1788,506,1875,566,08_06/Ukendt 2_0/101_WSCT/WSCT9294.JPG
08_06,Ukendt 2_0,20210917,103308,45,1,80,1946,173,2027,08_06/Ukendt 2_0/101_WSCT/WSCT9294.JPG
08_06,Ukendt 2_0,20210917,103308,76,1,3970,851,4076,916,08_06/Ukendt 2_0/101_WSCT/WSCT9294.JPG
08_06,Ukendt 2_0,20210917,103508,76,1,2417,1517,2544,1596,08_06/Ukendt 2_0/101_WSCT/WSCT9296.JPG
08_06,Ukendt 2_0,20210917,103614,74,1,2416,1516,2541,1594,08_06/Ukendt 2_0/101_WSCT/WSCT9297.JPG
08_06,Ukendt 2_0,20210917,103716,81,1,2399,1517,2530,1595,08_06/Ukendt 2_0/101_WSCT/WSCT9298.JPG
08_06,Ukendt 2_0,20210917,103816,29,1,2399,1517,2530,1595,08_06/Ukendt 2_0/101_WSCT/WSCT9299.JPG
08_06,Ukendt 2_0,20210917,103916,79,1,829,2014,931,2090,08_06/Ukendt 2_0/101_WSCT/WSCT9300.JPG
08_06,Ukendt 2_0,20210917,103916,82,1,2396,1516,2530,1594,08_06/Ukendt 2_0/101_WSCT/WSCT9300.JPG
08_06,Ukendt 2_0,20210917,104016,34,1,833,1958,911,2060,08_06/Ukendt 2_0/101_WSCT/WSCT9301.JPG
08_06,Ukendt 2_0,20210917,104016,45,1,1196,1902,1278,2006,08_06/Ukendt 2_0/101_WSCT/WSCT9301.JPG
08_06,Ukendt 2_0,20210917,104016,46,1,2764,854,2845,945,08_06/Ukendt 2_0/101_WSCT/WSCT9301.JPG
08_06,Ukendt 2_0,20210917,104016,82,1,2394,1516,2520,1601,08_06/Ukendt 2_0/101_WSCT/WSCT9301.JPG
08_06,Ukendt 2_0,20210917,104116,67,1,2459,1523,2559,1597,08_06/Ukendt 2_0/101_WSCT/WSCT9302.JPG
08_06,Ukendt 2_0,20210917,104216,70,1,2700,641,2783,754,08_06/Ukendt 2_0/101_WSCT/WSCT9303.JPG
08_06,Ukendt 2_0,20210917,104316,84,1,3309,2203,3410,2317,08_06/Ukendt 2_0/101_WSCT/WSCT9304.JPG
08_06,Ukendt 2_0,20210917,104416,87,1,2173,1565,2296,1660,08_06/Ukendt 2_0/101_WSCT/WSCT9305.JPG
08_06,Ukendt 2_0,20210917,104716,42,1,825,417,897,508,08_06/Ukendt 2_0/101_WSCT/WSCT9308.JPG
08_06,Ukendt 2_0,20210917,104716,85,1,2173,1567,2292,1658,08_06/Ukendt 2_0/101_WSCT/WSCT9308.JPG
08_06,Ukendt 2_0,20210917,105116,89,1,2632,712,2731,838,08_06/Ukendt 2_0/101_WSCT/WSCT9312.JPG
08_06,Ukendt 2_0,20210917,105216,81,1,2465,1637,2568,1711,08_06/Ukendt 2_0/101_WSCT/WSCT9313.JPG
08_06,Ukendt 2_0,20210917,105616,65,1,1700,964,1811,1058,08_06/Ukendt 2_0/101_WSCT/WSCT9317.JPG
08_06,Ukendt 2_0,20210917,105716,40,1,1591,1389,1700,1458,08_06/Ukendt 2_0/101_WSCT/WSCT9318.JPG
08_06,Ukendt 2_0,20210917,105816,89,1,2271,1338,2370,1470,08_06/Ukendt 2_0/101_WSCT/WSCT9319.JPG
08_06,Ukendt 2_0,20210917,105916,90,1,2351,1315,2443,1416,08_06/Ukendt 2_0/101_WSCT/WSCT9320.JPG
08_06,Ukendt 2_0,20210917,110016,80,1,1691,1014,1791,1137,08_06/Ukendt 2_0/101_WSCT/WSCT9321.JPG
08_06,Ukendt 2_0,20210917,110116,28,1,1670,1170,1766,1269,08_06/Ukendt 2_0/101_WSCT/WSCT9322.JPG
08_06,Ukendt 2_0,20210917,110116,29,1,2747,987,2842,1077,08_06/Ukendt 2_0/101_WSCT/WSCT9322.JPG
08_06,Ukendt 2_0,20210917,110616,28,1,1552,995,1636,1047,08_06/Ukendt 2_0/101_WSCT/WSCT9327.JPG
08_06,Ukendt 2_0,20210917,110616,53,1,3219,2225,3346,2317,08_06/Ukendt 2_0/101_WSCT/WSCT9327.JPG
08_06,Ukendt 2_0,20210917,110716,36,1,416,1954,506,2029,08_06/Ukendt 2_0/101_WSCT/WSCT9328.JPG
08_06,Ukendt 2_0,20210917,110716,77,1,1613,672,1709,740,08_06/Ukendt 2_0/101_WSCT/WSCT9328.JPG
08_06,Ukendt 2_0,20210917,111116,78,1,3140,1841,3232,1948,08_06/Ukendt 2_0/101_WSCT/WSCT9332.JPG
08_06,Ukendt 2_0,20210917,111216,72,1,3995,832,4072,918,08_06/Ukendt 2_0/101_WSCT/WSCT9333.JPG
08_06,Ukendt 2_0,20210917,112414,58,1,2938,1725,3069,1809,08_06/Ukendt 2_0/101_WSCT/WSCT9345.JPG
08_06,Ukendt 2_0,20210917,112614,84,1,2779,1088,2884,1211,08_06/Ukendt 2_0/101_WSCT/WSCT9347.JPG
08_06,Ukendt 2_0,20210917,112814,25,1,3755,1809,3883,1935,08_06/Ukendt 2_0/101_WSCT/WSCT9349.JPG
08_06,Ukendt 2_0,20210917,114716,69,1,744,1106,826,1212,08_06/Ukendt 2_0/101_WSCT/WSCT9368.JPG
08_06,Ukendt 2_0,20210917,114716,73,1,3116,1885,3205,1982,08_06/Ukendt 2_0/101_WSCT/WSCT9368.JPG
08_06,Ukendt 2_0,20210917,114816,35,1,388,2207,504,2308,08_06/Ukendt 2_0/101_WSCT/WSCT9369.JPG
08_06,Ukendt 2_0,20210917,114816,46,1,1361,548,1449,649,08_06/Ukendt 2_0/101_WSCT/WSCT9369.JPG
08_06,Ukendt 2_0,20210917,114916,86,1,289,2190,447,2283,08_06/Ukendt 2_0/101_WSCT/WSCT9370.JPG
08_06,Ukendt 2_0,20210917,115116,87,1,2247,1454,2336,1568,08_06/Ukendt 2_0/101_WSCT/WSCT9372.JPG
08_06,Ukendt 2_0,20210917,115216,63,1,2240,1449,2339,1572,08_06/Ukendt 2_0/101_WSCT/WSCT9373.JPG
08_06,Ukendt 2_0,20210917,115316,81,1,2697,584,2793,651,08_06/Ukendt 2_0/101_WSCT/WSCT9374.JPG
08_06,Ukendt 2_0,20210917,115516,77,1,2423,1946,2499,2035,08_06/Ukendt 2_0/101_WSCT/WSCT9376.JPG
08_06,Ukendt 2_0,20210917,115616,39,1,2010,1606,2088,1679,08_06/Ukendt 2_0/101_WSCT/WSCT9377.JPG
08_06,Ukendt 2_0,20210917,120016,66,1,3445,1334,3598,1453,08_06/Ukendt 2_0/101_WSCT/WSCT9381.JPG
08_06,Ukendt 2_0,20210917,120322,78,1,1205,1874,1284,1971,08_06/Ukendt 2_0/101_WSCT/WSCT9384.JPG
08_06,Ukendt 2_0,20210917,120322,87,1,1419,1112,1550,1207,08_06/Ukendt 2_0/101_WSCT/WSCT9384.JPG
08_06,Ukendt 2_0,20210917,120422,85,1,3952,1300,4051,1390,08_06/Ukendt 2_0/101_WSCT/WSCT9385.JPG
08_06,Ukendt 2_0,20210917,120922,84,1,1472,1281,1589,1379,08_06/Ukendt 2_0/101_WSCT/WSCT9390.JPG
08_06,Ukendt 2_0,20210917,121022,67,1,2223,1310,2347,1398,08_06/Ukendt 2_0/101_WSCT/WSCT9391.JPG
08_06,Ukendt 2_0,20210917,121222,50,1,1123,807,1207,899,08_06/Ukendt 2_0/101_WSCT/WSCT9393.JPG
08_06,Ukendt 2_0,20210917,121922,84,1,1509,1106,1598,1173,08_06/Ukendt 2_0/101_WSCT/WSCT9400.JPG
08_06,Ukendt 2_0,20210917,123222,85,1,2559,2137,2650,2255,08_06/Ukendt 2_0/101_WSCT/WSCT9413.JPG
08_06,Ukendt 2_0,20210917,123322,81,1,288,236,363,329,08_06/Ukendt 2_0/101_WSCT/WSCT9414.JPG
08_06,Ukendt 2_0,20210917,123622,92,1,1051,599,1352,1170,08_06/Ukendt 2_0/101_WSCT/WSCT9417.JPG
08_06,Ukendt 2_0,20210917,123722,63,1,479,1111,560,1206,08_06/Ukendt 2_0/101_WSCT/WSCT9418.JPG
08_06,Ukendt 2_0,20210917,123822,33,1,442,1097,551,1178,08_06/Ukendt 2_0/101_WSCT/WSCT9419.JPG
08_06,Ukendt 2_0,20210917,124722,52,1,127,1713,208,1792,08_06/Ukendt 2_0/101_WSCT/WSCT9428.JPG
08_06,Ukendt 2_0,20210917,124922,61,1,3605,2218,3695,2301,08_06/Ukendt 2_0/101_WSCT/WSCT9430.JPG
08_06,Ukendt 2_0,20210917,125028,34,1,3598,1519,3701,1663,08_06/Ukendt 2_0/101_WSCT/WSCT9431.JPG
08_06,Ukendt 2_0,20210917,125028,62,1,540,1416,624,1523,08_06/Ukendt 2_0/101_WSCT/WSCT9431.JPG
08_06,Ukendt 2_0,20210917,125130,26,1,663,1257,747,1335,08_06/Ukendt 2_0/101_WSCT/WSCT9432.JPG
08_06,Ukendt 2_0,20210917,125130,64,1,1913,1929,2011,2074,08_06/Ukendt 2_0/101_WSCT/WSCT9432.JPG
08_06,Ukendt 2_0,20210917,125230,38,1,1324,1200,1420,1308,08_06/Ukendt 2_0/101_WSCT/WSCT9433.JPG
08_06,Ukendt 2_0,20210917,125430,33,1,2356,666,2465,743,08_06/Ukendt 2_0/101_WSCT/WSCT9435.JPG
08_06,Ukendt 2_0,20210917,125830,83,1,1634,1860,1729,1958,08_06/Ukendt 2_0/101_WSCT/WSCT9439.JPG
08_06,Ukendt 2_0,20210917,125928,31,1,1342,1424,1443,1504,08_06/Ukendt 2_0/101_WSCT/WSCT9440.JPG
08_06,Ukendt 2_0,20210917,130028,76,1,2054,1727,2138,1795,08_06/Ukendt 2_0/101_WSCT/WSCT9441.JPG
08_06,Ukendt 2_0,20210917,130228,34,1,489,878,562,957,08_06/Ukendt 2_0/101_WSCT/WSCT9443.JPG
08_06,Ukendt 2_0,20210917,130530,73,1,3374,1816,3467,1912,08_06/Ukendt 2_0/101_WSCT/WSCT9446.JPG
08_06,Ukendt 2_0,20210917,130730,78,1,2486,610,2595,678,08_06/Ukendt 2_0/101_WSCT/WSCT9448.JPG
08_06,Ukendt 2_0,20210917,130830,46,1,2315,1888,2422,1965,08_06/Ukendt 2_0/101_WSCT/WSCT9449.JPG
08_06,Ukendt 2_0,20210917,130830,71,1,2482,609,2590,676,08_06/Ukendt 2_0/101_WSCT/WSCT9449.JPG
08_06,Ukendt 2_0,20210917,130830,76,1,1776,1333,1862,1407,08_06/Ukendt 2_0/101_WSCT/WSCT9449.JPG
08_06,Ukendt 2_0,20210917,130930,31,1,3915,2230,4012,2299,08_06/Ukendt 2_0/101_WSCT/WSCT9450.JPG
08_06,Ukendt 2_0,20210917,130930,81,1,2322,1871,2426,1971,08_06/Ukendt 2_0/101_WSCT/WSCT9450.JPG
08_06,Ukendt 2_0,20210917,131028,29,1,2317,1887,2421,1964,08_06/Ukendt 2_0/101_WSCT/WSCT9451.JPG
08_06,Ukendt 2_0,20210917,131028,47,1,773,1078,859,1170,08_06/Ukendt 2_0/101_WSCT/WSCT9451.JPG
08_06,Ukendt 2_0,20210917,131130,76,1,3948,1262,4025,1359,08_06/Ukendt 2_0/101_WSCT/WSCT9452.JPG
08_06,Ukendt 2_0,20210917,131530,84,1,3343,1810,3437,1918,08_06/Ukendt 2_0/101_WSCT/WSCT9456.JPG
08_06,Ukendt 2_0,20210917,131830,33,1,3954,1526,4042,1623,08_06/Ukendt 2_0/101_WSCT/WSCT9459.JPG
08_06,Ukendt 2_0,20210917,132030,85,1,987,912,1078,1018,08_06/Ukendt 2_0/101_WSCT/WSCT9461.JPG
08_06,Ukendt 2_0,20210917,132130,90,1,2231,525,2329,643,08_06/Ukendt 2_0/101_WSCT/WSCT9462.JPG
08_06,Ukendt 2_0,20210917,132430,90,1,3325,1775,3438,1892,08_06/Ukendt 2_0/101_WSCT/WSCT9465.JPG
08_06,Ukendt 2_0,20210917,132530,86,1,623,1221,724,1339,08_06/Ukendt 2_0/101_WSCT/WSCT9466.JPG
08_06,Ukendt 2_0,20210917,132730,32,1,1870,2123,1952,2197,08_06/Ukendt 2_0/101_WSCT/WSCT9468.JPG
08_06,Ukendt 2_0,20210917,133030,28,1,3675,1251,3767,1354,08_06/Ukendt 2_0/101_WSCT/WSCT9471.JPG
08_06,Ukendt 2_0,20210917,133130,45,1,580,2053,673,2117,08_06/Ukendt 2_0/101_WSCT/WSCT9472.JPG
08_06,Ukendt 2_0,20210917,133630,80,1,380,1726,491,1841,08_06/Ukendt 2_0/101_WSCT/WSCT9477.JPG
08_06,Ukendt 2_0,20210917,134730,65,1,899,310,980,376,08_06/Ukendt 2_0/101_WSCT/WSCT9488.JPG
08_06,Ukendt 2_0,20210917,135030,31,1,1788,1279,1871,1358,08_06/Ukendt 2_0/101_WSCT/WSCT9491.JPG
08_06,Ukendt 2_0,20210917,135030,65,1,3676,403,3756,495,08_06/Ukendt 2_0/101_WSCT/WSCT9491.JPG
08_06,Ukendt 2_0,20210917,135030,71,1,2479,2061,2570,2130,08_06/Ukendt 2_0/101_WSCT/WSCT9491.JPG
08_06,Ukendt 2_0,20210917,135430,41,1,1603,618,1704,685,08_06/Ukendt 2_0/101_WSCT/WSCT9495.JPG
08_06,Ukendt 2_0,20210917,135830,71,1,2271,1983,2365,2047,08_06/Ukendt 2_0/101_WSCT/WSCT9499.JPG
08_06,Ukendt 2_0,20210917,135930,66,1,1980,1316,2071,1388,08_06/Ukendt 2_0/101_WSCT/WSCT9500.JPG
08_06,Ukendt 2_0,20210917,140230,54,1,1293,2233,1380,2329,08_06/Ukendt 2_0/101_WSCT/WSCT9503.JPG
08_06,Ukendt 2_0,20210917,140330,92,1,480,227,854,784,08_06/Ukendt 2_0/101_WSCT/WSCT9504.JPG
08_06,Ukendt 2_0,20210917,140930,45,1,974,981,1076,1055,08_06/Ukendt 2_0/101_WSCT/WSCT9510.JPG
08_06,Ukendt 2_0,20210917,142330,71,1,1666,1918,1743,2001,08_06/Ukendt 2_0/101_WSCT/WSCT9524.JPG
08_06,Ukendt 2_0,20210917,142730,86,1,2359,1311,2459,1412,08_06/Ukendt 2_0/101_WSCT/WSCT9528.JPG
08_06,Ukendt 2_0,20210917,142830,70,1,2454,1236,2568,1330,08_06/Ukendt 2_0/101_WSCT/WSCT9529.JPG
08_06,Ukendt 2_0,20210917,143228,64,1,2354,198,2444,253,08_06/Ukendt 2_0/101_WSCT/WSCT9533.JPG
08_06,Ukendt 2_0,20210917,144030,52,1,1765,1296,1835,1374,08_06/Ukendt 2_0/101_WSCT/WSCT9541.JPG
08_06,Ukendt 2_0,20210917,144130,39,1,699,1772,799,1840,08_06/Ukendt 2_0/101_WSCT/WSCT9542.JPG
08_06,Ukendt 2_0,20210917,144130,43,1,838,913,919,988,08_06/Ukendt 2_0/101_WSCT/WSCT9542.JPG
08_06,Ukendt 2_0,20210917,144530,85,1,783,1195,882,1271,08_06/Ukendt 2_0/101_WSCT/WSCT9546.JPG
08_06,Ukendt 2_0,20210917,145930,35,1,2340,347,2426,404,08_06/Ukendt 2_0/101_WSCT/WSCT9560.JPG
08_06,Ukendt 2_0,20210917,145930,47,1,208,1690,276,1751,08_06/Ukendt 2_0/101_WSCT/WSCT9560.JPG
08_06,Ukendt 2_0,20210917,150130,42,1,2839,995,2932,1108,08_06/Ukendt 2_0/101_WSCT/WSCT9562.JPG
08_06,Ukendt 2_0,20210917,150630,77,1,1221,1561,1305,1657,08_06/Ukendt 2_0/101_WSCT/WSCT9567.JPG
08_06,Ukendt 2_0,20210917,151030,77,1,2624,628,2713,711,08_06/Ukendt 2_0/101_WSCT/WSCT9571.JPG
08_06,Ukendt 2_0,20210917,151130,57,1,3149,1382,3261,1474,08_06/Ukendt 2_0/101_WSCT/WSCT9572.JPG
08_06,Ukendt 2_0,20210917,151130,66,1,2286,83,2378,143,08_06/Ukendt 2_0/101_WSCT/WSCT9572.JPG
08_06,Ukendt 2_0,20210917,151430,50,1,1708,1057,1821,1205,08_06/Ukendt 2_0/101_WSCT/WSCT9575.JPG
08_06,Ukendt 2_0,20210917,151530,69,1,1944,1499,2023,1564,08_06/Ukendt 2_0/101_WSCT/WSCT9576.JPG
08_06,Ukendt 2_0,20210917,151730,75,1,3418,1263,3591,1458,08_06/Ukendt 2_0/101_WSCT/WSCT9578.JPG
08_06,Ukendt 2_0,20210917,152030,70,1,1202,816,1293,880,08_06/Ukendt 2_0/101_WSCT/WSCT9581.JPG
08_06,Ukendt 2_0,20210917,152130,47,1,682,630,785,702,08_06/Ukendt 2_0/101_WSCT/WSCT9582.JPG
08_06,Ukendt 2_0,20210917,152330,54,1,2709,1912,2806,1997,08_06/Ukendt 2_0/101_WSCT/WSCT9584.JPG
08_06,Ukendt 2_0,20210917,153630,88,1,3295,1786,3444,1885,08_06/Ukendt 2_0/101_WSCT/WSCT9597.JPG
08_06,Ukendt 2_0,20210917,154230,71,1,1870,2293,1946,2372,08_06/Ukendt 2_0/101_WSCT/WSCT9603.JPG
08_06,Ukendt 2_0,20210917,154730,45,1,2858,1478,2945,1578,08_06/Ukendt 2_0/101_WSCT/WSCT9608.JPG
08_06,Ukendt 2_0,20210917,155136,92,1,3542,1072,3965,1682,08_06/Ukendt 2_0/101_WSCT/WSCT9612.JPG
08_06,Ukendt 2_0,20210917,155236,90,1,3780,1406,4182,1723,08_06/Ukendt 2_0/101_WSCT/WSCT9613.JPG
08_06,Ukendt 2_0,20210917,155336,67,1,3526,1322,3943,1499,08_06/Ukendt 2_0/101_WSCT/WSCT9614.JPG
08_06,Ukendt 2_0,20210917,155336,85,1,6,1730,108,1872,08_06/Ukendt 2_0/101_WSCT/WSCT9614.JPG
08_06,Ukendt 2_0,20210917,160536,39,1,3948,1523,4047,1591,08_06/Ukendt 2_0/101_WSCT/WSCT9626.JPG
08_06,Ukendt 2_0,20210917,160636,44,1,0,648,41,742,08_06/Ukendt 2_0/101_WSCT/WSCT9627.JPG
08_06,Ukendt 2_0,20210917,161136,84,1,189,1584,274,1684,08_06/Ukendt 2_0/101_WSCT/WSCT9632.JPG
08_06,Ukendt 2_0,20210917,162036,34,1,3657,950,3825,1050,08_06/Ukendt 2_0/101_WSCT/WSCT9641.JPG
08_06,Ukendt 2_0,20210917,162136,90,1,3780,1439,3951,1569,08_06/Ukendt 2_0/101_WSCT/WSCT9642.JPG
08_06,Ukendt 2_0,20210917,162236,63,1,607,1463,681,1543,08_06/Ukendt 2_0/101_WSCT/WSCT9643.JPG
08_06,Ukendt 2_0,20210917,162836,28,1,3790,1597,3877,1700,08_06/Ukendt 2_0/101_WSCT/WSCT9649.JPG
08_06,Ukendt 2_0,20210917,163336,91,1,1583,1311,1719,1549,08_06/Ukendt 2_0/101_WSCT/WSCT9654.JPG
08_06,Ukendt 2_0,20210917,163836,28,1,2849,1579,2947,1647,08_06/Ukendt 2_0/101_WSCT/WSCT9659.JPG
08_06,Ukendt 2_0,20210917,164236,84,1,0,1768,79,1865,08_06/Ukendt 2_0/101_WSCT/WSCT9663.JPG
08_06,Ukendt 2_0,20210917,165936,30,1,3971,1985,4052,2060,08_06/Ukendt 2_0/101_WSCT/WSCT9680.JPG
08_06,Ukendt 2_0,20210917,171136,88,1,3553,1328,3955,2010,08_06/Ukendt 2_0/101_WSCT/WSCT9692.JPG
08_06,Ukendt 2_0,20210917,171336,47,1,2425,1808,2528,1934,08_06/Ukendt 2_0/101_WSCT/WSCT9694.JPG
08_06,Ukendt 2_0,20210917,171436,27,1,554,1659,628,1721,08_06/Ukendt 2_0/101_WSCT/WSCT9695.JPG
08_06,Ukendt 2_0,20210917,172236,37,1,1505,626,1582,710,08_06/Ukendt 2_0/101_WSCT/WSCT9703.JPG
08_06,Ukendt 2_0,20210917,172436,39,1,1584,2256,1663,2319,08_06/Ukendt 2_0/101_WSCT/WSCT9705.JPG
08_06,Ukendt 2_0,20210917,174236,32,1,2875,1350,2957,1453,08_06/Ukendt 2_0/101_WSCT/WSCT9723.JPG
08_06,Ukendt 2_0,20210917,175136,52,1,2079,564,2160,656,08_06/Ukendt 2_0/101_WSCT/WSCT9732.JPG
08_06,Ukendt 2_0,20210917,183036,30,1,3255,1983,3372,2073,08_06/Ukendt 2_0/101_WSCT/WSCT9771.JPG
08_06,Ukendt 2_0,20210917,183236,33,1,3806,2233,3906,2336,08_06/Ukendt 2_0/101_WSCT/WSCT9773.JPG
08_06,Ukendt 2_0,20210917,184136,78,1,781,906,861,998,08_06/Ukendt 2_0/101_WSCT/WSCT9782.JPG
08_06,Ukendt 2_0,20210917,185336,62,1,1158,1191,1238,1282,08_06/Ukendt 2_0/101_WSCT/WSCT9794.JPG
08_06,Ukendt 2_0,20210917,185436,80,1,1406,485,1498,602,08_06/Ukendt 2_0/101_WSCT/WSCT9795.JPG
08_06,Ukendt 2_0,20210917,185536,39,1,2547,1946,2635,2042,08_06/Ukendt 2_0/101_WSCT/WSCT9796.JPG
08_06,Ukendt 2_0,20210917,185636,59,1,2126,1904,2205,1978,08_06/Ukendt 2_0/101_WSCT/WSCT9797.JPG
08_06,Ukendt 2_0,20210917,191736,59,1,1922,1616,2015,1679,08_06/Ukendt 2_0/101_WSCT/WSCT9818.JPG
08_06,Ukendt 2_0,20210917,193336,38,1,2786,925,2879,1048,08_06/Ukendt 2_0/101_WSCT/WSCT9834.JPG
08_06,Ukendt 2_0,20210917,193336,55,1,2849,1841,2937,1946,08_06/Ukendt 2_0/101_WSCT/WSCT9834.JPG
08_06,Ukendt 2_0,20210917,194436,80,1,2516,1560,2635,1632,08_06/Ukendt 2_0/101_WSCT/WSCT9845.JPG
08_06,Ukendt 2_0,20210917,195036,34,1,2962,712,3053,794,08_06/Ukendt 2_0/101_WSCT/WSCT9851.JPG
08_06,Ukendt 2_0,20210917,202836,26,1,2889,1884,2997,2023,08_06/Ukendt 2_0/101_WSCT/WSCT9889.JPG
08_06,Ukendt 2_0,20210917,203036,60,1,3059,2045,3169,2188,08_06/Ukendt 2_0/101_WSCT/WSCT9891.JPG
08_06,Ukendt 2_0,20210917,204636,76,1,1931,1652,2028,1719,08_06/Ukendt 2_0/101_WSCT/WSCT9907.JPG
08_06,Ukendt 2_0,20210917,205236,44,1,1563,1378,1679,1449,08_06/Ukendt 2_0/101_WSCT/WSCT9913.JPG
08_06,Ukendt 2_0,20210917,205736,31,1,414,1253,492,1309,08_06/Ukendt 2_0/101_WSCT/WSCT9918.JPG
08_06,Ukendt 2_0,20210917,211036,60,1,121,2183,201,2240,08_06/Ukendt 2_0/101_WSCT/WSCT9931.JPG
08_06,Ukendt 2_0,20210917,212236,25,1,364,2177,440,2229,08_06/Ukendt 2_0/101_WSCT/WSCT9943.JPG
08_06,Ukendt 2_0,20210918,060000,62,1,305,1577,407,1688,08_06/Ukendt 2_0/101_WSCT/WSCT9981.JPG
