12_01,ECOS05,20210604,165436,40,1,0,0,1268,1211,12_01/ECOS05/101_WSCT/WSCT0695.JPG
12_01,ECOS05,20210604,170238,64,1,3513,0,4224,1093,12_01/ECOS05/101_WSCT/WSCT0703.JPG
12_01,ECOS05,20210604,170538,62,1,1877,1325,1992,1462,12_01/ECOS05/101_WSCT/WSCT0706.JPG
12_01,ECOS05,20210604,200446,70,1,315,1211,391,1291,12_01/ECOS05/101_WSCT/WSCT0885.JPG
12_01,ECOS05,20210604,201146,64,1,1477,187,1552,283,12_01/ECOS05/101_WSCT/WSCT0892.JPG
12_01,ECOS05,20210604,205858,39,1,1248,299,1315,376,12_01/ECOS05/101_WSCT/WSCT0939.JPG
12_01,ECOS05,20210604,211458,65,1,3288,451,3391,513,12_01/ECOS05/101_WSCT/WSCT0955.JPG
12_01,ECOS05,20210604,211758,54,1,796,591,869,667,12_01/ECOS05/101_WSCT/WSCT0958.JPG
12_01,ECOS05,20210604,223058,26,1,1932,249,2031,365,12_01/ECOS05/101_WSCT/WSCT1031.JPG
12_01,ECOS05,20210604,225058,58,1,0,761,61,837,12_01/ECOS05/101_WSCT/WSCT1051.JPG
12_01,ECOS05,20210605,101016,26,1,78,890,139,951,12_01/ECOS05/101_WSCT/WSCT1251.JPG
12_01,ECOS05,20210605,101416,34,1,2359,822,2439,884,12_01/ECOS05/101_WSCT/WSCT1255.JPG
12_01,ECOS05,20210605,102016,29,1,4111,2167,4222,2232,12_01/ECOS05/101_WSCT/WSCT1261.JPG
12_01,ECOS05,20210605,103016,69,1,2597,1687,2690,1779,12_01/ECOS05/101_WSCT/WSCT1271.JPG
12_01,ECOS05,20210605,111616,65,1,3290,1285,3377,1397,12_01/ECOS05/101_WSCT/WSCT1317.JPG
12_01,ECOS05,20210605,113922,36,1,1213,1547,1299,1646,12_01/ECOS05/101_WSCT/WSCT1340.JPG
12_01,ECOS05,20210605,114222,41,1,2333,766,2425,832,12_01/ECOS05/101_WSCT/WSCT1343.JPG
12_01,ECOS05,20210605,124022,47,1,1938,1885,2033,1972,12_01/ECOS05/101_WSCT/WSCT1401.JPG
12_01,ECOS05,20210605,124122,29,1,1941,1888,2034,1973,12_01/ECOS05/101_WSCT/WSCT1402.JPG
12_01,ECOS05,20210605,124222,29,1,1941,1886,2036,1974,12_01/ECOS05/101_WSCT/WSCT1403.JPG
12_01,ECOS05,20210605,125922,43,1,530,2102,632,2216,12_01/ECOS05/101_WSCT/WSCT1420.JPG
12_01,ECOS05,20210605,150122,25,1,2488,745,2565,822,12_01/ECOS05/101_WSCT/WSCT1542.JPG
12_01,ECOS05,20210605,165022,56,1,3781,930,3858,980,12_01/ECOS05/101_WSCT/WSCT1651.JPG
12_01,ECOS05,20210605,165922,77,1,3390,1116,3486,1221,12_01/ECOS05/101_WSCT/WSCT1660.JPG
12_01,ECOS05,20210605,170022,76,1,3388,1126,3489,1230,12_01/ECOS05/101_WSCT/WSCT1661.JPG
12_01,ECOS05,20210605,173322,28,1,809,1070,872,1136,12_01/ECOS05/101_WSCT/WSCT1694.JPG
12_01,ECOS05,20210605,180622,85,1,2398,776,2508,848,12_01/ECOS05/101_WSCT/WSCT1727.JPG
12_01,ECOS05,20210605,180722,83,1,2399,774,2511,849,12_01/ECOS05/101_WSCT/WSCT1728.JPG
12_01,ECOS05,20210605,180822,85,1,2398,774,2509,848,12_01/ECOS05/101_WSCT/WSCT1729.JPG
12_01,ECOS05,20210605,192522,86,1,2131,1155,2207,1256,12_01/ECOS05/101_WSCT/WSCT1806.JPG
12_01,ECOS05,20210605,192622,30,1,474,2261,563,2354,12_01/ECOS05/101_WSCT/WSCT1807.JPG
12_01,ECOS05,20210605,203622,58,1,3503,81,3584,177,12_01/ECOS05/101_WSCT/WSCT1877.JPG
12_01,ECOS05,20210606,070002,74,1,540,1518,630,1611,12_01/ECOS05/101_WSCT/WSCT2021.JPG
12_01,ECOS05,20210606,070102,82,1,3124,1840,3224,1905,12_01/ECOS05/101_WSCT/WSCT2022.JPG
12_01,ECOS05,20210606,070202,45,1,4003,1892,4115,1959,12_01/ECOS05/101_WSCT/WSCT2023.JPG
12_01,ECOS05,20210606,091202,26,1,2448,686,2554,766,12_01/ECOS05/101_WSCT/WSCT2153.JPG
12_01,ECOS05,20210606,091602,63,1,2438,690,2527,803,12_01/ECOS05/101_WSCT/WSCT2157.JPG
12_01,ECOS05,20210606,092202,72,1,2436,695,2523,802,12_01/ECOS05/101_WSCT/WSCT2163.JPG
12_01,ECOS05,20210606,101102,86,1,149,2011,234,2117,12_01/ECOS05/101_WSCT/WSCT2212.JPG
12_01,ECOS05,20210606,101202,78,1,1133,1248,1230,1310,12_01/ECOS05/101_WSCT/WSCT2213.JPG
12_01,ECOS05,20210606,114908,86,1,3874,865,3971,977,12_01/ECOS05/101_WSCT/WSCT2310.JPG
12_01,ECOS05,20210606,123308,64,1,1187,1074,1282,1163,12_01/ECOS05/101_WSCT/WSCT2354.JPG
12_01,ECOS05,20210606,132408,28,1,3884,1366,4001,1444,12_01/ECOS05/101_WSCT/WSCT2405.JPG
12_01,ECOS05,20210606,172108,26,1,2712,973,2965,1154,12_01/ECOS05/101_WSCT/WSCT2642.JPG
12_01,ECOS05,20210606,175408,43,1,2620,1396,2728,1477,12_01/ECOS05/101_WSCT/WSCT2675.JPG
12_01,ECOS05,20210606,175608,35,1,2618,1393,2744,1480,12_01/ECOS05/101_WSCT/WSCT2677.JPG
12_01,ECOS05,20210606,180108,29,1,4081,1267,4201,1338,12_01/ECOS05/101_WSCT/WSCT2682.JPG
12_01,ECOS05,20210606,183008,43,1,2344,2193,2440,2295,12_01/ECOS05/101_WSCT/WSCT2711.JPG
12_01,ECOS05,20210606,185508,65,1,2552,2260,2651,2369,12_01/ECOS05/101_WSCT/WSCT2736.JPG
12_01,ECOS05,20210606,190108,31,1,2553,2260,2654,2369,12_01/ECOS05/101_WSCT/WSCT2742.JPG
12_01,ECOS05,20210606,190408,60,1,1083,2280,1203,2365,12_01/ECOS05/101_WSCT/WSCT2745.JPG
12_01,ECOS05,20210606,190908,51,1,1068,2281,1178,2376,12_01/ECOS05/101_WSCT/WSCT2750.JPG
12_01,ECOS05,20210606,191108,70,1,1862,1272,1947,1383,12_01/ECOS05/101_WSCT/WSCT2752.JPG
12_01,ECOS05,20210606,191108,89,1,1497,310,1584,434,12_01/ECOS05/101_WSCT/WSCT2752.JPG
12_01,ECOS05,20210606,191208,84,1,1393,375,1482,512,12_01/ECOS05/101_WSCT/WSCT2753.JPG
12_01,ECOS05,20210606,191308,57,1,1390,398,1475,521,12_01/ECOS05/101_WSCT/WSCT2754.JPG
12_01,ECOS05,20210606,191308,85,1,1929,1481,1998,1566,12_01/ECOS05/101_WSCT/WSCT2754.JPG
12_01,ECOS05,20210606,191408,87,1,1793,1793,1893,1879,12_01/ECOS05/101_WSCT/WSCT2755.JPG
12_01,ECOS05,20210606,191608,79,1,1385,391,1473,517,12_01/ECOS05/101_WSCT/WSCT2757.JPG
12_01,ECOS05,20210606,191708,81,1,1377,397,1471,518,12_01/ECOS05/101_WSCT/WSCT2758.JPG
12_01,ECOS05,20210606,191808,35,1,848,1352,957,1464,12_01/ECOS05/101_WSCT/WSCT2759.JPG
12_01,ECOS05,20210606,191808,75,1,1382,404,1473,519,12_01/ECOS05/101_WSCT/WSCT2759.JPG
12_01,ECOS05,20210606,191908,88,1,1277,404,1371,522,12_01/ECOS05/101_WSCT/WSCT2760.JPG
12_01,ECOS05,20210606,192008,74,1,1278,401,1372,520,12_01/ECOS05/101_WSCT/WSCT2761.JPG
12_01,ECOS05,20210606,192108,83,1,1299,403,1390,554,12_01/ECOS05/101_WSCT/WSCT2762.JPG
12_01,ECOS05,20210606,192208,75,1,1286,403,1379,552,12_01/ECOS05/101_WSCT/WSCT2763.JPG
12_01,ECOS05,20210606,192308,71,1,1274,449,1384,555,12_01/ECOS05/101_WSCT/WSCT2764.JPG
12_01,ECOS05,20210606,192410,33,1,853,1352,945,1467,12_01/ECOS05/101_WSCT/WSCT2765.JPG
12_01,ECOS05,20210606,192410,52,1,1273,448,1383,558,12_01/ECOS05/101_WSCT/WSCT2765.JPG
12_01,ECOS05,20210606,192510,60,1,1272,450,1384,559,12_01/ECOS05/101_WSCT/WSCT2766.JPG
12_01,ECOS05,20210606,192510,85,1,765,1408,863,1476,12_01/ECOS05/101_WSCT/WSCT2766.JPG
12_01,ECOS05,20210606,192608,52,1,818,1266,915,1339,12_01/ECOS05/101_WSCT/WSCT2767.JPG
12_01,ECOS05,20210606,192608,82,1,1275,452,1379,559,12_01/ECOS05/101_WSCT/WSCT2767.JPG
12_01,ECOS05,20210606,192708,49,1,842,1008,957,1120,12_01/ECOS05/101_WSCT/WSCT2768.JPG
12_01,ECOS05,20210606,192708,89,1,336,1291,444,1395,12_01/ECOS05/101_WSCT/WSCT2768.JPG
12_01,ECOS05,20210606,192808,79,1,926,872,1016,958,12_01/ECOS05/101_WSCT/WSCT2769.JPG
12_01,ECOS05,20210606,192808,85,1,1622,1767,1736,1867,12_01/ECOS05/101_WSCT/WSCT2769.JPG
12_01,ECOS05,20210606,192908,82,1,1633,1776,1762,1859,12_01/ECOS05/101_WSCT/WSCT2770.JPG
12_01,ECOS05,20210606,193008,77,1,1628,1776,1763,1860,12_01/ECOS05/101_WSCT/WSCT2771.JPG
12_01,ECOS05,20210606,193108,75,1,1631,1774,1760,1859,12_01/ECOS05/101_WSCT/WSCT2772.JPG
12_01,ECOS05,20210606,193108,87,1,93,1134,183,1252,12_01/ECOS05/101_WSCT/WSCT2772.JPG
12_01,ECOS05,20210606,193208,78,1,2,1211,97,1292,12_01/ECOS05/101_WSCT/WSCT2773.JPG
12_01,ECOS05,20210606,193208,83,1,1633,1773,1763,1858,12_01/ECOS05/101_WSCT/WSCT2773.JPG
12_01,ECOS05,20210606,193310,76,1,1,1210,98,1291,12_01/ECOS05/101_WSCT/WSCT2774.JPG
12_01,ECOS05,20210606,193408,77,1,1,1209,100,1290,12_01/ECOS05/101_WSCT/WSCT2775.JPG
12_01,ECOS05,20210606,193508,78,1,1,1209,97,1291,12_01/ECOS05/101_WSCT/WSCT2776.JPG
12_01,ECOS05,20210606,193608,76,1,2,1211,95,1290,12_01/ECOS05/101_WSCT/WSCT2777.JPG
12_01,ECOS05,20210606,210316,31,1,4180,1442,4224,1575,12_01/ECOS05/101_WSCT/WSCT2864.JPG
12_01,ECOS05,20210606,212716,87,1,1819,1556,1940,1632,12_01/ECOS05/101_WSCT/WSCT2888.JPG
12_01,ECOS05,20210606,212816,77,1,3131,1689,3217,1798,12_01/ECOS05/101_WSCT/WSCT2889.JPG
12_01,ECOS05,20210606,212916,81,1,3103,1568,3195,1669,12_01/ECOS05/101_WSCT/WSCT2890.JPG
12_01,ECOS05,20210606,213016,86,1,2669,1786,2759,1876,12_01/ECOS05/101_WSCT/WSCT2891.JPG
12_01,ECOS05,20210606,213116,90,1,2670,1776,2754,1889,12_01/ECOS05/101_WSCT/WSCT2892.JPG
12_01,ECOS05,20210607,090802,38,1,2536,1152,2607,1218,12_01/ECOS05/101_WSCT/WSCT3109.JPG
12_01,ECOS05,20210607,103708,42,1,3007,2144,3135,2250,12_01/ECOS05/101_WSCT/WSCT3198.JPG
12_01,ECOS05,20210607,104008,85,1,2152,2091,2246,2194,12_01/ECOS05/101_WSCT/WSCT3201.JPG
12_01,ECOS05,20210607,104108,56,1,2152,2091,2247,2195,12_01/ECOS05/101_WSCT/WSCT3202.JPG
12_01,ECOS05,20210607,104208,50,1,2153,2090,2247,2196,12_01/ECOS05/101_WSCT/WSCT3203.JPG
12_01,ECOS05,20210607,104308,79,1,2153,2092,2247,2195,12_01/ECOS05/101_WSCT/WSCT3204.JPG
12_01,ECOS05,20210607,104410,62,1,2154,2096,2251,2194,12_01/ECOS05/101_WSCT/WSCT3205.JPG
12_01,ECOS05,20210607,104708,31,1,2157,2098,2253,2191,12_01/ECOS05/101_WSCT/WSCT3208.JPG
12_01,ECOS05,20210607,104908,50,1,2163,2103,2253,2188,12_01/ECOS05/101_WSCT/WSCT3210.JPG
12_01,ECOS05,20210607,105108,44,1,1089,1173,1169,1254,12_01/ECOS05/101_WSCT/WSCT3212.JPG
12_01,ECOS05,20210607,105908,82,1,3779,1665,3897,1768,12_01/ECOS05/101_WSCT/WSCT3220.JPG
12_01,ECOS05,20210607,110008,87,1,3842,1694,3965,1775,12_01/ECOS05/101_WSCT/WSCT3221.JPG
12_01,ECOS05,20210607,110108,31,1,1091,1104,1185,1192,12_01/ECOS05/101_WSCT/WSCT3222.JPG
12_01,ECOS05,20210607,111208,60,1,819,1050,916,1146,12_01/ECOS05/101_WSCT/WSCT3233.JPG
12_01,ECOS05,20210607,111308,46,1,815,1047,915,1141,12_01/ECOS05/101_WSCT/WSCT3234.JPG
12_01,ECOS05,20210607,111408,29,1,812,1048,914,1148,12_01/ECOS05/101_WSCT/WSCT3235.JPG
12_01,ECOS05,20210607,111608,51,1,819,1045,917,1145,12_01/ECOS05/101_WSCT/WSCT3237.JPG
12_01,ECOS05,20210607,112008,60,1,2665,2278,2762,2368,12_01/ECOS05/101_WSCT/WSCT3241.JPG
12_01,ECOS05,20210607,112208,26,1,2672,2285,2757,2361,12_01/ECOS05/101_WSCT/WSCT3243.JPG
12_01,ECOS05,20210607,112908,46,1,2672,2283,2759,2365,12_01/ECOS05/101_WSCT/WSCT3250.JPG
12_01,ECOS05,20210607,113008,37,1,2684,2260,2775,2358,12_01/ECOS05/101_WSCT/WSCT3251.JPG
12_01,ECOS05,20210607,113210,58,1,1328,615,1404,704,12_01/ECOS05/101_WSCT/WSCT3253.JPG
12_01,ECOS05,20210607,114110,73,1,2684,2271,2772,2368,12_01/ECOS05/101_WSCT/WSCT3262.JPG
12_01,ECOS05,20210607,114810,70,1,1193,962,1278,1067,12_01/ECOS05/101_WSCT/WSCT3269.JPG
12_01,ECOS05,20210607,115708,69,1,2140,1974,2239,2037,12_01/ECOS05/101_WSCT/WSCT3278.JPG
12_01,ECOS05,20210607,115708,86,1,3747,1569,3847,1692,12_01/ECOS05/101_WSCT/WSCT3278.JPG
12_01,ECOS05,20210607,121122,50,1,1350,907,1429,963,12_01/ECOS05/101_WSCT/WSCT3292.JPG
12_01,ECOS05,20210607,121222,45,1,1321,856,1408,970,12_01/ECOS05/101_WSCT/WSCT3293.JPG
12_01,ECOS05,20210607,121624,25,1,1326,848,1405,948,12_01/ECOS05/101_WSCT/WSCT3297.JPG
12_01,ECOS05,20210607,121824,49,1,1327,845,1405,945,12_01/ECOS05/101_WSCT/WSCT3299.JPG
12_01,ECOS05,20210607,121922,50,1,1334,859,1406,934,12_01/ECOS05/101_WSCT/WSCT3300.JPG
12_01,ECOS05,20210607,122022,48,1,1331,852,1406,931,12_01/ECOS05/101_WSCT/WSCT3301.JPG
12_01,ECOS05,20210607,123322,83,1,3533,1808,3643,1982,12_01/ECOS05/101_WSCT/WSCT3314.JPG
12_01,ECOS05,20210607,124422,35,1,1327,866,1400,927,12_01/ECOS05/101_WSCT/WSCT3325.JPG
12_01,ECOS05,20210607,124522,40,1,1304,854,1388,949,12_01/ECOS05/101_WSCT/WSCT3326.JPG
12_01,ECOS05,20210607,130022,65,1,2914,303,2999,409,12_01/ECOS05/101_WSCT/WSCT3341.JPG
12_01,ECOS05,20210607,130222,40,1,2911,305,2999,415,12_01/ECOS05/101_WSCT/WSCT3343.JPG
12_01,ECOS05,20210607,131022,36,1,2883,2242,3016,2334,12_01/ECOS05/101_WSCT/WSCT3351.JPG
12_01,ECOS05,20210607,131122,45,1,1315,859,1391,955,12_01/ECOS05/101_WSCT/WSCT3352.JPG
12_01,ECOS05,20210607,131222,25,1,1313,857,1389,951,12_01/ECOS05/101_WSCT/WSCT3353.JPG
12_01,ECOS05,20210607,131222,35,1,2704,516,2787,607,12_01/ECOS05/101_WSCT/WSCT3353.JPG
12_01,ECOS05,20210607,131222,47,1,2891,2245,3006,2337,12_01/ECOS05/101_WSCT/WSCT3353.JPG
12_01,ECOS05,20210607,131322,40,1,1326,867,1401,923,12_01/ECOS05/101_WSCT/WSCT3354.JPG
12_01,ECOS05,20210607,131922,34,1,1329,866,1402,924,12_01/ECOS05/101_WSCT/WSCT3360.JPG
12_01,ECOS05,20210607,132222,44,1,1325,864,1400,921,12_01/ECOS05/101_WSCT/WSCT3363.JPG
12_01,ECOS05,20210607,132322,27,1,1308,848,1394,926,12_01/ECOS05/101_WSCT/WSCT3364.JPG
12_01,ECOS05,20210607,132822,42,1,2606,933,2686,1020,12_01/ECOS05/101_WSCT/WSCT3369.JPG
12_01,ECOS05,20210607,132922,86,1,2207,806,2294,922,12_01/ECOS05/101_WSCT/WSCT3370.JPG
12_01,ECOS05,20210607,133022,79,1,2171,608,2263,717,12_01/ECOS05/101_WSCT/WSCT3371.JPG
12_01,ECOS05,20210607,133122,75,1,2154,597,2249,714,12_01/ECOS05/101_WSCT/WSCT3372.JPG
12_01,ECOS05,20210607,133222,82,1,2155,590,2248,705,12_01/ECOS05/101_WSCT/WSCT3373.JPG
12_01,ECOS05,20210607,134222,49,1,1309,853,1393,929,12_01/ECOS05/101_WSCT/WSCT3383.JPG
12_01,ECOS05,20210607,134322,64,1,1318,862,1397,922,12_01/ECOS05/101_WSCT/WSCT3384.JPG
12_01,ECOS05,20210607,134522,58,1,3533,1816,3637,1997,12_01/ECOS05/101_WSCT/WSCT3386.JPG
12_01,ECOS05,20210607,135222,28,1,1315,864,1391,921,12_01/ECOS05/101_WSCT/WSCT3393.JPG
12_01,ECOS05,20210607,135322,68,1,1313,859,1402,922,12_01/ECOS05/101_WSCT/WSCT3394.JPG
12_01,ECOS05,20210607,135522,28,1,1316,863,1393,919,12_01/ECOS05/101_WSCT/WSCT3396.JPG
12_01,ECOS05,20210607,135622,73,1,1316,863,1393,919,12_01/ECOS05/101_WSCT/WSCT3397.JPG
12_01,ECOS05,20210607,135722,46,1,1309,860,1399,917,12_01/ECOS05/101_WSCT/WSCT3398.JPG
12_01,ECOS05,20210607,135822,62,1,1308,859,1398,922,12_01/ECOS05/101_WSCT/WSCT3399.JPG
12_01,ECOS05,20210607,135922,58,1,1329,868,1399,926,12_01/ECOS05/101_WSCT/WSCT3400.JPG
12_01,ECOS05,20210607,140022,84,1,3175,1007,3277,1121,12_01/ECOS05/101_WSCT/WSCT3401.JPG
12_01,ECOS05,20210607,140322,33,1,3181,758,3289,867,12_01/ECOS05/101_WSCT/WSCT3404.JPG
12_01,ECOS05,20210607,141722,40,1,3482,1010,3572,1118,12_01/ECOS05/101_WSCT/WSCT3418.JPG
12_01,ECOS05,20210607,141922,35,1,3513,1042,3602,1157,12_01/ECOS05/101_WSCT/WSCT3420.JPG
12_01,ECOS05,20210607,142022,29,1,2107,126,2267,238,12_01/ECOS05/101_WSCT/WSCT3421.JPG
12_01,ECOS05,20210607,142222,29,1,3517,1045,3606,1152,12_01/ECOS05/101_WSCT/WSCT3423.JPG
12_01,ECOS05,20210607,143328,53,1,3521,1059,3608,1153,12_01/ECOS05/101_WSCT/WSCT3434.JPG
12_01,ECOS05,20210607,143428,61,1,1301,859,1389,938,12_01/ECOS05/101_WSCT/WSCT3435.JPG
12_01,ECOS05,20210607,143528,29,1,1303,862,1389,940,12_01/ECOS05/101_WSCT/WSCT3436.JPG
12_01,ECOS05,20210607,144128,26,1,3867,873,3944,948,12_01/ECOS05/101_WSCT/WSCT3442.JPG
12_01,ECOS05,20210607,144528,32,1,3921,1097,4018,1187,12_01/ECOS05/101_WSCT/WSCT3446.JPG
12_01,ECOS05,20210607,144728,55,1,3927,1100,4021,1181,12_01/ECOS05/101_WSCT/WSCT3448.JPG
12_01,ECOS05,20210607,144828,60,1,3925,1099,4020,1174,12_01/ECOS05/101_WSCT/WSCT3449.JPG
12_01,ECOS05,20210607,145028,28,1,3926,1092,4022,1180,12_01/ECOS05/101_WSCT/WSCT3451.JPG
12_01,ECOS05,20210607,145728,66,1,1324,873,1399,934,12_01/ECOS05/101_WSCT/WSCT3458.JPG
12_01,ECOS05,20210607,150228,25,1,1301,847,1384,949,12_01/ECOS05/101_WSCT/WSCT3463.JPG
12_01,ECOS05,20210607,150628,27,1,818,1046,914,1145,12_01/ECOS05/101_WSCT/WSCT3467.JPG
12_01,ECOS05,20210607,151030,33,1,1299,862,1385,934,12_01/ECOS05/101_WSCT/WSCT3471.JPG
12_01,ECOS05,20210607,151130,61,1,1211,688,1293,790,12_01/ECOS05/101_WSCT/WSCT3472.JPG
12_01,ECOS05,20210607,151728,32,1,1347,708,1440,810,12_01/ECOS05/101_WSCT/WSCT3478.JPG
12_01,ECOS05,20210607,152228,26,1,820,1045,916,1143,12_01/ECOS05/101_WSCT/WSCT3483.JPG
12_01,ECOS05,20210607,152428,28,1,820,1051,910,1144,12_01/ECOS05/101_WSCT/WSCT3485.JPG
12_01,ECOS05,20210607,152828,30,1,821,1048,914,1143,12_01/ECOS05/101_WSCT/WSCT3489.JPG
12_01,ECOS05,20210607,153528,73,1,2801,2180,2898,2303,12_01/ECOS05/101_WSCT/WSCT3496.JPG
12_01,ECOS05,20210607,153628,49,1,1351,724,1428,809,12_01/ECOS05/101_WSCT/WSCT3497.JPG
12_01,ECOS05,20210607,153628,88,1,2955,1950,3052,2059,12_01/ECOS05/101_WSCT/WSCT3497.JPG
12_01,ECOS05,20210607,153728,72,1,1350,726,1432,814,12_01/ECOS05/101_WSCT/WSCT3498.JPG
12_01,ECOS05,20210607,161528,70,1,824,982,922,1073,12_01/ECOS05/101_WSCT/WSCT3536.JPG
12_01,ECOS05,20210607,161628,73,1,2118,1541,2209,1656,12_01/ECOS05/101_WSCT/WSCT3537.JPG
12_01,ECOS05,20210607,162028,83,1,2851,1622,2961,1694,12_01/ECOS05/101_WSCT/WSCT3541.JPG
12_01,ECOS05,20210607,164928,65,1,3999,2110,4128,2260,12_01/ECOS05/101_WSCT/WSCT3570.JPG
12_01,ECOS05,20210607,165028,91,1,3687,1593,3832,1703,12_01/ECOS05/101_WSCT/WSCT3571.JPG
12_01,ECOS05,20210607,165128,44,1,1921,1129,2088,1253,12_01/ECOS05/101_WSCT/WSCT3572.JPG
12_01,ECOS05,20210607,170636,83,1,1296,2293,1421,2376,12_01/ECOS05/101_WSCT/WSCT3587.JPG
12_01,ECOS05,20210607,173336,62,1,283,1080,363,1153,12_01/ECOS05/101_WSCT/WSCT3614.JPG
12_01,ECOS05,20210607,174436,80,1,1473,1246,1590,1319,12_01/ECOS05/101_WSCT/WSCT3625.JPG
12_01,ECOS05,20210607,181636,39,1,4175,549,4224,650,12_01/ECOS05/101_WSCT/WSCT3657.JPG
12_01,ECOS05,20210607,181936,83,1,2358,718,2482,793,12_01/ECOS05/101_WSCT/WSCT3660.JPG
12_01,ECOS05,20210607,183442,65,1,3678,381,3765,445,12_01/ECOS05/101_WSCT/WSCT3675.JPG
12_01,ECOS05,20210607,183544,87,1,783,820,869,930,12_01/ECOS05/101_WSCT/WSCT3676.JPG
12_01,ECOS05,20210607,183642,84,1,638,631,743,730,12_01/ECOS05/101_WSCT/WSCT3677.JPG
12_01,ECOS05,20210607,183742,76,1,638,634,745,732,12_01/ECOS05/101_WSCT/WSCT3678.JPG
12_01,ECOS05,20210607,183842,34,1,3682,387,3757,458,12_01/ECOS05/101_WSCT/WSCT3679.JPG
12_01,ECOS05,20210607,183842,72,1,635,633,748,731,12_01/ECOS05/101_WSCT/WSCT3679.JPG
12_01,ECOS05,20210607,183942,67,1,637,634,745,733,12_01/ECOS05/101_WSCT/WSCT3680.JPG
12_01,ECOS05,20210607,184042,33,1,3680,389,3753,464,12_01/ECOS05/101_WSCT/WSCT3681.JPG
12_01,ECOS05,20210607,184042,66,1,634,635,747,733,12_01/ECOS05/101_WSCT/WSCT3681.JPG
12_01,ECOS05,20210607,184142,59,1,636,634,746,732,12_01/ECOS05/101_WSCT/WSCT3682.JPG
12_01,ECOS05,20210607,184242,58,1,3674,371,3747,447,12_01/ECOS05/101_WSCT/WSCT3683.JPG
12_01,ECOS05,20210607,184242,69,1,638,634,746,734,12_01/ECOS05/101_WSCT/WSCT3683.JPG
12_01,ECOS05,20210607,184342,32,1,3671,376,3748,461,12_01/ECOS05/101_WSCT/WSCT3684.JPG
12_01,ECOS05,20210607,184342,67,1,636,632,747,733,12_01/ECOS05/101_WSCT/WSCT3684.JPG
12_01,ECOS05,20210607,184442,38,1,635,635,746,732,12_01/ECOS05/101_WSCT/WSCT3685.JPG
12_01,ECOS05,20210607,184442,50,1,3698,557,3779,649,12_01/ECOS05/101_WSCT/WSCT3685.JPG
12_01,ECOS05,20210607,184542,55,1,636,634,746,733,12_01/ECOS05/101_WSCT/WSCT3686.JPG
12_01,ECOS05,20210607,184642,50,1,3690,548,3769,639,12_01/ECOS05/101_WSCT/WSCT3687.JPG
12_01,ECOS05,20210607,184642,63,1,635,635,746,733,12_01/ECOS05/101_WSCT/WSCT3687.JPG
12_01,ECOS05,20210607,184742,54,1,636,634,744,733,12_01/ECOS05/101_WSCT/WSCT3688.JPG
12_01,ECOS05,20210607,184742,60,1,3690,549,3771,642,12_01/ECOS05/101_WSCT/WSCT3688.JPG
12_01,ECOS05,20210607,184842,83,1,637,631,745,730,12_01/ECOS05/101_WSCT/WSCT3689.JPG
12_01,ECOS05,20210607,185242,66,1,897,1406,993,1462,12_01/ECOS05/101_WSCT/WSCT3693.JPG
12_01,ECOS05,20210607,185542,28,1,691,2255,823,2333,12_01/ECOS05/101_WSCT/WSCT3696.JPG
12_01,ECOS05,20210607,185542,40,1,869,1398,957,1451,12_01/ECOS05/101_WSCT/WSCT3696.JPG
12_01,ECOS05,20210607,185642,41,1,694,2254,823,2333,12_01/ECOS05/101_WSCT/WSCT3697.JPG
12_01,ECOS05,20210607,191042,44,1,3687,523,3771,630,12_01/ECOS05/101_WSCT/WSCT3711.JPG
12_01,ECOS05,20210607,191142,61,1,3687,504,3769,617,12_01/ECOS05/101_WSCT/WSCT3712.JPG
12_01,ECOS05,20210607,193942,67,1,3620,356,3706,451,12_01/ECOS05/101_WSCT/WSCT3740.JPG
12_01,ECOS05,20210607,195042,56,1,3670,486,3757,593,12_01/ECOS05/101_WSCT/WSCT3751.JPG
12_01,ECOS05,20210607,195742,31,1,3691,541,3770,633,12_01/ECOS05/101_WSCT/WSCT3758.JPG
12_01,ECOS05,20210607,205250,40,1,3638,422,3715,485,12_01/ECOS05/101_WSCT/WSCT3813.JPG
12_01,ECOS05,20210607,205450,28,1,3623,408,3705,477,12_01/ECOS05/101_WSCT/WSCT3815.JPG
12_01,ECOS05,20210607,205450,46,1,3495,1976,3600,2089,12_01/ECOS05/101_WSCT/WSCT3815.JPG
12_01,ECOS05,20210607,205550,49,1,3721,379,3802,482,12_01/ECOS05/101_WSCT/WSCT3816.JPG
12_01,ECOS05,20210607,210150,58,1,2271,1973,2348,2050,12_01/ECOS05/101_WSCT/WSCT3822.JPG
12_01,ECOS05,20210607,210250,42,1,2272,1972,2348,2051,12_01/ECOS05/101_WSCT/WSCT3823.JPG
12_01,ECOS05,20210607,210350,65,1,2273,1973,2350,2051,12_01/ECOS05/101_WSCT/WSCT3824.JPG
12_01,ECOS05,20210607,210850,72,1,3794,1737,3884,1834,12_01/ECOS05/101_WSCT/WSCT3829.JPG
12_01,ECOS05,20210607,210950,61,1,3793,1731,3883,1833,12_01/ECOS05/101_WSCT/WSCT3830.JPG
12_01,ECOS05,20210607,211050,31,1,4088,1560,4166,1626,12_01/ECOS05/101_WSCT/WSCT3831.JPG
12_01,ECOS05,20210607,220552,40,1,3114,704,3210,811,12_01/ECOS05/101_WSCT/WSCT3886.JPG
12_01,ECOS05,20210607,221252,30,1,3122,764,3203,830,12_01/ECOS05/101_WSCT/WSCT3893.JPG
12_01,ECOS05,20210608,074902,38,1,2329,396,2398,447,12_01/ECOS05/101_WSCT/WSCT3990.JPG
12_01,ECOS05,20210608,075602,50,1,468,660,568,768,12_01/ECOS05/101_WSCT/WSCT3997.JPG
12_01,ECOS05,20210608,095602,30,1,4113,627,4224,711,12_01/ECOS05/101_WSCT/WSCT4117.JPG
12_01,ECOS05,20210608,100802,37,1,2636,495,2737,589,12_01/ECOS05/101_WSCT/WSCT4129.JPG
12_01,ECOS05,20210608,101602,37,1,1248,1537,1321,1612,12_01/ECOS05/101_WSCT/WSCT4137.JPG
12_01,ECOS05,20210608,105002,70,1,3532,1108,3641,1188,12_01/ECOS05/101_WSCT/WSCT4171.JPG
12_01,ECOS05,20210608,110602,83,1,1064,2130,1150,2224,12_01/ECOS05/101_WSCT/WSCT4187.JPG
12_01,ECOS05,20210608,115502,84,1,301,834,424,968,12_01/ECOS05/101_WSCT/WSCT4236.JPG
12_01,ECOS05,20210608,120802,36,1,11,854,96,926,12_01/ECOS05/101_WSCT/WSCT4249.JPG
12_01,ECOS05,20210608,123402,27,1,284,1065,348,1114,12_01/ECOS05/101_WSCT/WSCT4275.JPG
12_01,ECOS05,20210608,123502,33,1,1843,974,1914,1041,12_01/ECOS05/101_WSCT/WSCT4276.JPG
12_01,ECOS05,20210608,123602,46,1,1843,974,1915,1041,12_01/ECOS05/101_WSCT/WSCT4277.JPG
12_01,ECOS05,20210608,132002,39,1,3819,781,3933,858,12_01/ECOS05/101_WSCT/WSCT4321.JPG
12_01,ECOS05,20210608,133302,32,1,2395,2136,2516,2224,12_01/ECOS05/101_WSCT/WSCT4334.JPG
12_01,ECOS05,20210608,134302,58,1,2398,2132,2518,2223,12_01/ECOS05/101_WSCT/WSCT4344.JPG
12_01,ECOS05,20210608,134602,39,1,2403,2131,2517,2222,12_01/ECOS05/101_WSCT/WSCT4347.JPG
12_01,ECOS05,20210608,134802,42,1,2397,2132,2519,2221,12_01/ECOS05/101_WSCT/WSCT4349.JPG
12_01,ECOS05,20210608,134902,39,1,2401,2131,2517,2221,12_01/ECOS05/101_WSCT/WSCT4350.JPG
12_01,ECOS05,20210608,140002,30,1,2406,2131,2521,2221,12_01/ECOS05/101_WSCT/WSCT4361.JPG
12_01,ECOS05,20210608,151602,47,1,2598,1108,2681,1159,12_01/ECOS05/101_WSCT/WSCT4437.JPG
12_01,ECOS05,20210608,165002,85,1,3316,1630,3464,1795,12_01/ECOS05/101_WSCT/WSCT4531.JPG
12_01,ECOS05,20210608,180902,46,1,4172,1754,4224,1810,12_01/ECOS05/101_WSCT/WSCT4610.JPG
12_01,ECOS05,20210608,194716,52,1,2418,1975,2494,2025,12_01/ECOS05/101_WSCT/WSCT4708.JPG
12_01,ECOS05,20210608,220716,26,1,3551,2189,3632,2265,12_01/ECOS05/101_WSCT/WSCT4848.JPG
12_01,ECOS05,20210609,072002,66,1,2030,950,2109,1004,12_01/ECOS05/101_WSCT/WSCT4921.JPG
12_01,ECOS05,20210609,091902,37,1,576,377,680,445,12_01/ECOS05/101_WSCT/WSCT5040.JPG
12_01,ECOS05,20210609,094802,33,1,3991,1189,4076,1241,12_01/ECOS05/101_WSCT/WSCT5069.JPG
12_01,ECOS05,20210609,095602,32,1,4133,626,4224,710,12_01/ECOS05/101_WSCT/WSCT5077.JPG
12_01,ECOS05,20210609,120202,68,1,1606,1841,1706,1919,12_01/ECOS05/101_WSCT/WSCT5203.JPG
12_01,ECOS05,20210609,120402,38,1,1838,959,1911,1035,12_01/ECOS05/101_WSCT/WSCT5205.JPG
12_01,ECOS05,20210609,120502,32,1,1841,957,1911,1035,12_01/ECOS05/101_WSCT/WSCT5206.JPG
12_01,ECOS05,20210609,120602,32,1,1840,957,1913,1035,12_01/ECOS05/101_WSCT/WSCT5207.JPG
12_01,ECOS05,20210609,120702,42,1,1840,957,1912,1035,12_01/ECOS05/101_WSCT/WSCT5208.JPG
12_01,ECOS05,20210609,121510,26,1,1842,957,1918,1036,12_01/ECOS05/101_WSCT/WSCT5216.JPG
12_01,ECOS05,20210609,122208,53,1,1838,959,1914,1033,12_01/ECOS05/101_WSCT/WSCT5223.JPG
12_01,ECOS05,20210609,122308,45,1,1838,958,1915,1030,12_01/ECOS05/101_WSCT/WSCT5224.JPG
12_01,ECOS05,20210609,122408,66,1,1836,958,1913,1032,12_01/ECOS05/101_WSCT/WSCT5225.JPG
12_01,ECOS05,20210609,122508,51,1,1836,959,1914,1035,12_01/ECOS05/101_WSCT/WSCT5226.JPG
12_01,ECOS05,20210609,122608,39,1,1836,959,1914,1035,12_01/ECOS05/101_WSCT/WSCT5227.JPG
12_01,ECOS05,20210609,122708,57,1,1836,960,1914,1033,12_01/ECOS05/101_WSCT/WSCT5228.JPG
12_01,ECOS05,20210609,122808,34,1,1836,959,1914,1032,12_01/ECOS05/101_WSCT/WSCT5229.JPG
12_01,ECOS05,20210609,123208,48,1,1838,959,1914,1034,12_01/ECOS05/101_WSCT/WSCT5233.JPG
12_01,ECOS05,20210609,123308,52,1,1838,959,1916,1037,12_01/ECOS05/101_WSCT/WSCT5234.JPG
12_01,ECOS05,20210609,123408,46,1,1837,960,1914,1034,12_01/ECOS05/101_WSCT/WSCT5235.JPG
12_01,ECOS05,20210609,123508,67,1,1838,959,1915,1036,12_01/ECOS05/101_WSCT/WSCT5236.JPG
12_01,ECOS05,20210609,123608,67,1,1836,960,1914,1033,12_01/ECOS05/101_WSCT/WSCT5237.JPG
12_01,ECOS05,20210609,123708,62,1,1837,960,1914,1032,12_01/ECOS05/101_WSCT/WSCT5238.JPG
12_01,ECOS05,20210609,124008,40,1,1837,960,1912,1028,12_01/ECOS05/101_WSCT/WSCT5241.JPG
12_01,ECOS05,20210609,124108,47,1,1835,958,1913,1027,12_01/ECOS05/101_WSCT/WSCT5242.JPG
12_01,ECOS05,20210609,124208,52,1,1834,960,1912,1028,12_01/ECOS05/101_WSCT/WSCT5243.JPG
12_01,ECOS05,20210609,124314,43,1,1835,960,1911,1026,12_01/ECOS05/101_WSCT/WSCT5244.JPG
12_01,ECOS05,20210609,124616,25,1,1834,959,1912,1032,12_01/ECOS05/101_WSCT/WSCT5247.JPG
12_01,ECOS05,20210609,124716,30,1,1833,960,1912,1032,12_01/ECOS05/101_WSCT/WSCT5248.JPG
12_01,ECOS05,20210609,125416,31,1,1838,961,1916,1022,12_01/ECOS05/101_WSCT/WSCT5255.JPG
12_01,ECOS05,20210609,131316,85,1,908,426,982,529,12_01/ECOS05/101_WSCT/WSCT5274.JPG
12_01,ECOS05,20210609,135722,50,1,1878,162,1963,256,12_01/ECOS05/101_WSCT/WSCT5318.JPG
12_01,ECOS05,20210609,140622,36,1,2421,2112,2520,2197,12_01/ECOS05/101_WSCT/WSCT5327.JPG
12_01,ECOS05,20210609,140722,37,1,2420,2112,2520,2197,12_01/ECOS05/101_WSCT/WSCT5328.JPG
12_01,ECOS05,20210609,141122,59,1,3797,777,3907,882,12_01/ECOS05/101_WSCT/WSCT5332.JPG
12_01,ECOS05,20210609,141222,35,1,3971,917,4079,997,12_01/ECOS05/101_WSCT/WSCT5333.JPG
12_01,ECOS05,20210609,141322,36,1,3554,2180,3626,2250,12_01/ECOS05/101_WSCT/WSCT5334.JPG
12_01,ECOS05,20210609,141622,25,1,2422,2109,2524,2202,12_01/ECOS05/101_WSCT/WSCT5337.JPG
12_01,ECOS05,20210609,141622,31,1,3626,429,3702,477,12_01/ECOS05/101_WSCT/WSCT5337.JPG
12_01,ECOS05,20210609,142222,51,1,3927,1523,4026,1584,12_01/ECOS05/101_WSCT/WSCT5343.JPG
12_01,ECOS05,20210609,143022,30,1,3147,1186,3234,1270,12_01/ECOS05/101_WSCT/WSCT5351.JPG
12_01,ECOS05,20210609,143422,86,1,3799,342,3909,419,12_01/ECOS05/101_WSCT/WSCT5355.JPG
12_01,ECOS05,20210609,143922,78,1,1153,909,1232,1006,12_01/ECOS05/101_WSCT/WSCT5360.JPG
12_01,ECOS05,20210609,144022,87,1,1370,975,1458,1073,12_01/ECOS05/101_WSCT/WSCT5361.JPG
12_01,ECOS05,20210609,144222,35,1,1559,1933,1633,2025,12_01/ECOS05/101_WSCT/WSCT5363.JPG
12_01,ECOS05,20210609,144822,44,1,103,561,188,660,12_01/ECOS05/101_WSCT/WSCT5369.JPG
12_01,ECOS05,20210609,144922,68,1,281,2180,379,2247,12_01/ECOS05/101_WSCT/WSCT5370.JPG
12_01,ECOS05,20210609,145724,56,1,3159,493,3267,574,12_01/ECOS05/101_WSCT/WSCT5378.JPG
12_01,ECOS05,20210609,145824,32,1,4130,633,4224,705,12_01/ECOS05/101_WSCT/WSCT5379.JPG
12_01,ECOS05,20210609,145824,61,1,3156,493,3266,576,12_01/ECOS05/101_WSCT/WSCT5379.JPG
12_01,ECOS05,20210609,145924,90,1,3780,310,3863,419,12_01/ECOS05/101_WSCT/WSCT5380.JPG
12_01,ECOS05,20210609,150028,85,1,3784,310,3868,420,12_01/ECOS05/101_WSCT/WSCT5381.JPG
12_01,ECOS05,20210609,150130,61,1,3783,310,3868,420,12_01/ECOS05/101_WSCT/WSCT5382.JPG
12_01,ECOS05,20210609,150230,89,1,3785,310,3866,418,12_01/ECOS05/101_WSCT/WSCT5383.JPG
12_01,ECOS05,20210609,150330,35,1,340,1546,425,1640,12_01/ECOS05/101_WSCT/WSCT5384.JPG
12_01,ECOS05,20210609,150430,59,1,346,1552,424,1636,12_01/ECOS05/101_WSCT/WSCT5385.JPG
12_01,ECOS05,20210609,150630,31,1,342,1551,423,1638,12_01/ECOS05/101_WSCT/WSCT5387.JPG
12_01,ECOS05,20210609,150830,78,1,2211,975,2290,1066,12_01/ECOS05/101_WSCT/WSCT5389.JPG
12_01,ECOS05,20210609,155130,41,1,4159,2183,4224,2276,12_01/ECOS05/101_WSCT/WSCT5432.JPG
12_01,ECOS05,20210609,162930,31,1,3515,2155,3616,2254,12_01/ECOS05/101_WSCT/WSCT5470.JPG
12_01,ECOS05,20210609,163130,26,1,3517,2159,3615,2254,12_01/ECOS05/101_WSCT/WSCT5472.JPG
12_01,ECOS05,20210609,163330,26,1,3516,2157,3615,2254,12_01/ECOS05/101_WSCT/WSCT5474.JPG
12_01,ECOS05,20210609,163430,27,1,3524,2162,3611,2253,12_01/ECOS05/101_WSCT/WSCT5475.JPG
12_01,ECOS05,20210609,163730,32,1,3522,2158,3613,2253,12_01/ECOS05/101_WSCT/WSCT5478.JPG
12_01,ECOS05,20210609,163830,33,1,3518,2157,3613,2253,12_01/ECOS05/101_WSCT/WSCT5479.JPG
12_01,ECOS05,20210609,163930,45,1,3517,2159,3613,2254,12_01/ECOS05/101_WSCT/WSCT5480.JPG
12_01,ECOS05,20210609,164030,69,1,3520,2160,3612,2254,12_01/ECOS05/101_WSCT/WSCT5481.JPG
12_01,ECOS05,20210609,164130,48,1,3518,2163,3609,2253,12_01/ECOS05/101_WSCT/WSCT5482.JPG
12_01,ECOS05,20210609,164230,62,1,3516,2164,3610,2253,12_01/ECOS05/101_WSCT/WSCT5483.JPG
12_01,ECOS05,20210609,164330,67,1,3516,2165,3609,2252,12_01/ECOS05/101_WSCT/WSCT5484.JPG
12_01,ECOS05,20210609,164430,67,1,3518,2165,3609,2252,12_01/ECOS05/101_WSCT/WSCT5485.JPG
12_01,ECOS05,20210609,164530,63,1,3517,2165,3608,2254,12_01/ECOS05/101_WSCT/WSCT5486.JPG
12_01,ECOS05,20210609,164630,61,1,3519,2169,3606,2253,12_01/ECOS05/101_WSCT/WSCT5487.JPG
12_01,ECOS05,20210609,164730,65,1,3517,2168,3607,2254,12_01/ECOS05/101_WSCT/WSCT5488.JPG
12_01,ECOS05,20210609,164830,69,1,3516,2169,3607,2253,12_01/ECOS05/101_WSCT/WSCT5489.JPG
12_01,ECOS05,20210609,164930,51,1,3518,2170,3607,2253,12_01/ECOS05/101_WSCT/WSCT5490.JPG
12_01,ECOS05,20210609,165130,26,1,3519,2170,3605,2254,12_01/ECOS05/101_WSCT/WSCT5492.JPG
12_01,ECOS05,20210609,165330,27,1,202,222,272,294,12_01/ECOS05/101_WSCT/WSCT5494.JPG
12_01,ECOS05,20210609,165330,49,1,3518,2168,3608,2253,12_01/ECOS05/101_WSCT/WSCT5494.JPG
12_01,ECOS05,20210609,165430,55,1,3517,2170,3607,2254,12_01/ECOS05/101_WSCT/WSCT5495.JPG
12_01,ECOS05,20210609,165530,59,1,3517,2169,3606,2253,12_01/ECOS05/101_WSCT/WSCT5496.JPG
12_01,ECOS05,20210609,165630,30,1,3518,2168,3607,2252,12_01/ECOS05/101_WSCT/WSCT5497.JPG
12_01,ECOS05,20210609,165730,33,1,3518,2168,3608,2253,12_01/ECOS05/101_WSCT/WSCT5498.JPG
12_01,ECOS05,20210609,165830,38,1,3518,2169,3607,2253,12_01/ECOS05/101_WSCT/WSCT5499.JPG
12_01,ECOS05,20210609,171330,38,1,3523,2175,3601,2249,12_01/ECOS05/101_WSCT/WSCT5514.JPG
12_01,ECOS05,20210609,175438,34,1,2128,2137,2238,2237,12_01/ECOS05/101_WSCT/WSCT5555.JPG
12_01,ECOS05,20210609,175538,84,1,2113,2132,2246,2252,12_01/ECOS05/101_WSCT/WSCT5556.JPG
12_01,ECOS05,20210609,175638,62,1,2113,2134,2250,2249,12_01/ECOS05/101_WSCT/WSCT5557.JPG
12_01,ECOS05,20210609,175738,90,1,2108,2128,2257,2258,12_01/ECOS05/101_WSCT/WSCT5558.JPG
12_01,ECOS05,20210609,175838,40,1,2112,2129,2256,2241,12_01/ECOS05/101_WSCT/WSCT5559.JPG
12_01,ECOS05,20210609,175936,65,1,2107,2139,2251,2247,12_01/ECOS05/101_WSCT/WSCT5560.JPG
12_01,ECOS05,20210609,180036,90,1,2104,2133,2261,2242,12_01/ECOS05/101_WSCT/WSCT5561.JPG
12_01,ECOS05,20210609,180136,89,1,2104,2137,2257,2240,12_01/ECOS05/101_WSCT/WSCT5562.JPG
12_01,ECOS05,20210609,180236,89,1,2110,2134,2260,2235,12_01/ECOS05/101_WSCT/WSCT5563.JPG
12_01,ECOS05,20210609,180336,85,1,2111,2131,2267,2232,12_01/ECOS05/101_WSCT/WSCT5564.JPG
12_01,ECOS05,20210609,180436,43,1,2115,2130,2267,2230,12_01/ECOS05/101_WSCT/WSCT5565.JPG
12_01,ECOS05,20210609,180536,77,1,2114,2131,2264,2229,12_01/ECOS05/101_WSCT/WSCT5566.JPG
12_01,ECOS05,20210609,180636,80,1,2111,2132,2260,2228,12_01/ECOS05/101_WSCT/WSCT5567.JPG
12_01,ECOS05,20210609,180736,72,1,2115,2129,2267,2227,12_01/ECOS05/101_WSCT/WSCT5568.JPG
12_01,ECOS05,20210609,181036,36,1,2112,2130,2269,2228,12_01/ECOS05/101_WSCT/WSCT5571.JPG
12_01,ECOS05,20210609,181136,84,1,2113,2128,2262,2229,12_01/ECOS05/101_WSCT/WSCT5572.JPG
12_01,ECOS05,20210609,181236,59,1,2113,2132,2262,2229,12_01/ECOS05/101_WSCT/WSCT5573.JPG
12_01,ECOS05,20210609,181436,73,1,2111,2133,2263,2230,12_01/ECOS05/101_WSCT/WSCT5575.JPG
12_01,ECOS05,20210609,181536,72,1,2104,2136,2253,2247,12_01/ECOS05/101_WSCT/WSCT5576.JPG
12_01,ECOS05,20210609,183244,32,1,3421,1634,3540,1733,12_01/ECOS05/101_WSCT/WSCT5593.JPG
12_01,ECOS05,20210609,183544,45,1,656,2298,796,2375,12_01/ECOS05/101_WSCT/WSCT5596.JPG
12_01,ECOS05,20210609,183744,58,1,656,2297,796,2375,12_01/ECOS05/101_WSCT/WSCT5598.JPG
12_01,ECOS05,20210609,183844,77,1,1845,1963,1983,2046,12_01/ECOS05/101_WSCT/WSCT5599.JPG
12_01,ECOS05,20210609,183944,69,1,1842,1964,1986,2047,12_01/ECOS05/101_WSCT/WSCT5600.JPG
12_01,ECOS05,20210609,184044,69,1,1840,1963,1986,2048,12_01/ECOS05/101_WSCT/WSCT5601.JPG
12_01,ECOS05,20210609,184144,78,1,1843,1964,1983,2046,12_01/ECOS05/101_WSCT/WSCT5602.JPG
12_01,ECOS05,20210609,185344,66,1,1269,2273,1355,2329,12_01/ECOS05/101_WSCT/WSCT5614.JPG
12_01,ECOS05,20210609,185644,52,1,1282,2231,1365,2331,12_01/ECOS05/101_WSCT/WSCT5617.JPG
12_01,ECOS05,20210609,185744,85,1,1951,2076,2079,2154,12_01/ECOS05/101_WSCT/WSCT5618.JPG
12_01,ECOS05,20210609,185844,86,1,1954,2075,2080,2150,12_01/ECOS05/101_WSCT/WSCT5619.JPG
12_01,ECOS05,20210609,185944,87,1,1954,2074,2080,2148,12_01/ECOS05/101_WSCT/WSCT5620.JPG
12_01,ECOS05,20210609,191244,58,1,1362,1687,1474,1754,12_01/ECOS05/101_WSCT/WSCT5633.JPG
12_01,ECOS05,20210609,192044,72,1,2036,1108,2116,1211,12_01/ECOS05/101_WSCT/WSCT5641.JPG
12_01,ECOS05,20210609,192644,38,1,1420,1743,1496,1816,12_01/ECOS05/101_WSCT/WSCT5647.JPG
12_01,ECOS05,20210609,192744,79,1,1156,1238,1237,1341,12_01/ECOS05/101_WSCT/WSCT5648.JPG
12_01,ECOS05,20210609,193744,26,1,1958,1422,2045,1514,12_01/ECOS05/101_WSCT/WSCT5658.JPG
12_01,ECOS05,20210609,194344,62,1,1945,1447,2019,1531,12_01/ECOS05/101_WSCT/WSCT5664.JPG
12_01,ECOS05,20210609,195446,31,1,202,202,287,294,12_01/ECOS05/101_WSCT/WSCT5675.JPG
12_01,ECOS05,20210609,201344,27,1,204,207,285,293,12_01/ECOS05/101_WSCT/WSCT5694.JPG
12_01,ECOS05,20210609,202146,29,1,204,203,287,293,12_01/ECOS05/101_WSCT/WSCT5702.JPG
12_01,ECOS05,20210610,080002,40,1,0,304,59,386,12_01/ECOS05/101_WSCT/WSCT5921.JPG
12_01,ECOS05,20210610,092714,61,1,1688,237,1789,308,12_01/ECOS05/101_WSCT/WSCT6008.JPG
12_01,ECOS05,20210610,092914,50,1,1689,200,1774,304,12_01/ECOS05/101_WSCT/WSCT6010.JPG
12_01,ECOS05,20210610,100714,26,1,3620,411,3705,464,12_01/ECOS05/101_WSCT/WSCT6048.JPG
12_01,ECOS05,20210610,105222,91,1,680,1658,770,1783,12_01/ECOS05/101_WSCT/WSCT6093.JPG
12_01,ECOS05,20210610,105322,88,1,689,1656,780,1767,12_01/ECOS05/101_WSCT/WSCT6094.JPG
12_01,ECOS05,20210610,105422,90,1,687,1651,785,1767,12_01/ECOS05/101_WSCT/WSCT6095.JPG
12_01,ECOS05,20210610,112522,63,1,3363,1790,3441,1886,12_01/ECOS05/101_WSCT/WSCT6126.JPG
12_01,ECOS05,20210610,115022,31,1,3227,1267,3312,1376,12_01/ECOS05/101_WSCT/WSCT6151.JPG
12_01,ECOS05,20210610,115122,25,1,1842,934,1915,1013,12_01/ECOS05/101_WSCT/WSCT6152.JPG
12_01,ECOS05,20210610,115322,35,1,2517,594,2585,674,12_01/ECOS05/101_WSCT/WSCT6154.JPG
12_01,ECOS05,20210610,115922,33,1,1837,936,1914,1014,12_01/ECOS05/101_WSCT/WSCT6160.JPG
12_01,ECOS05,20210610,120022,44,1,1836,933,1915,1015,12_01/ECOS05/101_WSCT/WSCT6161.JPG
12_01,ECOS05,20210610,120122,39,1,1836,935,1914,1013,12_01/ECOS05/101_WSCT/WSCT6162.JPG
12_01,ECOS05,20210610,120222,35,1,1836,936,1915,1013,12_01/ECOS05/101_WSCT/WSCT6163.JPG
12_01,ECOS05,20210610,120322,55,1,1831,933,1914,1013,12_01/ECOS05/101_WSCT/WSCT6164.JPG
12_01,ECOS05,20210610,120422,63,1,1832,932,1915,1012,12_01/ECOS05/101_WSCT/WSCT6165.JPG
12_01,ECOS05,20210610,120522,66,1,1832,931,1917,1011,12_01/ECOS05/101_WSCT/WSCT6166.JPG
12_01,ECOS05,20210610,120622,66,1,1834,933,1917,1011,12_01/ECOS05/101_WSCT/WSCT6167.JPG
12_01,ECOS05,20210610,120722,66,1,1835,932,1918,1012,12_01/ECOS05/101_WSCT/WSCT6168.JPG
12_01,ECOS05,20210610,120822,57,1,1836,934,1917,1012,12_01/ECOS05/101_WSCT/WSCT6169.JPG
12_01,ECOS05,20210610,120922,50,1,1837,936,1917,1012,12_01/ECOS05/101_WSCT/WSCT6170.JPG
12_01,ECOS05,20210610,121022,56,1,1837,935,1918,1012,12_01/ECOS05/101_WSCT/WSCT6171.JPG
12_01,ECOS05,20210610,121122,59,1,1837,933,1918,1012,12_01/ECOS05/101_WSCT/WSCT6172.JPG
12_01,ECOS05,20210610,121222,27,1,1838,933,1919,1010,12_01/ECOS05/101_WSCT/WSCT6173.JPG
12_01,ECOS05,20210610,121322,44,1,1837,933,1918,1011,12_01/ECOS05/101_WSCT/WSCT6174.JPG
12_01,ECOS05,20210610,121422,51,1,1837,931,1919,1011,12_01/ECOS05/101_WSCT/WSCT6175.JPG
12_01,ECOS05,20210610,121722,35,1,1837,932,1919,1007,12_01/ECOS05/101_WSCT/WSCT6178.JPG
12_01,ECOS05,20210610,121822,42,1,1837,932,1919,1007,12_01/ECOS05/101_WSCT/WSCT6179.JPG
12_01,ECOS05,20210610,121922,53,1,1834,932,1922,1007,12_01/ECOS05/101_WSCT/WSCT6180.JPG
12_01,ECOS05,20210610,122022,44,1,1836,932,1922,1007,12_01/ECOS05/101_WSCT/WSCT6181.JPG
12_01,ECOS05,20210610,122122,44,1,1835,934,1920,1008,12_01/ECOS05/101_WSCT/WSCT6182.JPG
12_01,ECOS05,20210610,122222,35,1,1836,932,1920,1005,12_01/ECOS05/101_WSCT/WSCT6183.JPG
12_01,ECOS05,20210610,122322,34,1,1837,932,1920,1004,12_01/ECOS05/101_WSCT/WSCT6184.JPG
12_01,ECOS05,20210610,123522,25,1,1840,937,1919,1000,12_01/ECOS05/101_WSCT/WSCT6196.JPG
12_01,ECOS05,20210610,123622,30,1,1839,935,1920,1001,12_01/ECOS05/101_WSCT/WSCT6197.JPG
12_01,ECOS05,20210610,123722,27,1,1837,936,1919,1002,12_01/ECOS05/101_WSCT/WSCT6198.JPG
12_01,ECOS05,20210610,123822,40,1,1837,936,1918,1004,12_01/ECOS05/101_WSCT/WSCT6199.JPG
12_01,ECOS05,20210610,123922,53,1,1837,935,1918,1003,12_01/ECOS05/101_WSCT/WSCT6200.JPG
12_01,ECOS05,20210610,124022,56,1,1836,935,1917,1004,12_01/ECOS05/101_WSCT/WSCT6201.JPG
12_01,ECOS05,20210610,124122,50,1,1837,936,1917,1004,12_01/ECOS05/101_WSCT/WSCT6202.JPG
12_01,ECOS05,20210610,124222,49,1,1837,936,1917,1004,12_01/ECOS05/101_WSCT/WSCT6203.JPG
12_01,ECOS05,20210610,124322,45,1,1838,936,1917,1002,12_01/ECOS05/101_WSCT/WSCT6204.JPG
12_01,ECOS05,20210610,124422,42,1,1837,935,1917,1002,12_01/ECOS05/101_WSCT/WSCT6205.JPG
12_01,ECOS05,20210610,124522,31,1,1837,936,1916,1002,12_01/ECOS05/101_WSCT/WSCT6206.JPG
12_01,ECOS05,20210610,124622,45,1,1834,934,1916,1003,12_01/ECOS05/101_WSCT/WSCT6207.JPG
12_01,ECOS05,20210610,124722,46,1,1835,935,1917,1003,12_01/ECOS05/101_WSCT/WSCT6208.JPG
12_01,ECOS05,20210610,124922,25,1,1835,933,1919,1001,12_01/ECOS05/101_WSCT/WSCT6210.JPG
12_01,ECOS05,20210610,125122,29,1,1834,933,1920,1004,12_01/ECOS05/101_WSCT/WSCT6212.JPG
12_01,ECOS05,20210610,125322,70,1,1835,930,1921,1006,12_01/ECOS05/101_WSCT/WSCT6214.JPG
12_01,ECOS05,20210610,125422,70,1,1834,930,1919,1005,12_01/ECOS05/101_WSCT/WSCT6215.JPG
12_01,ECOS05,20210610,125522,48,1,1835,932,1917,1006,12_01/ECOS05/101_WSCT/WSCT6216.JPG
12_01,ECOS05,20210610,125622,58,1,1836,929,1918,1002,12_01/ECOS05/101_WSCT/WSCT6217.JPG
12_01,ECOS05,20210610,125722,62,1,1835,929,1919,1001,12_01/ECOS05/101_WSCT/WSCT6218.JPG
12_01,ECOS05,20210610,125822,26,1,1837,931,1920,998,12_01/ECOS05/101_WSCT/WSCT6219.JPG
12_01,ECOS05,20210610,125922,26,1,1837,930,1920,998,12_01/ECOS05/101_WSCT/WSCT6220.JPG
12_01,ECOS05,20210610,130022,42,1,1836,930,1918,1000,12_01/ECOS05/101_WSCT/WSCT6221.JPG
12_01,ECOS05,20210610,130122,45,1,1834,932,1918,1003,12_01/ECOS05/101_WSCT/WSCT6222.JPG
12_01,ECOS05,20210610,132422,47,1,3625,409,3699,457,12_01/ECOS05/101_WSCT/WSCT6245.JPG
12_01,ECOS05,20210610,132622,29,1,3141,1171,3234,1266,12_01/ECOS05/101_WSCT/WSCT6247.JPG
12_01,ECOS05,20210610,132722,25,1,3140,1171,3233,1264,12_01/ECOS05/101_WSCT/WSCT6248.JPG
12_01,ECOS05,20210610,132922,85,1,1501,885,1605,973,12_01/ECOS05/101_WSCT/WSCT6250.JPG
12_01,ECOS05,20210610,133224,26,1,3624,410,3698,457,12_01/ECOS05/101_WSCT/WSCT6253.JPG
12_01,ECOS05,20210610,135222,29,1,3627,410,3699,456,12_01/ECOS05/101_WSCT/WSCT6273.JPG
12_01,ECOS05,20210610,135522,47,1,3622,410,3699,458,12_01/ECOS05/101_WSCT/WSCT6276.JPG
12_01,ECOS05,20210610,140524,71,1,3649,8,3818,97,12_01/ECOS05/101_WSCT/WSCT6286.JPG
12_01,ECOS05,20210610,141024,36,1,3622,410,3699,459,12_01/ECOS05/101_WSCT/WSCT6291.JPG
12_01,ECOS05,20210610,141124,30,1,3623,410,3699,458,12_01/ECOS05/101_WSCT/WSCT6292.JPG
12_01,ECOS05,20210610,145322,29,1,3975,1956,4090,2054,12_01/ECOS05/101_WSCT/WSCT6334.JPG
12_01,ECOS05,20210610,145422,25,1,3147,1175,3239,1265,12_01/ECOS05/101_WSCT/WSCT6335.JPG
12_01,ECOS05,20210610,150222,26,1,3146,1176,3239,1264,12_01/ECOS05/101_WSCT/WSCT6343.JPG
12_01,ECOS05,20210610,151722,30,1,3147,1175,3236,1261,12_01/ECOS05/101_WSCT/WSCT6358.JPG
12_01,ECOS05,20210610,155228,86,1,580,1707,661,1801,12_01/ECOS05/101_WSCT/WSCT6393.JPG
12_01,ECOS05,20210610,161428,28,1,3147,1174,3235,1259,12_01/ECOS05/101_WSCT/WSCT6415.JPG
12_01,ECOS05,20210610,161630,26,1,3147,1174,3236,1261,12_01/ECOS05/101_WSCT/WSCT6417.JPG
12_01,ECOS05,20210610,170928,48,1,3517,2135,3609,2232,12_01/ECOS05/101_WSCT/WSCT6470.JPG
12_01,ECOS05,20210610,171028,28,1,3517,2136,3610,2232,12_01/ECOS05/101_WSCT/WSCT6471.JPG
12_01,ECOS05,20210610,171128,46,1,3517,2136,3607,2232,12_01/ECOS05/101_WSCT/WSCT6472.JPG
12_01,ECOS05,20210610,171228,57,1,3518,2135,3608,2233,12_01/ECOS05/101_WSCT/WSCT6473.JPG
12_01,ECOS05,20210610,171436,36,1,3517,2137,3606,2233,12_01/ECOS05/101_WSCT/WSCT6475.JPG
12_01,ECOS05,20210610,171536,27,1,3517,2137,3607,2231,12_01/ECOS05/101_WSCT/WSCT6476.JPG
12_01,ECOS05,20210610,171636,50,1,3519,2136,3609,2231,12_01/ECOS05/101_WSCT/WSCT6477.JPG
12_01,ECOS05,20210610,172036,59,1,3518,2135,3609,2231,12_01/ECOS05/101_WSCT/WSCT6481.JPG
12_01,ECOS05,20210610,172136,50,1,3515,2133,3610,2232,12_01/ECOS05/101_WSCT/WSCT6482.JPG
12_01,ECOS05,20210610,172236,33,1,3517,2134,3609,2233,12_01/ECOS05/101_WSCT/WSCT6483.JPG
12_01,ECOS05,20210610,172336,51,1,3518,2135,3610,2231,12_01/ECOS05/101_WSCT/WSCT6484.JPG
12_01,ECOS05,20210610,172436,38,1,3515,2131,3608,2231,12_01/ECOS05/101_WSCT/WSCT6485.JPG
12_01,ECOS05,20210610,172536,50,1,3517,2133,3608,2232,12_01/ECOS05/101_WSCT/WSCT6486.JPG
12_01,ECOS05,20210610,172636,60,1,3515,2132,3607,2232,12_01/ECOS05/101_WSCT/WSCT6487.JPG
12_01,ECOS05,20210610,173236,53,1,3516,2133,3607,2231,12_01/ECOS05/101_WSCT/WSCT6493.JPG
12_01,ECOS05,20210610,173436,32,1,3516,2134,3608,2231,12_01/ECOS05/101_WSCT/WSCT6495.JPG
12_01,ECOS05,20210610,173636,44,1,3516,2133,3608,2230,12_01/ECOS05/101_WSCT/WSCT6497.JPG
12_01,ECOS05,20210610,173736,73,1,3516,2133,3608,2231,12_01/ECOS05/101_WSCT/WSCT6498.JPG
12_01,ECOS05,20210610,173836,25,1,3522,2136,3607,2230,12_01/ECOS05/101_WSCT/WSCT6499.JPG
12_01,ECOS05,20210610,174536,35,1,3516,2135,3606,2232,12_01/ECOS05/101_WSCT/WSCT6506.JPG
12_01,ECOS05,20210610,174836,26,1,3517,2134,3608,2231,12_01/ECOS05/101_WSCT/WSCT6509.JPG
12_01,ECOS05,20210610,174836,31,1,4133,618,4224,684,12_01/ECOS05/101_WSCT/WSCT6509.JPG
12_01,ECOS05,20210610,175036,27,1,3517,2133,3608,2231,12_01/ECOS05/101_WSCT/WSCT6511.JPG
12_01,ECOS05,20210610,175036,79,1,525,1286,606,1370,12_01/ECOS05/101_WSCT/WSCT6511.JPG
12_01,ECOS05,20210610,175536,32,1,3517,2132,3607,2231,12_01/ECOS05/101_WSCT/WSCT6516.JPG
12_01,ECOS05,20210610,175636,32,1,3516,2132,3607,2232,12_01/ECOS05/101_WSCT/WSCT6517.JPG
12_01,ECOS05,20210610,180136,33,1,1643,1462,1730,1584,12_01/ECOS05/101_WSCT/WSCT6522.JPG
12_01,ECOS05,20210610,180236,88,1,2192,845,2310,939,12_01/ECOS05/101_WSCT/WSCT6523.JPG
12_01,ECOS05,20210610,180336,89,1,2191,846,2310,939,12_01/ECOS05/101_WSCT/WSCT6524.JPG
12_01,ECOS05,20210610,180436,27,1,3515,2131,3607,2232,12_01/ECOS05/101_WSCT/WSCT6525.JPG
12_01,ECOS05,20210610,180536,28,1,3516,2132,3607,2232,12_01/ECOS05/101_WSCT/WSCT6526.JPG
12_01,ECOS05,20210610,180636,43,1,3516,2132,3606,2231,12_01/ECOS05/101_WSCT/WSCT6527.JPG
12_01,ECOS05,20210610,180936,25,1,3516,2134,3606,2230,12_01/ECOS05/101_WSCT/WSCT6530.JPG
12_01,ECOS05,20210610,181236,36,1,3971,1950,4094,2052,12_01/ECOS05/101_WSCT/WSCT6533.JPG
12_01,ECOS05,20210610,181836,34,1,3969,1951,4093,2053,12_01/ECOS05/101_WSCT/WSCT6539.JPG
12_01,ECOS05,20210610,181936,34,1,2824,423,2913,483,12_01/ECOS05/101_WSCT/WSCT6540.JPG
12_01,ECOS05,20210610,182236,31,1,3516,2135,3605,2230,12_01/ECOS05/101_WSCT/WSCT6543.JPG
12_01,ECOS05,20210610,182336,35,1,3516,2134,3606,2230,12_01/ECOS05/101_WSCT/WSCT6544.JPG
12_01,ECOS05,20210610,182636,31,1,3516,2135,3605,2231,12_01/ECOS05/101_WSCT/WSCT6547.JPG
12_01,ECOS05,20210610,182736,27,1,3517,2134,3607,2230,12_01/ECOS05/101_WSCT/WSCT6548.JPG
12_01,ECOS05,20210610,182736,27,1,1963,946,2035,1001,12_01/ECOS05/101_WSCT/WSCT6548.JPG
12_01,ECOS05,20210610,182936,45,1,1954,1160,2041,1222,12_01/ECOS05/101_WSCT/WSCT6550.JPG
12_01,ECOS05,20210610,183236,29,1,3514,2130,3606,2231,12_01/ECOS05/101_WSCT/WSCT6553.JPG
12_01,ECOS05,20210610,183236,52,1,1748,1325,1813,1384,12_01/ECOS05/101_WSCT/WSCT6553.JPG
12_01,ECOS05,20210610,183436,89,1,1721,1443,1798,1550,12_01/ECOS05/101_WSCT/WSCT6555.JPG
12_01,ECOS05,20210610,184536,42,1,3514,2130,3605,2230,12_01/ECOS05/101_WSCT/WSCT6566.JPG
12_01,ECOS05,20210610,184636,25,1,3514,2131,3605,2230,12_01/ECOS05/101_WSCT/WSCT6567.JPG
12_01,ECOS05,20210610,184736,27,1,1104,1175,1220,1243,12_01/ECOS05/101_WSCT/WSCT6568.JPG
12_01,ECOS05,20210610,184736,28,1,3516,2133,3605,2230,12_01/ECOS05/101_WSCT/WSCT6568.JPG
12_01,ECOS05,20210610,184836,30,1,3515,2133,3604,2229,12_01/ECOS05/101_WSCT/WSCT6569.JPG
12_01,ECOS05,20210610,221750,49,1,3345,1580,3425,1682,12_01/ECOS05/101_WSCT/WSCT6778.JPG
12_01,ECOS05,20210610,222850,32,1,3179,1618,3266,1679,12_01/ECOS05/101_WSCT/WSCT6789.JPG
12_01,ECOS05,20210610,223150,59,1,3195,1588,3280,1680,12_01/ECOS05/101_WSCT/WSCT6792.JPG
12_01,ECOS05,20210611,070002,26,1,3513,2146,3590,2227,12_01/ECOS05/101_WSCT/WSCT6821.JPG
12_01,ECOS05,20210611,113516,41,1,3545,138,3624,199,12_01/ECOS05/101_WSCT/WSCT7096.JPG
12_01,ECOS05,20210611,122716,62,1,1835,923,1918,1004,12_01/ECOS05/101_WSCT/WSCT7148.JPG
12_01,ECOS05,20210611,122816,48,1,1837,925,1916,1002,12_01/ECOS05/101_WSCT/WSCT7149.JPG
12_01,ECOS05,20210611,123016,26,1,1838,924,1918,1003,12_01/ECOS05/101_WSCT/WSCT7151.JPG
12_01,ECOS05,20210611,123116,38,1,1836,921,1920,1005,12_01/ECOS05/101_WSCT/WSCT7152.JPG
12_01,ECOS05,20210611,123316,32,1,1836,919,1919,1005,12_01/ECOS05/101_WSCT/WSCT7154.JPG
12_01,ECOS05,20210611,123516,25,1,1838,923,1918,1003,12_01/ECOS05/101_WSCT/WSCT7156.JPG
12_01,ECOS05,20210611,123616,42,1,1840,922,1919,997,12_01/ECOS05/101_WSCT/WSCT7157.JPG
12_01,ECOS05,20210611,174130,61,1,1694,41,1760,131,12_01/ECOS05/101_WSCT/WSCT7462.JPG
12_01,ECOS05,20210611,193630,58,1,2270,1894,2415,1974,12_01/ECOS05/101_WSCT/WSCT7577.JPG
12_01,ECOS05,20210611,194030,33,1,2268,1890,2417,1976,12_01/ECOS05/101_WSCT/WSCT7581.JPG
12_01,ECOS05,20210611,210530,37,1,1,450,76,509,12_01/ECOS05/101_WSCT/WSCT7666.JPG
12_01,ECOS05,20210611,222436,40,1,318,1517,426,1631,12_01/ECOS05/101_WSCT/WSCT7745.JPG
12_01,ECOS05,20210611,222536,82,1,154,1219,240,1320,12_01/ECOS05/101_WSCT/WSCT7746.JPG
12_01,ECOS05,20210612,072502,30,1,1106,872,1176,945,12_01/ECOS05/101_WSCT/WSCT7806.JPG
12_01,ECOS05,20210612,072602,86,1,1099,862,1181,955,12_01/ECOS05/101_WSCT/WSCT7807.JPG
12_01,ECOS05,20210612,073302,33,1,2002,1378,2103,1479,12_01/ECOS05/101_WSCT/WSCT7814.JPG
12_01,ECOS05,20210612,104916,65,1,1515,651,1605,770,12_01/ECOS05/101_WSCT/WSCT8010.JPG
12_01,ECOS05,20210612,113316,43,1,3642,389,3725,441,12_01/ECOS05/101_WSCT/WSCT8054.JPG
12_01,ECOS05,20210612,120216,28,1,1839,913,1917,1005,12_01/ECOS05/101_WSCT/WSCT8083.JPG
12_01,ECOS05,20210612,121716,38,1,1842,914,1917,1003,12_01/ECOS05/101_WSCT/WSCT8098.JPG
12_01,ECOS05,20210612,122516,32,1,1841,918,1915,1001,12_01/ECOS05/101_WSCT/WSCT8106.JPG
12_01,ECOS05,20210612,123116,45,1,1842,918,1917,999,12_01/ECOS05/101_WSCT/WSCT8112.JPG
12_01,ECOS05,20210612,123216,31,1,1840,916,1916,1003,12_01/ECOS05/101_WSCT/WSCT8113.JPG
12_01,ECOS05,20210612,124016,66,1,3511,602,3614,709,12_01/ECOS05/101_WSCT/WSCT8121.JPG
12_01,ECOS05,20210612,124116,68,1,3504,603,3599,708,12_01/ECOS05/101_WSCT/WSCT8122.JPG
12_01,ECOS05,20210612,124216,83,1,3512,607,3605,711,12_01/ECOS05/101_WSCT/WSCT8123.JPG
12_01,ECOS05,20210612,124316,28,1,3292,652,3457,760,12_01/ECOS05/101_WSCT/WSCT8124.JPG
12_01,ECOS05,20210612,124916,88,1,3594,989,3723,1124,12_01/ECOS05/101_WSCT/WSCT8130.JPG
12_01,ECOS05,20210612,125616,57,1,861,300,942,379,12_01/ECOS05/101_WSCT/WSCT8137.JPG
12_01,ECOS05,20210612,130116,60,1,860,300,942,377,12_01/ECOS05/101_WSCT/WSCT8142.JPG
12_01,ECOS05,20210612,130816,71,1,862,298,945,379,12_01/ECOS05/101_WSCT/WSCT8149.JPG
12_01,ECOS05,20210612,140018,26,1,3645,387,3723,438,12_01/ECOS05/101_WSCT/WSCT8201.JPG
12_01,ECOS05,20210612,143516,86,1,2118,1791,2201,1927,12_01/ECOS05/101_WSCT/WSCT8236.JPG
12_01,ECOS05,20210612,143616,82,1,2115,1791,2197,1922,12_01/ECOS05/101_WSCT/WSCT8237.JPG
12_01,ECOS05,20210612,143716,32,1,2076,1724,2178,1813,12_01/ECOS05/101_WSCT/WSCT8238.JPG
12_01,ECOS05,20210612,155116,56,1,0,1292,89,1364,12_01/ECOS05/101_WSCT/WSCT8312.JPG
12_01,ECOS05,20210612,155416,28,1,0,1291,98,1367,12_01/ECOS05/101_WSCT/WSCT8315.JPG
12_01,ECOS05,20210612,155716,59,1,1,1295,92,1364,12_01/ECOS05/101_WSCT/WSCT8318.JPG
12_01,ECOS05,20210612,160316,31,1,427,816,503,903,12_01/ECOS05/101_WSCT/WSCT8324.JPG
12_01,ECOS05,20210612,161416,38,1,1,1272,114,1359,12_01/ECOS05/101_WSCT/WSCT8335.JPG
12_01,ECOS05,20210612,161516,54,1,0,1250,105,1332,12_01/ECOS05/101_WSCT/WSCT8336.JPG
12_01,ECOS05,20210612,161816,26,1,0,1249,82,1332,12_01/ECOS05/101_WSCT/WSCT8339.JPG
12_01,ECOS05,20210612,162716,58,1,0,1243,52,1324,12_01/ECOS05/101_WSCT/WSCT8348.JPG
12_01,ECOS05,20210612,162916,47,1,1,1241,52,1323,12_01/ECOS05/101_WSCT/WSCT8350.JPG
12_01,ECOS05,20210612,163016,46,1,0,1238,57,1318,12_01/ECOS05/101_WSCT/WSCT8351.JPG
12_01,ECOS05,20210612,170916,40,1,2831,1730,2913,1793,12_01/ECOS05/101_WSCT/WSCT8390.JPG
12_01,ECOS05,20210612,171416,26,1,2830,1726,2913,1793,12_01/ECOS05/101_WSCT/WSCT8395.JPG
12_01,ECOS05,20210612,173716,43,1,2833,1725,2914,1794,12_01/ECOS05/101_WSCT/WSCT8418.JPG
12_01,ECOS05,20210612,183516,67,1,1685,632,1755,708,12_01/ECOS05/101_WSCT/WSCT8476.JPG
12_01,ECOS05,20210612,184616,25,1,2607,693,2678,776,12_01/ECOS05/101_WSCT/WSCT8487.JPG
12_01,ECOS05,20210612,191716,84,1,478,1465,586,1549,12_01/ECOS05/101_WSCT/WSCT8518.JPG
12_01,ECOS05,20210612,212030,36,1,240,971,321,1021,12_01/ECOS05/101_WSCT/WSCT8641.JPG
12_01,ECOS05,20210613,071902,28,1,0,778,42,843,12_01/ECOS05/101_WSCT/WSCT8760.JPG
12_01,ECOS05,20210613,091816,40,1,1864,1408,1972,1532,12_01/ECOS05/101_WSCT/WSCT8879.JPG
12_01,ECOS05,20210613,114916,44,1,1837,919,1916,994,12_01/ECOS05/101_WSCT/WSCT9030.JPG
12_01,ECOS05,20210613,115016,37,1,1841,913,1919,993,12_01/ECOS05/101_WSCT/WSCT9031.JPG
12_01,ECOS05,20210613,115116,29,1,348,854,423,946,12_01/ECOS05/101_WSCT/WSCT9032.JPG
12_01,ECOS05,20210613,115116,57,1,1839,914,1921,992,12_01/ECOS05/101_WSCT/WSCT9032.JPG
12_01,ECOS05,20210613,115516,30,1,1519,1103,1590,1186,12_01/ECOS05/101_WSCT/WSCT9036.JPG
12_01,ECOS05,20210613,115816,25,1,1837,917,1920,994,12_01/ECOS05/101_WSCT/WSCT9039.JPG
12_01,ECOS05,20210613,120116,68,1,583,2301,665,2374,12_01/ECOS05/101_WSCT/WSCT9042.JPG
12_01,ECOS05,20210613,120416,49,1,1847,914,1920,992,12_01/ECOS05/101_WSCT/WSCT9045.JPG
12_01,ECOS05,20210613,120516,37,1,346,855,423,946,12_01/ECOS05/101_WSCT/WSCT9046.JPG
12_01,ECOS05,20210613,120616,33,1,348,856,419,944,12_01/ECOS05/101_WSCT/WSCT9047.JPG
12_01,ECOS05,20210613,120716,39,1,348,857,419,944,12_01/ECOS05/101_WSCT/WSCT9048.JPG
12_01,ECOS05,20210613,120916,45,1,1836,915,1919,989,12_01/ECOS05/101_WSCT/WSCT9050.JPG
12_01,ECOS05,20210613,123616,71,1,1533,1576,1628,1702,12_01/ECOS05/101_WSCT/WSCT9077.JPG
12_01,ECOS05,20210613,123716,67,1,1412,1763,1585,1861,12_01/ECOS05/101_WSCT/WSCT9078.JPG
12_01,ECOS05,20210613,123816,62,1,1439,1782,1596,1874,12_01/ECOS05/101_WSCT/WSCT9079.JPG
12_01,ECOS05,20210613,123816,80,1,947,1633,1041,1738,12_01/ECOS05/101_WSCT/WSCT9079.JPG
12_01,ECOS05,20210613,123916,84,1,1287,2184,1397,2318,12_01/ECOS05/101_WSCT/WSCT9080.JPG
12_01,ECOS05,20210613,125416,33,1,2305,351,2388,448,12_01/ECOS05/101_WSCT/WSCT9095.JPG
12_01,ECOS05,20210613,125916,71,1,2641,604,2741,726,12_01/ECOS05/101_WSCT/WSCT9100.JPG
12_01,ECOS05,20210613,131024,32,1,3640,383,3719,431,12_01/ECOS05/101_WSCT/WSCT9111.JPG
12_01,ECOS05,20210613,131224,43,1,3640,381,3720,432,12_01/ECOS05/101_WSCT/WSCT9113.JPG
12_01,ECOS05,20210613,131324,63,1,1562,378,1629,440,12_01/ECOS05/101_WSCT/WSCT9114.JPG
12_01,ECOS05,20210613,131724,27,1,3640,382,3716,430,12_01/ECOS05/101_WSCT/WSCT9118.JPG
12_01,ECOS05,20210613,131824,34,1,343,854,414,940,12_01/ECOS05/101_WSCT/WSCT9119.JPG
12_01,ECOS05,20210613,131824,36,1,3638,381,3720,432,12_01/ECOS05/101_WSCT/WSCT9119.JPG
12_01,ECOS05,20210613,133522,81,1,531,216,659,283,12_01/ECOS05/101_WSCT/WSCT9136.JPG
12_01,ECOS05,20210613,133622,31,1,2669,1801,2726,1853,12_01/ECOS05/101_WSCT/WSCT9137.JPG
12_01,ECOS05,20210613,133622,75,1,2120,166,2207,297,12_01/ECOS05/101_WSCT/WSCT9137.JPG
12_01,ECOS05,20210613,133922,28,1,1543,2305,1635,2366,12_01/ECOS05/101_WSCT/WSCT9140.JPG
12_01,ECOS05,20210613,134224,44,1,1517,1286,1603,1367,12_01/ECOS05/101_WSCT/WSCT9143.JPG
12_01,ECOS05,20210613,140936,51,1,3640,380,3715,434,12_01/ECOS05/101_WSCT/WSCT9170.JPG
12_01,ECOS05,20210613,140936,61,1,2831,1727,2917,1790,12_01/ECOS05/101_WSCT/WSCT9170.JPG
12_01,ECOS05,20210613,142236,31,1,3637,378,3719,433,12_01/ECOS05/101_WSCT/WSCT9183.JPG
12_01,ECOS05,20210613,142438,41,1,3639,382,3716,432,12_01/ECOS05/101_WSCT/WSCT9185.JPG
12_01,ECOS05,20210613,142538,56,1,3636,380,3718,433,12_01/ECOS05/101_WSCT/WSCT9186.JPG
12_01,ECOS05,20210613,142738,39,1,3638,378,3718,434,12_01/ECOS05/101_WSCT/WSCT9188.JPG
12_01,ECOS05,20210613,142838,43,1,3636,378,3723,433,12_01/ECOS05/101_WSCT/WSCT9189.JPG
12_01,ECOS05,20210613,150836,39,1,3640,381,3718,431,12_01/ECOS05/101_WSCT/WSCT9229.JPG
12_01,ECOS05,20210613,150936,25,1,3639,380,3718,434,12_01/ECOS05/101_WSCT/WSCT9230.JPG
12_01,ECOS05,20210613,155044,34,1,1894,1524,1980,1598,12_01/ECOS05/101_WSCT/WSCT9271.JPG
12_01,ECOS05,20210613,155844,43,1,1925,1585,2008,1675,12_01/ECOS05/101_WSCT/WSCT9279.JPG
12_01,ECOS05,20210613,160944,27,1,1923,1584,2009,1662,12_01/ECOS05/101_WSCT/WSCT9290.JPG
12_01,ECOS05,20210613,162244,27,1,1924,1581,2010,1668,12_01/ECOS05/101_WSCT/WSCT9303.JPG
12_01,ECOS05,20210613,163444,29,1,1925,1580,2014,1675,12_01/ECOS05/101_WSCT/WSCT9315.JPG
12_01,ECOS05,20210613,163644,30,1,1928,1578,2013,1671,12_01/ECOS05/101_WSCT/WSCT9317.JPG
12_01,ECOS05,20210613,163844,72,1,1927,1577,2013,1670,12_01/ECOS05/101_WSCT/WSCT9319.JPG
12_01,ECOS05,20210613,163944,39,1,1919,1583,2015,1678,12_01/ECOS05/101_WSCT/WSCT9320.JPG
12_01,ECOS05,20210613,164044,70,1,1927,1573,2016,1669,12_01/ECOS05/101_WSCT/WSCT9321.JPG
12_01,ECOS05,20210613,164144,28,1,1735,2013,1829,2096,12_01/ECOS05/101_WSCT/WSCT9322.JPG
12_01,ECOS05,20210613,164244,74,1,1924,1577,2012,1664,12_01/ECOS05/101_WSCT/WSCT9323.JPG
12_01,ECOS05,20210613,164544,52,1,1733,2014,1829,2096,12_01/ECOS05/101_WSCT/WSCT9326.JPG
12_01,ECOS05,20210613,164544,61,1,1925,1578,2015,1666,12_01/ECOS05/101_WSCT/WSCT9326.JPG
12_01,ECOS05,20210613,164644,29,1,1735,2013,1828,2094,12_01/ECOS05/101_WSCT/WSCT9327.JPG
12_01,ECOS05,20210613,164644,53,1,1923,1573,2018,1660,12_01/ECOS05/101_WSCT/WSCT9327.JPG
12_01,ECOS05,20210613,164744,26,1,1737,2014,1828,2094,12_01/ECOS05/101_WSCT/WSCT9328.JPG
12_01,ECOS05,20210613,164744,36,1,1928,1571,2012,1664,12_01/ECOS05/101_WSCT/WSCT9328.JPG
12_01,ECOS05,20210613,164844,34,1,1735,2013,1828,2093,12_01/ECOS05/101_WSCT/WSCT9329.JPG
12_01,ECOS05,20210613,164944,50,1,1734,2012,1829,2092,12_01/ECOS05/101_WSCT/WSCT9330.JPG
12_01,ECOS05,20210613,165044,38,1,1920,1577,2011,1661,12_01/ECOS05/101_WSCT/WSCT9331.JPG
12_01,ECOS05,20210613,165150,36,1,1736,2011,1827,2092,12_01/ECOS05/101_WSCT/WSCT9332.JPG
12_01,ECOS05,20210613,165250,35,1,1736,2011,1827,2094,12_01/ECOS05/101_WSCT/WSCT9333.JPG
12_01,ECOS05,20210613,165250,72,1,1610,217,1692,292,12_01/ECOS05/101_WSCT/WSCT9333.JPG
12_01,ECOS05,20210613,165250,74,1,1924,1575,2011,1666,12_01/ECOS05/101_WSCT/WSCT9333.JPG
12_01,ECOS05,20210613,165350,61,1,1922,1583,2010,1667,12_01/ECOS05/101_WSCT/WSCT9334.JPG
12_01,ECOS05,20210613,165550,69,1,1923,1575,2012,1667,12_01/ECOS05/101_WSCT/WSCT9336.JPG
12_01,ECOS05,20210613,171752,29,1,1936,1572,2015,1664,12_01/ECOS05/101_WSCT/WSCT9358.JPG
12_01,ECOS05,20210613,171952,78,1,989,2292,1080,2376,12_01/ECOS05/101_WSCT/WSCT9360.JPG
12_01,ECOS05,20210613,172052,26,1,1937,1574,2016,1662,12_01/ECOS05/101_WSCT/WSCT9361.JPG
12_01,ECOS05,20210613,172752,27,1,1839,912,1921,999,12_01/ECOS05/101_WSCT/WSCT9368.JPG
12_01,ECOS05,20210613,173052,68,1,1936,1577,2011,1661,12_01/ECOS05/101_WSCT/WSCT9371.JPG
12_01,ECOS05,20210613,173352,25,1,1933,1576,2010,1655,12_01/ECOS05/101_WSCT/WSCT9374.JPG
12_01,ECOS05,20210613,173850,44,1,2836,1711,2918,1784,12_01/ECOS05/101_WSCT/WSCT9379.JPG
12_01,ECOS05,20210613,174250,32,1,201,415,304,521,12_01/ECOS05/101_WSCT/WSCT9383.JPG
12_01,ECOS05,20210613,174450,53,1,79,377,164,481,12_01/ECOS05/101_WSCT/WSCT9385.JPG
12_01,ECOS05,20210613,184352,60,1,1926,1567,2015,1664,12_01/ECOS05/101_WSCT/WSCT9444.JPG
12_01,ECOS05,20210613,200358,33,1,1887,1839,1956,1922,12_01/ECOS05/101_WSCT/WSCT9524.JPG
12_01,ECOS05,20210613,200358,53,1,209,1456,298,1524,12_01/ECOS05/101_WSCT/WSCT9524.JPG
12_01,ECOS05,20210613,200558,50,1,1986,1977,2064,2067,12_01/ECOS05/101_WSCT/WSCT9526.JPG
12_01,ECOS05,20210613,200558,54,1,47,1287,119,1371,12_01/ECOS05/101_WSCT/WSCT9526.JPG
12_01,ECOS05,20210613,200658,72,1,172,1055,269,1109,12_01/ECOS05/101_WSCT/WSCT9527.JPG
12_01,ECOS05,20210613,200758,67,1,593,258,673,310,12_01/ECOS05/101_WSCT/WSCT9528.JPG
12_01,ECOS05,20210613,205358,74,1,1181,340,1268,395,12_01/ECOS05/101_WSCT/WSCT9574.JPG
12_01,ECOS05,20210613,205458,30,1,1285,569,1388,634,12_01/ECOS05/101_WSCT/WSCT9575.JPG
12_01,ECOS05,20210613,205558,54,1,1671,477,1754,528,12_01/ECOS05/101_WSCT/WSCT9576.JPG
12_01,ECOS05,20210613,205858,37,1,2210,364,2300,436,12_01/ECOS05/101_WSCT/WSCT9579.JPG
12_01,ECOS05,20210613,210258,34,1,2378,627,2462,716,12_01/ECOS05/101_WSCT/WSCT9583.JPG
12_01,ECOS05,20210613,210858,35,1,2377,616,2465,706,12_01/ECOS05/101_WSCT/WSCT9589.JPG
12_01,ECOS05,20210613,211158,44,1,2281,796,2373,890,12_01/ECOS05/101_WSCT/WSCT9592.JPG
12_01,ECOS05,20210613,212358,32,1,2674,1148,2757,1215,12_01/ECOS05/101_WSCT/WSCT9604.JPG
12_01,ECOS05,20210613,212958,41,1,2318,118,2402,201,12_01/ECOS05/101_WSCT/WSCT9610.JPG
12_01,ECOS05,20210613,213858,25,1,1516,1390,1588,1471,12_01/ECOS05/101_WSCT/WSCT9619.JPG
12_01,ECOS05,20210613,220304,63,1,35,277,114,372,12_01/ECOS05/101_WSCT/WSCT9643.JPG
12_01,ECOS05,20210613,222304,37,1,642,2228,720,2321,12_01/ECOS05/101_WSCT/WSCT9663.JPG
12_01,ECOS05,20210614,072302,29,1,1542,1409,1620,1476,12_01/ECOS05/101_WSCT/WSCT9723.JPG
12_01,ECOS05,20210614,083102,28,1,1697,1342,1768,1395,12_01/ECOS05/101_WSCT/WSCT9791.JPG
12_01,ECOS05,20210614,101602,27,1,3646,376,3725,432,12_01/ECOS05/101_WSCT/WSCT9896.JPG
12_01,ECOS05,20210614,101802,35,1,3644,377,3727,432,12_01/ECOS05/101_WSCT/WSCT9898.JPG
12_01,ECOS05,20210614,111002,80,1,3018,1438,3121,1544,12_01/ECOS05/101_WSCT/WSCT9950.JPG
