08_06,NAIM37 2_0,20210719,104718,41,1,3263,1691,3366,1785,08_06/NAIM37 2_0/101_WSCT/WSCT3670.JPG
08_06,NAIM37 2_0,20210719,111518,51,1,3261,1690,3361,1781,08_06/NAIM37 2_0/101_WSCT/WSCT3698.JPG
08_06,NAIM37 2_0,20210719,111618,36,1,3264,1692,3365,1785,08_06/NAIM37 2_0/101_WSCT/WSCT3699.JPG
08_06,NAIM37 2_0,20210719,112018,65,1,1173,1676,1266,1785,08_06/NAIM37 2_0/101_WSCT/WSCT3703.JPG
08_06,NAIM37 2_0,20210719,113018,85,1,2517,230,2648,328,08_06/NAIM37 2_0/101_WSCT/WSCT3713.JPG
08_06,NAIM37 2_0,20210719,120918,88,1,239,2154,333,2262,08_06/NAIM37 2_0/101_WSCT/WSCT3752.JPG
08_06,NAIM37 2_0,20210719,123418,27,1,4064,2045,4156,2145,08_06/NAIM37 2_0/101_WSCT/WSCT3777.JPG
08_06,NAIM37 2_0,20210719,124918,26,1,4067,2046,4158,2147,08_06/NAIM37 2_0/101_WSCT/WSCT3792.JPG
08_06,NAIM37 2_0,20210719,125718,83,1,1946,300,2096,418,08_06/NAIM37 2_0/101_WSCT/WSCT3800.JPG
08_06,NAIM37 2_0,20210719,130418,89,1,3302,782,3474,935,08_06/NAIM37 2_0/101_WSCT/WSCT3807.JPG
08_06,NAIM37 2_0,20210719,130618,91,1,1251,842,1387,1036,08_06/NAIM37 2_0/101_WSCT/WSCT3809.JPG
08_06,NAIM37 2_0,20210719,130818,89,1,86,1754,191,1888,08_06/NAIM37 2_0/101_WSCT/WSCT3811.JPG
08_06,NAIM37 2_0,20210719,133124,52,1,1172,733,1553,1000,08_06/NAIM37 2_0/101_WSCT/WSCT3834.JPG
08_06,NAIM37 2_0,20210719,133224,55,1,1480,819,1698,1141,08_06/NAIM37 2_0/101_WSCT/WSCT3835.JPG
08_06,NAIM37 2_0,20210719,134824,89,1,1554,792,1879,1049,08_06/NAIM37 2_0/101_WSCT/WSCT3851.JPG
08_06,NAIM37 2_0,20210719,140924,84,1,1087,1301,1192,1402,08_06/NAIM37 2_0/101_WSCT/WSCT3872.JPG
08_06,NAIM37 2_0,20210719,141024,84,1,1063,1297,1167,1393,08_06/NAIM37 2_0/101_WSCT/WSCT3873.JPG
08_06,NAIM37 2_0,20210719,141124,80,1,1052,1302,1160,1398,08_06/NAIM37 2_0/101_WSCT/WSCT3874.JPG
08_06,NAIM37 2_0,20210719,142324,90,1,1456,481,1807,874,08_06/NAIM37 2_0/101_WSCT/WSCT3886.JPG
08_06,NAIM37 2_0,20210719,143824,28,1,4063,2044,4152,2142,08_06/NAIM37 2_0/101_WSCT/WSCT3901.JPG
08_06,NAIM37 2_0,20210719,143824,81,1,2502,2261,2629,2373,08_06/NAIM37 2_0/101_WSCT/WSCT3901.JPG
08_06,NAIM37 2_0,20210719,143924,69,1,2511,2234,2652,2376,08_06/NAIM37 2_0/101_WSCT/WSCT3902.JPG
08_06,NAIM37 2_0,20210719,144024,66,1,2527,2218,2730,2367,08_06/NAIM37 2_0/101_WSCT/WSCT3903.JPG
08_06,NAIM37 2_0,20210719,144424,40,1,252,2309,338,2376,08_06/NAIM37 2_0/101_WSCT/WSCT3907.JPG
08_06,NAIM37 2_0,20210719,144824,84,1,1237,853,1654,1132,08_06/NAIM37 2_0/101_WSCT/WSCT3911.JPG
08_06,NAIM37 2_0,20210719,144924,37,1,1232,693,1514,1112,08_06/NAIM37 2_0/101_WSCT/WSCT3912.JPG
08_06,NAIM37 2_0,20210719,145124,96,1,1503,792,1793,1187,08_06/NAIM37 2_0/101_WSCT/WSCT3914.JPG
08_06,NAIM37 2_0,20210719,145224,92,1,1197,800,1496,1208,08_06/NAIM37 2_0/101_WSCT/WSCT3915.JPG
08_06,NAIM37 2_0,20210719,145524,55,1,1731,699,1843,824,08_06/NAIM37 2_0/101_WSCT/WSCT3918.JPG
08_06,NAIM37 2_0,20210719,150124,66,1,1255,665,1554,1054,08_06/NAIM37 2_0/101_WSCT/WSCT3924.JPG
08_06,NAIM37 2_0,20210719,150224,32,1,1255,550,1691,837,08_06/NAIM37 2_0/101_WSCT/WSCT3925.JPG
08_06,NAIM37 2_0,20210719,150324,36,1,1652,680,1864,1117,08_06/NAIM37 2_0/101_WSCT/WSCT3926.JPG
08_06,NAIM37 2_0,20210719,150824,34,1,4064,2043,4165,2143,08_06/NAIM37 2_0/101_WSCT/WSCT3931.JPG
08_06,NAIM37 2_0,20210719,151624,41,1,4068,2049,4164,2139,08_06/NAIM37 2_0/101_WSCT/WSCT3939.JPG
08_06,NAIM37 2_0,20210719,153124,39,1,4068,2050,4165,2139,08_06/NAIM37 2_0/101_WSCT/WSCT3954.JPG
08_06,NAIM37 2_0,20210719,153524,30,1,4067,2049,4164,2137,08_06/NAIM37 2_0/101_WSCT/WSCT3958.JPG
08_06,NAIM37 2_0,20210719,154924,79,1,651,1481,741,1576,08_06/NAIM37 2_0/101_WSCT/WSCT3972.JPG
08_06,NAIM37 2_0,20210719,155424,31,1,505,377,599,470,08_06/NAIM37 2_0/101_WSCT/WSCT3977.JPG
08_06,NAIM37 2_0,20210719,165324,27,1,6,2056,254,2347,08_06/NAIM37 2_0/101_WSCT/WSCT4036.JPG
08_06,NAIM37 2_0,20210719,174524,88,1,2383,1579,2487,1726,08_06/NAIM37 2_0/101_WSCT/WSCT4088.JPG
08_06,NAIM37 2_0,20210719,174724,51,1,248,1326,412,1482,08_06/NAIM37 2_0/101_WSCT/WSCT4090.JPG
08_06,NAIM37 2_0,20210719,174824,89,1,398,1311,597,1473,08_06/NAIM37 2_0/101_WSCT/WSCT4091.JPG
08_06,NAIM37 2_0,20210719,174924,88,1,399,1309,601,1470,08_06/NAIM37 2_0/101_WSCT/WSCT4092.JPG
08_06,NAIM37 2_0,20210719,175024,84,1,516,1434,703,1594,08_06/NAIM37 2_0/101_WSCT/WSCT4093.JPG
08_06,NAIM37 2_0,20210719,175124,81,1,569,1424,719,1621,08_06/NAIM37 2_0/101_WSCT/WSCT4094.JPG
08_06,NAIM37 2_0,20210719,175524,54,1,572,1431,708,1608,08_06/NAIM37 2_0/101_WSCT/WSCT4098.JPG
08_06,NAIM37 2_0,20210719,175624,78,1,516,1487,653,1662,08_06/NAIM37 2_0/101_WSCT/WSCT4099.JPG
08_06,NAIM37 2_0,20210719,175724,71,1,514,1522,662,1692,08_06/NAIM37 2_0/101_WSCT/WSCT4100.JPG
08_06,NAIM37 2_0,20210719,175824,58,1,500,1512,651,1705,08_06/NAIM37 2_0/101_WSCT/WSCT4101.JPG
08_06,NAIM37 2_0,20210719,175924,86,1,263,2076,435,2266,08_06/NAIM37 2_0/101_WSCT/WSCT4102.JPG
08_06,NAIM37 2_0,20210719,180024,59,1,176,2259,321,2374,08_06/NAIM37 2_0/101_WSCT/WSCT4103.JPG
08_06,NAIM37 2_0,20210719,180124,62,1,252,2283,382,2376,08_06/NAIM37 2_0/101_WSCT/WSCT4104.JPG
08_06,NAIM37 2_0,20210719,212932,27,1,2018,2079,2171,2253,08_06/NAIM37 2_0/101_WSCT/WSCT4312.JPG
08_06,NAIM37 2_0,20210720,075102,25,1,1616,878,1751,1039,08_06/NAIM37 2_0/101_WSCT/WSCT4454.JPG
08_06,NAIM37 2_0,20210720,080502,33,1,3489,457,3601,591,08_06/NAIM37 2_0/101_WSCT/WSCT4468.JPG
08_06,NAIM37 2_0,20210720,080602,60,1,3477,481,3594,638,08_06/NAIM37 2_0/101_WSCT/WSCT4469.JPG
08_06,NAIM37 2_0,20210720,080702,47,1,297,2160,413,2245,08_06/NAIM37 2_0/101_WSCT/WSCT4470.JPG
08_06,NAIM37 2_0,20210720,080702,81,1,3640,390,3756,549,08_06/NAIM37 2_0/101_WSCT/WSCT4470.JPG
08_06,NAIM37 2_0,20210720,094422,86,1,1614,1880,2287,2320,08_06/NAIM37 2_0/101_WSCT/WSCT4567.JPG
08_06,NAIM37 2_0,20210720,094922,67,1,1382,354,1769,773,08_06/NAIM37 2_0/101_WSCT/WSCT4572.JPG
08_06,NAIM37 2_0,20210720,105122,29,1,3094,1695,3207,1793,08_06/NAIM37 2_0/101_WSCT/WSCT4634.JPG
08_06,NAIM37 2_0,20210720,110522,84,1,1773,226,1869,339,08_06/NAIM37 2_0/101_WSCT/WSCT4648.JPG
08_06,NAIM37 2_0,20210720,115830,49,1,925,1214,1011,1315,08_06/NAIM37 2_0/101_WSCT/WSCT4701.JPG
08_06,NAIM37 2_0,20210720,123630,28,1,0,1934,33,2030,08_06/NAIM37 2_0/101_WSCT/WSCT4739.JPG
08_06,NAIM37 2_0,20210720,123630,83,1,1987,251,2097,371,08_06/NAIM37 2_0/101_WSCT/WSCT4739.JPG
08_06,NAIM37 2_0,20210720,131530,83,1,2519,133,2664,215,08_06/NAIM37 2_0/101_WSCT/WSCT4778.JPG
08_06,NAIM37 2_0,20210720,131828,27,1,3872,263,3971,333,08_06/NAIM37 2_0/101_WSCT/WSCT4781.JPG
08_06,NAIM37 2_0,20210720,135330,88,1,1596,1970,1746,2059,08_06/NAIM37 2_0/101_WSCT/WSCT4816.JPG
08_06,NAIM37 2_0,20210720,135430,76,1,3306,1289,3415,1406,08_06/NAIM37 2_0/101_WSCT/WSCT4817.JPG
08_06,NAIM37 2_0,20210720,140134,85,1,1207,662,1316,789,08_06/NAIM37 2_0/101_WSCT/WSCT4824.JPG
08_06,NAIM37 2_0,20210720,140736,87,1,1297,1737,1416,1892,08_06/NAIM37 2_0/101_WSCT/WSCT4830.JPG
08_06,NAIM37 2_0,20210720,144236,65,1,2380,1319,2486,1458,08_06/NAIM37 2_0/101_WSCT/WSCT4865.JPG
08_06,NAIM37 2_0,20210720,152444,88,1,1894,1097,2009,1252,08_06/NAIM37 2_0/101_WSCT/WSCT4907.JPG
08_06,NAIM37 2_0,20210720,153444,61,1,3912,103,4013,162,08_06/NAIM37 2_0/101_WSCT/WSCT4917.JPG
08_06,NAIM37 2_0,20210720,154544,80,1,1357,1786,1493,1879,08_06/NAIM37 2_0/101_WSCT/WSCT4928.JPG
08_06,NAIM37 2_0,20210720,154644,79,1,1356,1784,1495,1881,08_06/NAIM37 2_0/101_WSCT/WSCT4929.JPG
08_06,NAIM37 2_0,20210720,154744,73,1,1356,1785,1494,1880,08_06/NAIM37 2_0/101_WSCT/WSCT4930.JPG
08_06,NAIM37 2_0,20210720,154844,72,1,1356,1785,1490,1880,08_06/NAIM37 2_0/101_WSCT/WSCT4931.JPG
08_06,NAIM37 2_0,20210720,154944,75,1,1356,1785,1490,1880,08_06/NAIM37 2_0/101_WSCT/WSCT4932.JPG
08_06,NAIM37 2_0,20210720,155044,78,1,1358,1785,1488,1877,08_06/NAIM37 2_0/101_WSCT/WSCT4933.JPG
08_06,NAIM37 2_0,20210720,155144,68,1,1359,1786,1487,1877,08_06/NAIM37 2_0/101_WSCT/WSCT4934.JPG
08_06,NAIM37 2_0,20210720,155244,71,1,1359,1788,1485,1877,08_06/NAIM37 2_0/101_WSCT/WSCT4935.JPG
08_06,NAIM37 2_0,20210720,155344,62,1,1362,1788,1488,1878,08_06/NAIM37 2_0/101_WSCT/WSCT4936.JPG
08_06,NAIM37 2_0,20210720,155444,60,1,1360,1788,1486,1878,08_06/NAIM37 2_0/101_WSCT/WSCT4937.JPG
08_06,NAIM37 2_0,20210720,155544,69,1,1359,1789,1485,1879,08_06/NAIM37 2_0/101_WSCT/WSCT4938.JPG
08_06,NAIM37 2_0,20210720,155544,86,1,2958,547,3050,676,08_06/NAIM37 2_0/101_WSCT/WSCT4938.JPG
08_06,NAIM37 2_0,20210720,155644,66,1,1368,1791,1483,1875,08_06/NAIM37 2_0/101_WSCT/WSCT4939.JPG
08_06,NAIM37 2_0,20210720,155744,67,1,1365,1793,1482,1874,08_06/NAIM37 2_0/101_WSCT/WSCT4940.JPG
08_06,NAIM37 2_0,20210720,155844,58,1,1365,1793,1482,1875,08_06/NAIM37 2_0/101_WSCT/WSCT4941.JPG
08_06,NAIM37 2_0,20210720,155944,72,1,1364,1794,1479,1875,08_06/NAIM37 2_0/101_WSCT/WSCT4942.JPG
08_06,NAIM37 2_0,20210720,160044,43,1,1370,1795,1481,1875,08_06/NAIM37 2_0/101_WSCT/WSCT4943.JPG
08_06,NAIM37 2_0,20210720,160144,29,1,1348,1797,1459,1879,08_06/NAIM37 2_0/101_WSCT/WSCT4944.JPG
08_06,NAIM37 2_0,20210720,160244,52,1,1367,1794,1478,1876,08_06/NAIM37 2_0/101_WSCT/WSCT4945.JPG
08_06,NAIM37 2_0,20210720,160344,74,1,1358,1788,1488,1880,08_06/NAIM37 2_0/101_WSCT/WSCT4946.JPG
08_06,NAIM37 2_0,20210720,160444,28,1,4062,2041,4157,2134,08_06/NAIM37 2_0/101_WSCT/WSCT4947.JPG
08_06,NAIM37 2_0,20210720,160444,43,1,1364,1798,1476,1896,08_06/NAIM37 2_0/101_WSCT/WSCT4947.JPG
08_06,NAIM37 2_0,20210720,160544,62,1,1370,1805,1482,1895,08_06/NAIM37 2_0/101_WSCT/WSCT4948.JPG
08_06,NAIM37 2_0,20210720,160644,81,1,1375,1790,1489,1883,08_06/NAIM37 2_0/101_WSCT/WSCT4949.JPG
08_06,NAIM37 2_0,20210720,160744,60,1,1372,1798,1485,1888,08_06/NAIM37 2_0/101_WSCT/WSCT4950.JPG
08_06,NAIM37 2_0,20210720,160844,33,1,1366,1799,1484,1888,08_06/NAIM37 2_0/101_WSCT/WSCT4951.JPG
08_06,NAIM37 2_0,20210720,161144,38,1,1360,1791,1486,1890,08_06/NAIM37 2_0/101_WSCT/WSCT4954.JPG
08_06,NAIM37 2_0,20210720,161244,36,1,1362,1791,1479,1886,08_06/NAIM37 2_0/101_WSCT/WSCT4955.JPG
08_06,NAIM37 2_0,20210720,161344,64,1,1374,1795,1481,1874,08_06/NAIM37 2_0/101_WSCT/WSCT4956.JPG
08_06,NAIM37 2_0,20210720,161444,60,1,1365,1789,1482,1880,08_06/NAIM37 2_0/101_WSCT/WSCT4957.JPG
08_06,NAIM37 2_0,20210720,161544,65,1,1360,1787,1487,1883,08_06/NAIM37 2_0/101_WSCT/WSCT4958.JPG
08_06,NAIM37 2_0,20210720,161644,58,1,1358,1785,1486,1880,08_06/NAIM37 2_0/101_WSCT/WSCT4959.JPG
08_06,NAIM37 2_0,20210720,161742,72,1,1359,1787,1486,1879,08_06/NAIM37 2_0/101_WSCT/WSCT4960.JPG
08_06,NAIM37 2_0,20210720,161842,26,1,2089,464,2171,518,08_06/NAIM37 2_0/101_WSCT/WSCT4961.JPG
08_06,NAIM37 2_0,20210720,161842,48,1,1358,1787,1486,1880,08_06/NAIM37 2_0/101_WSCT/WSCT4961.JPG
08_06,NAIM37 2_0,20210720,161942,72,1,1363,1788,1485,1879,08_06/NAIM37 2_0/101_WSCT/WSCT4962.JPG
08_06,NAIM37 2_0,20210720,162042,60,1,1360,1795,1478,1891,08_06/NAIM37 2_0/101_WSCT/WSCT4963.JPG
08_06,NAIM37 2_0,20210720,162142,46,1,1354,1799,1475,1895,08_06/NAIM37 2_0/101_WSCT/WSCT4964.JPG
08_06,NAIM37 2_0,20210720,162342,33,1,1353,1799,1478,1897,08_06/NAIM37 2_0/101_WSCT/WSCT4966.JPG
08_06,NAIM37 2_0,20210720,162442,81,1,1354,1785,1482,1880,08_06/NAIM37 2_0/101_WSCT/WSCT4967.JPG
08_06,NAIM37 2_0,20210720,162542,85,1,1355,1786,1483,1878,08_06/NAIM37 2_0/101_WSCT/WSCT4968.JPG
08_06,NAIM37 2_0,20210720,162644,77,1,1352,1784,1486,1879,08_06/NAIM37 2_0/101_WSCT/WSCT4969.JPG
08_06,NAIM37 2_0,20210720,162744,82,1,1355,1785,1481,1877,08_06/NAIM37 2_0/101_WSCT/WSCT4970.JPG
08_06,NAIM37 2_0,20210720,162844,83,1,1377,1804,1479,1909,08_06/NAIM37 2_0/101_WSCT/WSCT4971.JPG
08_06,NAIM37 2_0,20210720,162944,36,1,1365,1794,1467,1898,08_06/NAIM37 2_0/101_WSCT/WSCT4972.JPG
08_06,NAIM37 2_0,20210720,163044,52,1,1365,1794,1469,1898,08_06/NAIM37 2_0/101_WSCT/WSCT4973.JPG
08_06,NAIM37 2_0,20210720,163144,33,1,1367,1800,1465,1902,08_06/NAIM37 2_0/101_WSCT/WSCT4974.JPG
08_06,NAIM37 2_0,20210720,163444,50,1,1370,1797,1469,1901,08_06/NAIM37 2_0/101_WSCT/WSCT4977.JPG
08_06,NAIM37 2_0,20210720,163644,61,1,1410,1807,1515,1936,08_06/NAIM37 2_0/101_WSCT/WSCT4979.JPG
08_06,NAIM37 2_0,20210720,163744,34,1,1414,1809,1515,1936,08_06/NAIM37 2_0/101_WSCT/WSCT4980.JPG
08_06,NAIM37 2_0,20210720,163844,90,1,220,2182,337,2346,08_06/NAIM37 2_0/101_WSCT/WSCT4981.JPG
08_06,NAIM37 2_0,20210720,163944,26,1,1408,1806,1514,1938,08_06/NAIM37 2_0/101_WSCT/WSCT4982.JPG
08_06,NAIM37 2_0,20210720,164144,32,1,1408,1805,1517,1938,08_06/NAIM37 2_0/101_WSCT/WSCT4984.JPG
08_06,NAIM37 2_0,20210720,164244,64,1,1394,1806,1502,1940,08_06/NAIM37 2_0/101_WSCT/WSCT4985.JPG
08_06,NAIM37 2_0,20210720,164344,55,1,1392,1806,1501,1941,08_06/NAIM37 2_0/101_WSCT/WSCT4986.JPG
08_06,NAIM37 2_0,20210720,164444,65,1,1395,1805,1501,1938,08_06/NAIM37 2_0/101_WSCT/WSCT4987.JPG
08_06,NAIM37 2_0,20210720,164544,36,1,1391,1803,1501,1940,08_06/NAIM37 2_0/101_WSCT/WSCT4988.JPG
08_06,NAIM37 2_0,20210720,164944,35,1,1384,1834,1511,1930,08_06/NAIM37 2_0/101_WSCT/WSCT4992.JPG
08_06,NAIM37 2_0,20210720,165044,33,1,1387,1833,1511,1929,08_06/NAIM37 2_0/101_WSCT/WSCT4993.JPG
08_06,NAIM37 2_0,20210720,165144,42,1,1390,1820,1504,1937,08_06/NAIM37 2_0/101_WSCT/WSCT4994.JPG
08_06,NAIM37 2_0,20210720,165244,61,1,1393,1825,1505,1935,08_06/NAIM37 2_0/101_WSCT/WSCT4995.JPG
08_06,NAIM37 2_0,20210720,165344,54,1,1392,1824,1505,1936,08_06/NAIM37 2_0/101_WSCT/WSCT4996.JPG
08_06,NAIM37 2_0,20210720,165444,55,1,1392,1823,1507,1938,08_06/NAIM37 2_0/101_WSCT/WSCT4997.JPG
08_06,NAIM37 2_0,20210720,165544,77,1,1397,1812,1506,1930,08_06/NAIM37 2_0/101_WSCT/WSCT4998.JPG
08_06,NAIM37 2_0,20210720,165644,73,1,1398,1810,1508,1932,08_06/NAIM37 2_0/101_WSCT/WSCT4999.JPG
08_06,NAIM37 2_0,20210720,165744,65,1,1399,1810,1508,1931,08_06/NAIM37 2_0/101_WSCT/WSCT5000.JPG
08_06,NAIM37 2_0,20210720,165844,64,1,1399,1806,1511,1931,08_06/NAIM37 2_0/101_WSCT/WSCT5001.JPG
08_06,NAIM37 2_0,20210720,165944,65,1,1399,1810,1508,1931,08_06/NAIM37 2_0/101_WSCT/WSCT5002.JPG
08_06,NAIM37 2_0,20210720,170044,72,1,1402,1808,1511,1929,08_06/NAIM37 2_0/101_WSCT/WSCT5003.JPG
08_06,NAIM37 2_0,20210720,170144,84,1,1403,1809,1510,1923,08_06/NAIM37 2_0/101_WSCT/WSCT5004.JPG
08_06,NAIM37 2_0,20210720,170244,78,1,1403,1809,1511,1928,08_06/NAIM37 2_0/101_WSCT/WSCT5005.JPG
08_06,NAIM37 2_0,20210720,170344,75,1,1405,1807,1511,1926,08_06/NAIM37 2_0/101_WSCT/WSCT5006.JPG
08_06,NAIM37 2_0,20210720,170444,79,1,1405,1809,1511,1926,08_06/NAIM37 2_0/101_WSCT/WSCT5007.JPG
08_06,NAIM37 2_0,20210720,170544,77,1,1404,1808,1513,1925,08_06/NAIM37 2_0/101_WSCT/WSCT5008.JPG
08_06,NAIM37 2_0,20210720,170644,87,1,1405,1804,1514,1923,08_06/NAIM37 2_0/101_WSCT/WSCT5009.JPG
08_06,NAIM37 2_0,20210720,170744,85,1,1409,1814,1509,1919,08_06/NAIM37 2_0/101_WSCT/WSCT5010.JPG
08_06,NAIM37 2_0,20210720,170844,86,1,1400,1815,1497,1928,08_06/NAIM37 2_0/101_WSCT/WSCT5011.JPG
08_06,NAIM37 2_0,20210720,170944,35,1,3104,1687,3213,1773,08_06/NAIM37 2_0/101_WSCT/WSCT5012.JPG
08_06,NAIM37 2_0,20210720,170944,87,1,1394,1814,1492,1925,08_06/NAIM37 2_0/101_WSCT/WSCT5012.JPG
08_06,NAIM37 2_0,20210720,171044,76,1,1392,1810,1488,1923,08_06/NAIM37 2_0/101_WSCT/WSCT5013.JPG
08_06,NAIM37 2_0,20210720,171144,87,1,1393,1809,1494,1925,08_06/NAIM37 2_0/101_WSCT/WSCT5014.JPG
08_06,NAIM37 2_0,20210720,171244,88,1,1390,1809,1493,1925,08_06/NAIM37 2_0/101_WSCT/WSCT5015.JPG
08_06,NAIM37 2_0,20210720,171344,81,1,1388,1806,1494,1925,08_06/NAIM37 2_0/101_WSCT/WSCT5016.JPG
08_06,NAIM37 2_0,20210720,171444,86,1,1390,1804,1496,1924,08_06/NAIM37 2_0/101_WSCT/WSCT5017.JPG
08_06,NAIM37 2_0,20210720,171544,87,1,1391,1806,1495,1923,08_06/NAIM37 2_0/101_WSCT/WSCT5018.JPG
08_06,NAIM37 2_0,20210720,171644,88,1,1391,1804,1496,1922,08_06/NAIM37 2_0/101_WSCT/WSCT5019.JPG
08_06,NAIM37 2_0,20210720,171744,90,1,1388,1801,1496,1920,08_06/NAIM37 2_0/101_WSCT/WSCT5020.JPG
08_06,NAIM37 2_0,20210720,171844,87,1,1387,1802,1496,1921,08_06/NAIM37 2_0/101_WSCT/WSCT5021.JPG
08_06,NAIM37 2_0,20210720,171944,89,1,1389,1802,1496,1920,08_06/NAIM37 2_0/101_WSCT/WSCT5022.JPG
08_06,NAIM37 2_0,20210720,172044,88,1,1385,1800,1493,1921,08_06/NAIM37 2_0/101_WSCT/WSCT5023.JPG
08_06,NAIM37 2_0,20210720,172144,85,1,1389,1802,1496,1920,08_06/NAIM37 2_0/101_WSCT/WSCT5024.JPG
08_06,NAIM37 2_0,20210720,172244,90,1,1389,1803,1496,1919,08_06/NAIM37 2_0/101_WSCT/WSCT5025.JPG
08_06,NAIM37 2_0,20210720,172344,90,1,1384,1800,1492,1910,08_06/NAIM37 2_0/101_WSCT/WSCT5026.JPG
08_06,NAIM37 2_0,20210720,172444,75,1,1383,1800,1491,1910,08_06/NAIM37 2_0/101_WSCT/WSCT5027.JPG
08_06,NAIM37 2_0,20210720,172544,88,1,1385,1799,1492,1908,08_06/NAIM37 2_0/101_WSCT/WSCT5028.JPG
08_06,NAIM37 2_0,20210720,172644,74,1,1380,1790,1483,1894,08_06/NAIM37 2_0/101_WSCT/WSCT5029.JPG
08_06,NAIM37 2_0,20210720,172744,86,1,1381,1790,1488,1896,08_06/NAIM37 2_0/101_WSCT/WSCT5030.JPG
08_06,NAIM37 2_0,20210720,172844,89,1,1384,1788,1490,1895,08_06/NAIM37 2_0/101_WSCT/WSCT5031.JPG
08_06,NAIM37 2_0,20210720,172944,61,1,1391,1799,1506,1900,08_06/NAIM37 2_0/101_WSCT/WSCT5032.JPG
08_06,NAIM37 2_0,20210720,173044,65,1,1391,1800,1513,1903,08_06/NAIM37 2_0/101_WSCT/WSCT5033.JPG
08_06,NAIM37 2_0,20210720,173144,56,1,1391,1800,1515,1904,08_06/NAIM37 2_0/101_WSCT/WSCT5034.JPG
08_06,NAIM37 2_0,20210720,173244,62,1,1388,1799,1513,1905,08_06/NAIM37 2_0/101_WSCT/WSCT5035.JPG
08_06,NAIM37 2_0,20210720,173344,69,1,1390,1799,1513,1900,08_06/NAIM37 2_0/101_WSCT/WSCT5036.JPG
08_06,NAIM37 2_0,20210720,173444,76,1,1392,1800,1513,1902,08_06/NAIM37 2_0/101_WSCT/WSCT5037.JPG
08_06,NAIM37 2_0,20210720,173544,45,1,1404,1818,1516,1915,08_06/NAIM37 2_0/101_WSCT/WSCT5038.JPG
08_06,NAIM37 2_0,20210720,173644,25,1,1405,1818,1515,1916,08_06/NAIM37 2_0/101_WSCT/WSCT5039.JPG
08_06,NAIM37 2_0,20210720,173744,26,1,1406,1817,1517,1915,08_06/NAIM37 2_0/101_WSCT/WSCT5040.JPG
08_06,NAIM37 2_0,20210720,173844,31,1,1405,1818,1515,1916,08_06/NAIM37 2_0/101_WSCT/WSCT5041.JPG
08_06,NAIM37 2_0,20210720,173844,82,1,3226,1868,3320,1992,08_06/NAIM37 2_0/101_WSCT/WSCT5041.JPG
08_06,NAIM37 2_0,20210720,173944,39,1,1405,1818,1517,1916,08_06/NAIM37 2_0/101_WSCT/WSCT5042.JPG
08_06,NAIM37 2_0,20210720,174044,33,1,1406,1820,1517,1917,08_06/NAIM37 2_0/101_WSCT/WSCT5043.JPG
08_06,NAIM37 2_0,20210720,174144,43,1,1406,1819,1517,1916,08_06/NAIM37 2_0/101_WSCT/WSCT5044.JPG
08_06,NAIM37 2_0,20210720,174244,44,1,1405,1819,1517,1915,08_06/NAIM37 2_0/101_WSCT/WSCT5045.JPG
08_06,NAIM37 2_0,20210720,174344,49,1,1406,1821,1516,1916,08_06/NAIM37 2_0/101_WSCT/WSCT5046.JPG
08_06,NAIM37 2_0,20210720,174444,45,1,1404,1821,1514,1917,08_06/NAIM37 2_0/101_WSCT/WSCT5047.JPG
08_06,NAIM37 2_0,20210720,174644,45,1,1416,1743,1524,1846,08_06/NAIM37 2_0/101_WSCT/WSCT5049.JPG
08_06,NAIM37 2_0,20210720,174744,61,1,1430,1791,1530,1902,08_06/NAIM37 2_0/101_WSCT/WSCT5050.JPG
08_06,NAIM37 2_0,20210720,174842,74,1,1433,1791,1531,1900,08_06/NAIM37 2_0/101_WSCT/WSCT5051.JPG
08_06,NAIM37 2_0,20210720,174942,60,1,1387,1795,1511,1906,08_06/NAIM37 2_0/101_WSCT/WSCT5052.JPG
08_06,NAIM37 2_0,20210720,175042,66,1,1387,1798,1504,1900,08_06/NAIM37 2_0/101_WSCT/WSCT5053.JPG
08_06,NAIM37 2_0,20210720,175142,41,1,1389,1798,1506,1899,08_06/NAIM37 2_0/101_WSCT/WSCT5054.JPG
08_06,NAIM37 2_0,20210720,175242,57,1,1388,1798,1505,1898,08_06/NAIM37 2_0/101_WSCT/WSCT5055.JPG
08_06,NAIM37 2_0,20210720,175344,35,1,1388,1795,1507,1899,08_06/NAIM37 2_0/101_WSCT/WSCT5056.JPG
08_06,NAIM37 2_0,20210720,175444,42,1,1385,1794,1508,1900,08_06/NAIM37 2_0/101_WSCT/WSCT5057.JPG
08_06,NAIM37 2_0,20210720,175542,70,1,1387,1797,1505,1898,08_06/NAIM37 2_0/101_WSCT/WSCT5058.JPG
08_06,NAIM37 2_0,20210720,175642,68,1,1345,1798,1467,1901,08_06/NAIM37 2_0/101_WSCT/WSCT5059.JPG
08_06,NAIM37 2_0,20210720,175744,36,1,1346,1796,1466,1900,08_06/NAIM37 2_0/101_WSCT/WSCT5060.JPG
08_06,NAIM37 2_0,20210720,175842,57,1,1344,1795,1467,1899,08_06/NAIM37 2_0/101_WSCT/WSCT5061.JPG
08_06,NAIM37 2_0,20210720,180044,30,1,1338,1798,1461,1906,08_06/NAIM37 2_0/101_WSCT/WSCT5063.JPG
08_06,NAIM37 2_0,20210720,192042,56,1,2580,2126,2674,2249,08_06/NAIM37 2_0/101_WSCT/WSCT5143.JPG
08_06,NAIM37 2_0,20210721,071308,34,1,2335,1251,2443,1358,08_06/NAIM37 2_0/101_WSCT/WSCT5376.JPG
08_06,NAIM37 2_0,20210721,081708,86,1,2923,514,3043,686,08_06/NAIM37 2_0/101_WSCT/WSCT5440.JPG
08_06,NAIM37 2_0,20210721,101608,80,1,724,1506,889,1604,08_06/NAIM37 2_0/101_WSCT/WSCT5559.JPG
08_06,NAIM37 2_0,20210721,115108,26,1,3119,1703,3210,1785,08_06/NAIM37 2_0/101_WSCT/WSCT5654.JPG
08_06,NAIM37 2_0,20210721,131108,27,1,3116,1700,3206,1781,08_06/NAIM37 2_0/101_WSCT/WSCT5734.JPG
08_06,NAIM37 2_0,20210721,132708,91,1,2517,109,2661,237,08_06/NAIM37 2_0/101_WSCT/WSCT5750.JPG
08_06,NAIM37 2_0,20210721,135516,55,1,3114,1692,3205,1779,08_06/NAIM37 2_0/101_WSCT/WSCT5778.JPG
08_06,NAIM37 2_0,20210721,135616,55,1,3115,1696,3207,1776,08_06/NAIM37 2_0/101_WSCT/WSCT5779.JPG
08_06,NAIM37 2_0,20210721,135716,48,1,3112,1694,3205,1776,08_06/NAIM37 2_0/101_WSCT/WSCT5780.JPG
08_06,NAIM37 2_0,20210721,135816,64,1,3112,1694,3208,1777,08_06/NAIM37 2_0/101_WSCT/WSCT5781.JPG
08_06,NAIM37 2_0,20210721,135916,65,1,3112,1693,3206,1775,08_06/NAIM37 2_0/101_WSCT/WSCT5782.JPG
08_06,NAIM37 2_0,20210721,140016,64,1,3112,1693,3205,1777,08_06/NAIM37 2_0/101_WSCT/WSCT5783.JPG
08_06,NAIM37 2_0,20210721,140116,67,1,3113,1693,3207,1776,08_06/NAIM37 2_0/101_WSCT/WSCT5784.JPG
08_06,NAIM37 2_0,20210721,140216,66,1,3112,1693,3206,1776,08_06/NAIM37 2_0/101_WSCT/WSCT5785.JPG
08_06,NAIM37 2_0,20210721,140316,66,1,3115,1693,3203,1777,08_06/NAIM37 2_0/101_WSCT/WSCT5786.JPG
08_06,NAIM37 2_0,20210721,140416,76,1,3116,1690,3199,1781,08_06/NAIM37 2_0/101_WSCT/WSCT5787.JPG
08_06,NAIM37 2_0,20210721,140616,32,1,3114,1701,3209,1779,08_06/NAIM37 2_0/101_WSCT/WSCT5789.JPG
08_06,NAIM37 2_0,20210721,140916,37,1,2090,1083,2164,1142,08_06/NAIM37 2_0/101_WSCT/WSCT5792.JPG
08_06,NAIM37 2_0,20210721,145416,93,1,1346,508,1951,1173,08_06/NAIM37 2_0/101_WSCT/WSCT5837.JPG
08_06,NAIM37 2_0,20210721,150516,71,1,3181,1822,3263,1906,08_06/NAIM37 2_0/101_WSCT/WSCT5848.JPG
08_06,NAIM37 2_0,20210721,155816,51,1,1,1908,101,2026,08_06/NAIM37 2_0/101_WSCT/WSCT5901.JPG
08_06,NAIM37 2_0,20210721,160616,26,1,10,735,146,822,08_06/NAIM37 2_0/101_WSCT/WSCT5909.JPG
08_06,NAIM37 2_0,20210721,161616,67,1,32,712,180,907,08_06/NAIM37 2_0/101_WSCT/WSCT5919.JPG
08_06,NAIM37 2_0,20210721,162816,74,1,1341,1783,1433,1874,08_06/NAIM37 2_0/101_WSCT/WSCT5931.JPG
08_06,NAIM37 2_0,20210721,162916,79,1,1296,1803,1389,1871,08_06/NAIM37 2_0/101_WSCT/WSCT5932.JPG
08_06,NAIM37 2_0,20210721,163016,34,1,1295,1804,1391,1870,08_06/NAIM37 2_0/101_WSCT/WSCT5933.JPG
08_06,NAIM37 2_0,20210721,163116,75,1,1296,1802,1389,1871,08_06/NAIM37 2_0/101_WSCT/WSCT5934.JPG
08_06,NAIM37 2_0,20210721,165016,61,1,25,739,138,843,08_06/NAIM37 2_0/101_WSCT/WSCT5953.JPG
08_06,NAIM37 2_0,20210721,165116,49,1,2879,993,2992,1128,08_06/NAIM37 2_0/101_WSCT/WSCT5954.JPG
08_06,NAIM37 2_0,20210721,165216,87,1,27,1451,717,1830,08_06/NAIM37 2_0/101_WSCT/WSCT5955.JPG
08_06,NAIM37 2_0,20210721,170316,25,1,196,930,319,1052,08_06/NAIM37 2_0/101_WSCT/WSCT5966.JPG
08_06,NAIM37 2_0,20210721,170316,91,1,2971,552,3063,683,08_06/NAIM37 2_0/101_WSCT/WSCT5966.JPG
08_06,NAIM37 2_0,20210721,170416,71,1,375,1107,500,1249,08_06/NAIM37 2_0/101_WSCT/WSCT5967.JPG
08_06,NAIM37 2_0,20210721,170516,67,1,375,1107,501,1250,08_06/NAIM37 2_0/101_WSCT/WSCT5968.JPG
08_06,NAIM37 2_0,20210721,170616,73,1,375,1107,500,1249,08_06/NAIM37 2_0/101_WSCT/WSCT5969.JPG
08_06,NAIM37 2_0,20210721,170716,46,1,244,1335,363,1467,08_06/NAIM37 2_0/101_WSCT/WSCT5970.JPG
08_06,NAIM37 2_0,20210721,171716,80,1,1134,228,1560,606,08_06/NAIM37 2_0/101_WSCT/WSCT5980.JPG
08_06,NAIM37 2_0,20210721,180616,29,1,1454,2244,1569,2356,08_06/NAIM37 2_0/101_WSCT/WSCT6029.JPG
08_06,NAIM37 2_0,20210721,184116,34,1,2296,187,2385,259,08_06/NAIM37 2_0/101_WSCT/WSCT6064.JPG
08_06,NAIM37 2_0,20210721,192722,40,1,3132,1604,3215,1668,08_06/NAIM37 2_0/101_WSCT/WSCT6110.JPG
08_06,NAIM37 2_0,20210721,194522,57,1,2981,1349,3050,1423,08_06/NAIM37 2_0/101_WSCT/WSCT6128.JPG
08_06,NAIM37 2_0,20210721,211022,28,1,2806,1532,2891,1597,08_06/NAIM37 2_0/101_WSCT/WSCT6213.JPG
08_06,NAIM37 2_0,20210722,074502,28,1,0,1223,51,1379,08_06/NAIM37 2_0/101_WSCT/WSCT6368.JPG
08_06,NAIM37 2_0,20210722,085008,30,1,3120,1700,3216,1792,08_06/NAIM37 2_0/101_WSCT/WSCT6433.JPG
08_06,NAIM37 2_0,20210722,085308,37,1,3122,1699,3221,1793,08_06/NAIM37 2_0/101_WSCT/WSCT6436.JPG
08_06,NAIM37 2_0,20210722,085408,45,1,3121,1701,3216,1794,08_06/NAIM37 2_0/101_WSCT/WSCT6437.JPG
08_06,NAIM37 2_0,20210722,085508,87,1,179,2267,307,2374,08_06/NAIM37 2_0/101_WSCT/WSCT6438.JPG
08_06,NAIM37 2_0,20210722,085608,29,1,3121,1705,3214,1793,08_06/NAIM37 2_0/101_WSCT/WSCT6439.JPG
08_06,NAIM37 2_0,20210722,090008,45,1,3122,1702,3217,1793,08_06/NAIM37 2_0/101_WSCT/WSCT6443.JPG
08_06,NAIM37 2_0,20210722,090208,37,1,3121,1700,3216,1792,08_06/NAIM37 2_0/101_WSCT/WSCT6445.JPG
08_06,NAIM37 2_0,20210722,090908,31,1,922,1823,1009,1884,08_06/NAIM37 2_0/101_WSCT/WSCT6452.JPG
08_06,NAIM37 2_0,20210722,091008,27,1,927,1827,1005,1883,08_06/NAIM37 2_0/101_WSCT/WSCT6453.JPG
08_06,NAIM37 2_0,20210722,092208,35,1,3121,1702,3216,1794,08_06/NAIM37 2_0/101_WSCT/WSCT6465.JPG
08_06,NAIM37 2_0,20210722,092808,30,1,3120,1700,3215,1790,08_06/NAIM37 2_0/101_WSCT/WSCT6471.JPG
08_06,NAIM37 2_0,20210722,092908,41,1,3121,1701,3214,1792,08_06/NAIM37 2_0/101_WSCT/WSCT6472.JPG
08_06,NAIM37 2_0,20210722,095808,59,1,1971,1194,2040,1273,08_06/NAIM37 2_0/101_WSCT/WSCT6501.JPG
08_06,NAIM37 2_0,20210722,100508,56,1,3120,1704,3206,1792,08_06/NAIM37 2_0/101_WSCT/WSCT6508.JPG
08_06,NAIM37 2_0,20210722,100608,25,1,3110,1703,3207,1791,08_06/NAIM37 2_0/101_WSCT/WSCT6509.JPG
08_06,NAIM37 2_0,20210722,101308,68,1,3278,1703,3374,1797,08_06/NAIM37 2_0/101_WSCT/WSCT6516.JPG
08_06,NAIM37 2_0,20210722,101408,42,1,3116,1697,3216,1785,08_06/NAIM37 2_0/101_WSCT/WSCT6517.JPG
08_06,NAIM37 2_0,20210722,101408,69,1,3271,1701,3374,1794,08_06/NAIM37 2_0/101_WSCT/WSCT6517.JPG
08_06,NAIM37 2_0,20210722,101610,41,1,3268,1700,3377,1794,08_06/NAIM37 2_0/101_WSCT/WSCT6519.JPG
08_06,NAIM37 2_0,20210722,102508,27,1,3120,1691,3213,1795,08_06/NAIM37 2_0/101_WSCT/WSCT6528.JPG
08_06,NAIM37 2_0,20210722,103008,49,1,3121,1700,3206,1788,08_06/NAIM37 2_0/101_WSCT/WSCT6533.JPG
08_06,NAIM37 2_0,20210722,103908,77,1,3491,562,3621,637,08_06/NAIM37 2_0/101_WSCT/WSCT6542.JPG
08_06,NAIM37 2_0,20210722,104708,53,1,3276,1698,3377,1796,08_06/NAIM37 2_0/101_WSCT/WSCT6550.JPG
08_06,NAIM37 2_0,20210722,104808,69,1,3268,1697,3375,1790,08_06/NAIM37 2_0/101_WSCT/WSCT6551.JPG
08_06,NAIM37 2_0,20210722,105808,27,1,3121,1698,3212,1783,08_06/NAIM37 2_0/101_WSCT/WSCT6561.JPG
08_06,NAIM37 2_0,20210722,110008,39,1,3272,1700,3375,1790,08_06/NAIM37 2_0/101_WSCT/WSCT6563.JPG
08_06,NAIM37 2_0,20210722,110108,40,1,3120,1700,3210,1782,08_06/NAIM37 2_0/101_WSCT/WSCT6564.JPG
08_06,NAIM37 2_0,20210722,110208,30,1,3119,1702,3211,1787,08_06/NAIM37 2_0/101_WSCT/WSCT6565.JPG
08_06,NAIM37 2_0,20210722,110308,39,1,3276,1696,3374,1791,08_06/NAIM37 2_0/101_WSCT/WSCT6566.JPG
08_06,NAIM37 2_0,20210722,110408,31,1,3279,1698,3367,1786,08_06/NAIM37 2_0/101_WSCT/WSCT6567.JPG
08_06,NAIM37 2_0,20210722,111108,49,1,2835,493,2922,585,08_06/NAIM37 2_0/101_WSCT/WSCT6574.JPG
08_06,NAIM37 2_0,20210722,113308,73,1,258,850,403,970,08_06/NAIM37 2_0/101_WSCT/WSCT6596.JPG
08_06,NAIM37 2_0,20210722,113408,77,1,266,1171,420,1314,08_06/NAIM37 2_0/101_WSCT/WSCT6597.JPG
08_06,NAIM37 2_0,20210722,113508,44,1,173,1651,304,1795,08_06/NAIM37 2_0/101_WSCT/WSCT6598.JPG
08_06,NAIM37 2_0,20210722,113608,41,1,169,1646,304,1796,08_06/NAIM37 2_0/101_WSCT/WSCT6599.JPG
08_06,NAIM37 2_0,20210722,113708,75,1,45,1736,211,1845,08_06/NAIM37 2_0/101_WSCT/WSCT6600.JPG
08_06,NAIM37 2_0,20210722,113808,48,1,65,1646,190,1753,08_06/NAIM37 2_0/101_WSCT/WSCT6601.JPG
08_06,NAIM37 2_0,20210722,113908,41,1,53,1639,194,1752,08_06/NAIM37 2_0/101_WSCT/WSCT6602.JPG
08_06,NAIM37 2_0,20210722,113908,63,1,2882,573,2962,647,08_06/NAIM37 2_0/101_WSCT/WSCT6602.JPG
08_06,NAIM37 2_0,20210722,115608,54,1,712,1042,967,1373,08_06/NAIM37 2_0/101_WSCT/WSCT6619.JPG
08_06,NAIM37 2_0,20210722,120708,90,1,1353,1849,1454,1979,08_06/NAIM37 2_0/101_WSCT/WSCT6630.JPG
08_06,NAIM37 2_0,20210722,121908,44,1,3287,1699,3375,1792,08_06/NAIM37 2_0/101_WSCT/WSCT6642.JPG
08_06,NAIM37 2_0,20210722,123308,54,1,51,1731,171,1919,08_06/NAIM37 2_0/101_WSCT/WSCT6656.JPG
08_06,NAIM37 2_0,20210722,124608,27,1,3360,1818,3453,1897,08_06/NAIM37 2_0/101_WSCT/WSCT6669.JPG
08_06,NAIM37 2_0,20210722,125508,79,1,2577,1147,2681,1280,08_06/NAIM37 2_0/101_WSCT/WSCT6678.JPG
08_06,NAIM37 2_0,20210722,130908,88,1,2648,130,2770,207,08_06/NAIM37 2_0/101_WSCT/WSCT6692.JPG
08_06,NAIM37 2_0,20210722,132016,64,1,1016,969,1131,1096,08_06/NAIM37 2_0/101_WSCT/WSCT6703.JPG
08_06,NAIM37 2_0,20210722,133616,46,1,3286,1699,3374,1789,08_06/NAIM37 2_0/101_WSCT/WSCT6719.JPG
08_06,NAIM37 2_0,20210722,143116,90,1,2799,534,2934,614,08_06/NAIM37 2_0/101_WSCT/WSCT6774.JPG
08_06,NAIM37 2_0,20210722,143216,86,1,2670,134,2789,209,08_06/NAIM37 2_0/101_WSCT/WSCT6775.JPG
08_06,NAIM37 2_0,20210722,151716,88,1,2694,455,2841,555,08_06/NAIM37 2_0/101_WSCT/WSCT6820.JPG
08_06,NAIM37 2_0,20210722,154316,53,1,1147,839,1584,1000,08_06/NAIM37 2_0/101_WSCT/WSCT6846.JPG
08_06,NAIM37 2_0,20210722,154816,93,1,3400,1803,3854,2376,08_06/NAIM37 2_0/101_WSCT/WSCT6851.JPG
08_06,NAIM37 2_0,20210722,155616,83,1,797,431,1190,1179,08_06/NAIM37 2_0/101_WSCT/WSCT6859.JPG
08_06,NAIM37 2_0,20210722,161016,91,1,1032,1287,1202,1409,08_06/NAIM37 2_0/101_WSCT/WSCT6873.JPG
08_06,NAIM37 2_0,20210722,161716,89,1,3584,445,3689,549,08_06/NAIM37 2_0/101_WSCT/WSCT6880.JPG
08_06,NAIM37 2_0,20210722,162514,45,1,2036,679,2103,731,08_06/NAIM37 2_0/101_WSCT/WSCT6888.JPG
08_06,NAIM37 2_0,20210722,163016,81,1,2921,502,2996,593,08_06/NAIM37 2_0/101_WSCT/WSCT6893.JPG
08_06,NAIM37 2_0,20210722,165022,88,1,1476,479,1679,857,08_06/NAIM37 2_0/101_WSCT/WSCT6913.JPG
08_06,NAIM37 2_0,20210722,172222,88,1,2749,579,2857,730,08_06/NAIM37 2_0/101_WSCT/WSCT6945.JPG
08_06,NAIM37 2_0,20210722,173424,71,1,192,2253,284,2351,08_06/NAIM37 2_0/101_WSCT/WSCT6957.JPG
08_06,NAIM37 2_0,20210722,173522,38,1,244,2258,335,2361,08_06/NAIM37 2_0/101_WSCT/WSCT6958.JPG
08_06,NAIM37 2_0,20210722,173622,38,1,231,2286,320,2370,08_06/NAIM37 2_0/101_WSCT/WSCT6959.JPG
08_06,NAIM37 2_0,20210722,173822,84,1,94,1762,189,1860,08_06/NAIM37 2_0/101_WSCT/WSCT6961.JPG
08_06,NAIM37 2_0,20210722,174022,86,1,36,1834,138,1950,08_06/NAIM37 2_0/101_WSCT/WSCT6963.JPG
08_06,NAIM37 2_0,20210722,175122,72,1,70,2130,164,2203,08_06/NAIM37 2_0/101_WSCT/WSCT6974.JPG
08_06,NAIM37 2_0,20210722,180422,85,1,184,2224,279,2337,08_06/NAIM37 2_0/101_WSCT/WSCT6987.JPG
08_06,NAIM37 2_0,20210722,180622,79,1,1611,1334,1712,1444,08_06/NAIM37 2_0/101_WSCT/WSCT6989.JPG
08_06,NAIM37 2_0,20210723,080908,72,1,780,767,937,883,08_06/NAIM37 2_0/101_WSCT/WSCT7352.JPG
08_06,NAIM37 2_0,20210723,081008,59,1,776,765,943,886,08_06/NAIM37 2_0/101_WSCT/WSCT7353.JPG
08_06,NAIM37 2_0,20210723,081110,56,1,778,765,944,886,08_06/NAIM37 2_0/101_WSCT/WSCT7354.JPG
08_06,NAIM37 2_0,20210723,081208,56,1,775,765,943,884,08_06/NAIM37 2_0/101_WSCT/WSCT7355.JPG
08_06,NAIM37 2_0,20210723,081308,64,1,776,767,941,884,08_06/NAIM37 2_0/101_WSCT/WSCT7356.JPG
08_06,NAIM37 2_0,20210723,081408,61,1,777,767,943,885,08_06/NAIM37 2_0/101_WSCT/WSCT7357.JPG
08_06,NAIM37 2_0,20210723,081508,63,1,778,766,942,884,08_06/NAIM37 2_0/101_WSCT/WSCT7358.JPG
08_06,NAIM37 2_0,20210723,081608,51,1,776,765,943,886,08_06/NAIM37 2_0/101_WSCT/WSCT7359.JPG
08_06,NAIM37 2_0,20210723,081708,45,1,777,766,942,885,08_06/NAIM37 2_0/101_WSCT/WSCT7360.JPG
08_06,NAIM37 2_0,20210723,081808,60,1,777,765,941,886,08_06/NAIM37 2_0/101_WSCT/WSCT7361.JPG
08_06,NAIM37 2_0,20210723,081908,51,1,775,767,941,886,08_06/NAIM37 2_0/101_WSCT/WSCT7362.JPG
08_06,NAIM37 2_0,20210723,082008,67,1,779,767,942,882,08_06/NAIM37 2_0/101_WSCT/WSCT7363.JPG
08_06,NAIM37 2_0,20210723,082108,67,1,777,765,943,884,08_06/NAIM37 2_0/101_WSCT/WSCT7364.JPG
08_06,NAIM37 2_0,20210723,082208,65,1,776,766,942,885,08_06/NAIM37 2_0/101_WSCT/WSCT7365.JPG
08_06,NAIM37 2_0,20210723,082308,49,1,775,767,941,886,08_06/NAIM37 2_0/101_WSCT/WSCT7366.JPG
08_06,NAIM37 2_0,20210723,082408,63,1,776,766,940,884,08_06/NAIM37 2_0/101_WSCT/WSCT7367.JPG
08_06,NAIM37 2_0,20210723,082508,67,1,775,768,944,884,08_06/NAIM37 2_0/101_WSCT/WSCT7368.JPG
08_06,NAIM37 2_0,20210723,082608,70,1,774,764,945,891,08_06/NAIM37 2_0/101_WSCT/WSCT7369.JPG
08_06,NAIM37 2_0,20210723,082708,77,1,792,766,963,898,08_06/NAIM37 2_0/101_WSCT/WSCT7370.JPG
08_06,NAIM37 2_0,20210723,082808,73,1,792,767,965,896,08_06/NAIM37 2_0/101_WSCT/WSCT7371.JPG
08_06,NAIM37 2_0,20210723,082908,74,1,796,766,963,893,08_06/NAIM37 2_0/101_WSCT/WSCT7372.JPG
08_06,NAIM37 2_0,20210723,083008,74,1,794,763,964,895,08_06/NAIM37 2_0/101_WSCT/WSCT7373.JPG
08_06,NAIM37 2_0,20210723,083108,72,1,795,765,965,895,08_06/NAIM37 2_0/101_WSCT/WSCT7374.JPG
08_06,NAIM37 2_0,20210723,083208,75,1,793,766,965,895,08_06/NAIM37 2_0/101_WSCT/WSCT7375.JPG
08_06,NAIM37 2_0,20210723,083308,66,1,795,764,965,895,08_06/NAIM37 2_0/101_WSCT/WSCT7376.JPG
08_06,NAIM37 2_0,20210723,083408,75,1,795,765,964,894,08_06/NAIM37 2_0/101_WSCT/WSCT7377.JPG
08_06,NAIM37 2_0,20210723,083508,68,1,795,766,964,895,08_06/NAIM37 2_0/101_WSCT/WSCT7378.JPG
08_06,NAIM37 2_0,20210723,083608,74,1,796,766,964,894,08_06/NAIM37 2_0/101_WSCT/WSCT7379.JPG
08_06,NAIM37 2_0,20210723,083708,73,1,795,766,964,893,08_06/NAIM37 2_0/101_WSCT/WSCT7380.JPG
08_06,NAIM37 2_0,20210723,083808,71,1,794,765,964,895,08_06/NAIM37 2_0/101_WSCT/WSCT7381.JPG
08_06,NAIM37 2_0,20210723,083910,71,1,795,764,965,895,08_06/NAIM37 2_0/101_WSCT/WSCT7382.JPG
08_06,NAIM37 2_0,20210723,084008,33,1,1713,2010,1804,2124,08_06/NAIM37 2_0/101_WSCT/WSCT7383.JPG
08_06,NAIM37 2_0,20210723,084008,70,1,794,766,965,895,08_06/NAIM37 2_0/101_WSCT/WSCT7383.JPG
08_06,NAIM37 2_0,20210723,084108,74,1,794,765,964,896,08_06/NAIM37 2_0/101_WSCT/WSCT7384.JPG
08_06,NAIM37 2_0,20210723,084208,72,1,796,767,964,895,08_06/NAIM37 2_0/101_WSCT/WSCT7385.JPG
08_06,NAIM37 2_0,20210723,084308,73,1,794,767,964,895,08_06/NAIM37 2_0/101_WSCT/WSCT7386.JPG
08_06,NAIM37 2_0,20210723,084408,72,1,796,765,963,894,08_06/NAIM37 2_0/101_WSCT/WSCT7387.JPG
08_06,NAIM37 2_0,20210723,084508,71,1,795,765,965,894,08_06/NAIM37 2_0/101_WSCT/WSCT7388.JPG
08_06,NAIM37 2_0,20210723,084608,74,1,795,766,964,894,08_06/NAIM37 2_0/101_WSCT/WSCT7389.JPG
08_06,NAIM37 2_0,20210723,084708,71,1,795,766,965,895,08_06/NAIM37 2_0/101_WSCT/WSCT7390.JPG
08_06,NAIM37 2_0,20210723,084810,73,1,795,766,964,894,08_06/NAIM37 2_0/101_WSCT/WSCT7391.JPG
08_06,NAIM37 2_0,20210723,084908,74,1,794,764,965,896,08_06/NAIM37 2_0/101_WSCT/WSCT7392.JPG
08_06,NAIM37 2_0,20210723,085008,70,1,796,766,966,894,08_06/NAIM37 2_0/101_WSCT/WSCT7393.JPG
08_06,NAIM37 2_0,20210723,085108,71,1,795,765,965,896,08_06/NAIM37 2_0/101_WSCT/WSCT7394.JPG
08_06,NAIM37 2_0,20210723,085208,77,1,795,765,967,897,08_06/NAIM37 2_0/101_WSCT/WSCT7395.JPG
08_06,NAIM37 2_0,20210723,085308,76,1,796,767,966,892,08_06/NAIM37 2_0/101_WSCT/WSCT7396.JPG
08_06,NAIM37 2_0,20210723,085408,73,1,796,766,966,890,08_06/NAIM37 2_0/101_WSCT/WSCT7397.JPG
08_06,NAIM37 2_0,20210723,085508,73,1,798,767,966,889,08_06/NAIM37 2_0/101_WSCT/WSCT7398.JPG
08_06,NAIM37 2_0,20210723,085608,73,1,796,767,967,889,08_06/NAIM37 2_0/101_WSCT/WSCT7399.JPG
08_06,NAIM37 2_0,20210723,085708,74,1,797,768,966,890,08_06/NAIM37 2_0/101_WSCT/WSCT7400.JPG
08_06,NAIM37 2_0,20210723,085808,71,1,798,766,965,889,08_06/NAIM37 2_0/101_WSCT/WSCT7401.JPG
08_06,NAIM37 2_0,20210723,085908,72,1,797,766,967,890,08_06/NAIM37 2_0/101_WSCT/WSCT7402.JPG
08_06,NAIM37 2_0,20210723,090008,69,1,797,770,967,890,08_06/NAIM37 2_0/101_WSCT/WSCT7403.JPG
08_06,NAIM37 2_0,20210723,090108,73,1,798,768,965,890,08_06/NAIM37 2_0/101_WSCT/WSCT7404.JPG
08_06,NAIM37 2_0,20210723,090208,71,1,798,768,965,889,08_06/NAIM37 2_0/101_WSCT/WSCT7405.JPG
08_06,NAIM37 2_0,20210723,090308,71,1,797,767,967,891,08_06/NAIM37 2_0/101_WSCT/WSCT7406.JPG
08_06,NAIM37 2_0,20210723,090408,74,1,798,770,962,892,08_06/NAIM37 2_0/101_WSCT/WSCT7407.JPG
08_06,NAIM37 2_0,20210723,090508,72,1,799,771,966,892,08_06/NAIM37 2_0/101_WSCT/WSCT7408.JPG
08_06,NAIM37 2_0,20210723,090608,73,1,799,770,966,891,08_06/NAIM37 2_0/101_WSCT/WSCT7409.JPG
08_06,NAIM37 2_0,20210723,090708,72,1,799,770,965,890,08_06/NAIM37 2_0/101_WSCT/WSCT7410.JPG
08_06,NAIM37 2_0,20210723,090808,72,1,798,768,964,890,08_06/NAIM37 2_0/101_WSCT/WSCT7411.JPG
08_06,NAIM37 2_0,20210723,090908,74,1,799,769,964,890,08_06/NAIM37 2_0/101_WSCT/WSCT7412.JPG
08_06,NAIM37 2_0,20210723,091008,69,1,800,769,964,889,08_06/NAIM37 2_0/101_WSCT/WSCT7413.JPG
08_06,NAIM37 2_0,20210723,091108,73,1,798,770,965,891,08_06/NAIM37 2_0/101_WSCT/WSCT7414.JPG
08_06,NAIM37 2_0,20210723,091208,72,1,799,770,963,890,08_06/NAIM37 2_0/101_WSCT/WSCT7415.JPG
08_06,NAIM37 2_0,20210723,091308,72,1,799,768,965,890,08_06/NAIM37 2_0/101_WSCT/WSCT7416.JPG
08_06,NAIM37 2_0,20210723,091408,72,1,799,770,965,891,08_06/NAIM37 2_0/101_WSCT/WSCT7417.JPG
08_06,NAIM37 2_0,20210723,091508,73,1,799,770,964,890,08_06/NAIM37 2_0/101_WSCT/WSCT7418.JPG
08_06,NAIM37 2_0,20210723,091608,72,1,799,770,963,890,08_06/NAIM37 2_0/101_WSCT/WSCT7419.JPG
08_06,NAIM37 2_0,20210723,091708,70,1,799,770,964,891,08_06/NAIM37 2_0/101_WSCT/WSCT7420.JPG
08_06,NAIM37 2_0,20210723,091808,72,1,799,769,964,891,08_06/NAIM37 2_0/101_WSCT/WSCT7421.JPG
08_06,NAIM37 2_0,20210723,091908,69,1,799,769,964,890,08_06/NAIM37 2_0/101_WSCT/WSCT7422.JPG
08_06,NAIM37 2_0,20210723,092008,74,1,799,769,964,890,08_06/NAIM37 2_0/101_WSCT/WSCT7423.JPG
08_06,NAIM37 2_0,20210723,092108,75,1,796,770,963,894,08_06/NAIM37 2_0/101_WSCT/WSCT7424.JPG
08_06,NAIM37 2_0,20210723,092208,67,1,803,781,979,898,08_06/NAIM37 2_0/101_WSCT/WSCT7425.JPG
08_06,NAIM37 2_0,20210723,092308,63,1,802,783,978,896,08_06/NAIM37 2_0/101_WSCT/WSCT7426.JPG
08_06,NAIM37 2_0,20210723,092408,65,1,800,781,979,896,08_06/NAIM37 2_0/101_WSCT/WSCT7427.JPG
08_06,NAIM37 2_0,20210723,092508,69,1,799,781,977,896,08_06/NAIM37 2_0/101_WSCT/WSCT7428.JPG
08_06,NAIM37 2_0,20210723,092608,70,1,801,782,977,895,08_06/NAIM37 2_0/101_WSCT/WSCT7429.JPG
08_06,NAIM37 2_0,20210723,092708,68,1,800,784,977,895,08_06/NAIM37 2_0/101_WSCT/WSCT7430.JPG
08_06,NAIM37 2_0,20210723,092808,68,1,797,781,978,895,08_06/NAIM37 2_0/101_WSCT/WSCT7431.JPG
08_06,NAIM37 2_0,20210723,092908,67,1,804,778,974,895,08_06/NAIM37 2_0/101_WSCT/WSCT7432.JPG
08_06,NAIM37 2_0,20210723,093008,63,1,807,779,974,894,08_06/NAIM37 2_0/101_WSCT/WSCT7433.JPG
08_06,NAIM37 2_0,20210723,093108,61,1,807,780,975,894,08_06/NAIM37 2_0/101_WSCT/WSCT7434.JPG
08_06,NAIM37 2_0,20210723,093208,69,1,804,778,976,895,08_06/NAIM37 2_0/101_WSCT/WSCT7435.JPG
08_06,NAIM37 2_0,20210723,093308,66,1,805,779,976,894,08_06/NAIM37 2_0/101_WSCT/WSCT7436.JPG
08_06,NAIM37 2_0,20210723,093408,67,1,805,779,975,893,08_06/NAIM37 2_0/101_WSCT/WSCT7437.JPG
08_06,NAIM37 2_0,20210723,093508,67,1,806,780,974,893,08_06/NAIM37 2_0/101_WSCT/WSCT7438.JPG
08_06,NAIM37 2_0,20210723,093608,61,1,804,778,974,894,08_06/NAIM37 2_0/101_WSCT/WSCT7439.JPG
08_06,NAIM37 2_0,20210723,093708,66,1,804,780,975,895,08_06/NAIM37 2_0/101_WSCT/WSCT7440.JPG
08_06,NAIM37 2_0,20210723,093808,61,1,807,779,977,894,08_06/NAIM37 2_0/101_WSCT/WSCT7441.JPG
08_06,NAIM37 2_0,20210723,093908,69,1,802,776,976,895,08_06/NAIM37 2_0/101_WSCT/WSCT7442.JPG
08_06,NAIM37 2_0,20210723,094008,58,1,806,780,976,894,08_06/NAIM37 2_0/101_WSCT/WSCT7443.JPG
08_06,NAIM37 2_0,20210723,094108,64,1,803,778,975,894,08_06/NAIM37 2_0/101_WSCT/WSCT7444.JPG
08_06,NAIM37 2_0,20210723,094208,62,1,804,780,975,894,08_06/NAIM37 2_0/101_WSCT/WSCT7445.JPG
08_06,NAIM37 2_0,20210723,094308,66,1,805,781,973,893,08_06/NAIM37 2_0/101_WSCT/WSCT7446.JPG
08_06,NAIM37 2_0,20210723,094408,66,1,804,779,973,894,08_06/NAIM37 2_0/101_WSCT/WSCT7447.JPG
08_06,NAIM37 2_0,20210723,094508,70,1,803,779,974,894,08_06/NAIM37 2_0/101_WSCT/WSCT7448.JPG
08_06,NAIM37 2_0,20210723,094608,65,1,805,779,975,895,08_06/NAIM37 2_0/101_WSCT/WSCT7449.JPG
08_06,NAIM37 2_0,20210723,094708,67,1,803,779,975,894,08_06/NAIM37 2_0/101_WSCT/WSCT7450.JPG
08_06,NAIM37 2_0,20210723,094808,67,1,804,780,975,894,08_06/NAIM37 2_0/101_WSCT/WSCT7451.JPG
08_06,NAIM37 2_0,20210723,094908,68,1,804,781,973,894,08_06/NAIM37 2_0/101_WSCT/WSCT7452.JPG
08_06,NAIM37 2_0,20210723,095008,67,1,807,781,974,893,08_06/NAIM37 2_0/101_WSCT/WSCT7453.JPG
08_06,NAIM37 2_0,20210723,095108,67,1,803,781,972,894,08_06/NAIM37 2_0/101_WSCT/WSCT7454.JPG
08_06,NAIM37 2_0,20210723,095208,67,1,805,779,973,893,08_06/NAIM37 2_0/101_WSCT/WSCT7455.JPG
08_06,NAIM37 2_0,20210723,095308,70,1,814,783,974,895,08_06/NAIM37 2_0/101_WSCT/WSCT7456.JPG
08_06,NAIM37 2_0,20210723,101008,38,1,980,1540,1111,1678,08_06/NAIM37 2_0/101_WSCT/WSCT7473.JPG
08_06,NAIM37 2_0,20210723,104308,63,1,1835,1653,1920,1758,08_06/NAIM37 2_0/101_WSCT/WSCT7506.JPG
08_06,NAIM37 2_0,20210723,113316,33,1,1152,1551,1291,1718,08_06/NAIM37 2_0/101_WSCT/WSCT7556.JPG
08_06,NAIM37 2_0,20210723,113716,33,1,1139,1537,1296,1729,08_06/NAIM37 2_0/101_WSCT/WSCT7560.JPG
08_06,NAIM37 2_0,20210723,120916,52,1,1140,1547,1288,1706,08_06/NAIM37 2_0/101_WSCT/WSCT7592.JPG
08_06,NAIM37 2_0,20210723,121016,36,1,1139,1551,1286,1705,08_06/NAIM37 2_0/101_WSCT/WSCT7593.JPG
08_06,NAIM37 2_0,20210723,121116,50,1,1146,1548,1287,1705,08_06/NAIM37 2_0/101_WSCT/WSCT7594.JPG
08_06,NAIM37 2_0,20210723,121216,67,1,1140,1544,1285,1708,08_06/NAIM37 2_0/101_WSCT/WSCT7595.JPG
08_06,NAIM37 2_0,20210723,122316,81,1,196,2262,312,2376,08_06/NAIM37 2_0/101_WSCT/WSCT7606.JPG
08_06,NAIM37 2_0,20210723,123316,55,1,1136,1551,1282,1714,08_06/NAIM37 2_0/101_WSCT/WSCT7616.JPG
08_06,NAIM37 2_0,20210723,123416,79,1,1150,1555,1280,1712,08_06/NAIM37 2_0/101_WSCT/WSCT7617.JPG
08_06,NAIM37 2_0,20210723,123516,75,1,1149,1560,1280,1706,08_06/NAIM37 2_0/101_WSCT/WSCT7618.JPG
08_06,NAIM37 2_0,20210723,123616,66,1,1148,1555,1281,1714,08_06/NAIM37 2_0/101_WSCT/WSCT7619.JPG
08_06,NAIM37 2_0,20210723,123716,72,1,1153,1562,1283,1716,08_06/NAIM37 2_0/101_WSCT/WSCT7620.JPG
08_06,NAIM37 2_0,20210723,123816,69,1,1142,1561,1282,1721,08_06/NAIM37 2_0/101_WSCT/WSCT7621.JPG
08_06,NAIM37 2_0,20210723,123916,55,1,1146,1565,1279,1720,08_06/NAIM37 2_0/101_WSCT/WSCT7622.JPG
08_06,NAIM37 2_0,20210723,124016,68,1,1142,1571,1277,1724,08_06/NAIM37 2_0/101_WSCT/WSCT7623.JPG
08_06,NAIM37 2_0,20210723,124116,58,1,1159,1375,1289,1475,08_06/NAIM37 2_0/101_WSCT/WSCT7624.JPG
08_06,NAIM37 2_0,20210723,124116,89,1,949,1107,1055,1239,08_06/NAIM37 2_0/101_WSCT/WSCT7624.JPG
08_06,NAIM37 2_0,20210723,125616,27,1,1659,103,1731,155,08_06/NAIM37 2_0/101_WSCT/WSCT7639.JPG
08_06,NAIM37 2_0,20210723,125816,74,1,1201,1249,1338,1390,08_06/NAIM37 2_0/101_WSCT/WSCT7641.JPG
08_06,NAIM37 2_0,20210723,130422,81,1,3,677,108,813,08_06/NAIM37 2_0/101_WSCT/WSCT7647.JPG
08_06,NAIM37 2_0,20210723,132322,38,1,3431,1420,3511,1503,08_06/NAIM37 2_0/101_WSCT/WSCT7666.JPG
08_06,NAIM37 2_0,20210723,134022,30,1,3435,1420,3510,1503,08_06/NAIM37 2_0/101_WSCT/WSCT7683.JPG
08_06,NAIM37 2_0,20210723,134222,34,1,3939,2180,4056,2267,08_06/NAIM37 2_0/101_WSCT/WSCT7685.JPG
08_06,NAIM37 2_0,20210723,134222,52,1,3434,1420,3510,1502,08_06/NAIM37 2_0/101_WSCT/WSCT7685.JPG
08_06,NAIM37 2_0,20210723,134322,25,1,3114,1712,3206,1779,08_06/NAIM37 2_0/101_WSCT/WSCT7686.JPG
08_06,NAIM37 2_0,20210723,134522,35,1,150,2238,307,2331,08_06/NAIM37 2_0/101_WSCT/WSCT7688.JPG
08_06,NAIM37 2_0,20210723,135222,87,1,1275,1795,1401,1885,08_06/NAIM37 2_0/101_WSCT/WSCT7695.JPG
08_06,NAIM37 2_0,20210723,140622,57,1,179,2236,267,2333,08_06/NAIM37 2_0/101_WSCT/WSCT7709.JPG
08_06,NAIM37 2_0,20210723,141022,25,1,3110,1707,3215,1786,08_06/NAIM37 2_0/101_WSCT/WSCT7713.JPG
08_06,NAIM37 2_0,20210723,141222,26,1,3111,1707,3216,1788,08_06/NAIM37 2_0/101_WSCT/WSCT7715.JPG
08_06,NAIM37 2_0,20210723,144022,66,1,2810,750,2889,833,08_06/NAIM37 2_0/101_WSCT/WSCT7743.JPG
08_06,NAIM37 2_0,20210723,144530,34,1,1249,524,1513,914,08_06/NAIM37 2_0/101_WSCT/WSCT7748.JPG
08_06,NAIM37 2_0,20210723,144630,90,1,1121,853,1527,1168,08_06/NAIM37 2_0/101_WSCT/WSCT7749.JPG
08_06,NAIM37 2_0,20210723,144730,84,1,1041,752,1425,1030,08_06/NAIM37 2_0/101_WSCT/WSCT7750.JPG
08_06,NAIM37 2_0,20210723,144930,27,1,1096,584,1237,999,08_06/NAIM37 2_0/101_WSCT/WSCT7752.JPG
08_06,NAIM37 2_0,20210723,152230,60,1,1080,1863,1176,1958,08_06/NAIM37 2_0/101_WSCT/WSCT7785.JPG
08_06,NAIM37 2_0,20210723,154030,87,1,1263,372,1364,513,08_06/NAIM37 2_0/101_WSCT/WSCT7803.JPG
08_06,NAIM37 2_0,20210723,154730,57,1,2794,746,2866,842,08_06/NAIM37 2_0/101_WSCT/WSCT7810.JPG
08_06,NAIM37 2_0,20210723,155830,69,1,2664,19,2781,133,08_06/NAIM37 2_0/101_WSCT/WSCT7821.JPG
08_06,NAIM37 2_0,20210723,172130,59,1,1433,621,1892,886,08_06/NAIM37 2_0/101_WSCT/WSCT7904.JPG
08_06,NAIM37 2_0,20210723,173930,80,1,37,1784,206,1963,08_06/NAIM37 2_0/101_WSCT/WSCT7922.JPG
08_06,NAIM37 2_0,20210723,174030,84,1,716,1367,904,1518,08_06/NAIM37 2_0/101_WSCT/WSCT7923.JPG
08_06,NAIM37 2_0,20210723,174130,85,1,1133,1524,1262,1704,08_06/NAIM37 2_0/101_WSCT/WSCT7924.JPG
08_06,NAIM37 2_0,20210723,174930,28,1,3216,567,3304,629,08_06/NAIM37 2_0/101_WSCT/WSCT7932.JPG
08_06,NAIM37 2_0,20210724,093922,79,1,199,1007,372,1163,08_06/NAIM37 2_0/101_WSCT/WSCT8402.JPG
08_06,NAIM37 2_0,20210724,095322,30,1,1511,1265,1592,1370,08_06/NAIM37 2_0/101_WSCT/WSCT8416.JPG
08_06,NAIM37 2_0,20210724,100324,86,1,1465,476,1620,588,08_06/NAIM37 2_0/101_WSCT/WSCT8426.JPG
08_06,NAIM37 2_0,20210724,103522,59,1,2184,453,2262,539,08_06/NAIM37 2_0/101_WSCT/WSCT8458.JPG
08_06,NAIM37 2_0,20210724,103522,61,1,2893,629,2974,712,08_06/NAIM37 2_0/101_WSCT/WSCT8458.JPG
08_06,NAIM37 2_0,20210724,103822,73,1,2179,443,2262,526,08_06/NAIM37 2_0/101_WSCT/WSCT8461.JPG
08_06,NAIM37 2_0,20210724,103922,34,1,2196,448,2265,531,08_06/NAIM37 2_0/101_WSCT/WSCT8462.JPG
08_06,NAIM37 2_0,20210724,104022,40,1,2186,457,2268,544,08_06/NAIM37 2_0/101_WSCT/WSCT8463.JPG
08_06,NAIM37 2_0,20210724,104122,66,1,2182,453,2264,529,08_06/NAIM37 2_0/101_WSCT/WSCT8464.JPG
08_06,NAIM37 2_0,20210724,104222,55,1,2177,457,2262,515,08_06/NAIM37 2_0/101_WSCT/WSCT8465.JPG
08_06,NAIM37 2_0,20210724,104322,53,1,2179,457,2262,515,08_06/NAIM37 2_0/101_WSCT/WSCT8466.JPG
08_06,NAIM37 2_0,20210724,122030,64,1,1263,380,1369,517,08_06/NAIM37 2_0/101_WSCT/WSCT8563.JPG
08_06,NAIM37 2_0,20210724,122530,53,1,1607,77,1710,142,08_06/NAIM37 2_0/101_WSCT/WSCT8568.JPG
08_06,NAIM37 2_0,20210724,123030,34,1,1631,1807,1737,1941,08_06/NAIM37 2_0/101_WSCT/WSCT8573.JPG
08_06,NAIM37 2_0,20210724,130030,26,1,3150,517,3219,596,08_06/NAIM37 2_0/101_WSCT/WSCT8603.JPG
08_06,NAIM37 2_0,20210724,131030,70,1,3167,1191,3291,1297,08_06/NAIM37 2_0/101_WSCT/WSCT8613.JPG
08_06,NAIM37 2_0,20210724,132030,54,1,2956,1420,3083,1556,08_06/NAIM37 2_0/101_WSCT/WSCT8623.JPG
08_06,NAIM37 2_0,20210724,132130,74,1,2240,1338,2359,1480,08_06/NAIM37 2_0/101_WSCT/WSCT8624.JPG
08_06,NAIM37 2_0,20210724,132430,74,1,3433,1409,3517,1498,08_06/NAIM37 2_0/101_WSCT/WSCT8627.JPG
08_06,NAIM37 2_0,20210724,135430,44,1,3436,1409,3516,1494,08_06/NAIM37 2_0/101_WSCT/WSCT8657.JPG
08_06,NAIM37 2_0,20210724,135530,77,1,1696,1000,1801,1110,08_06/NAIM37 2_0/101_WSCT/WSCT8658.JPG
08_06,NAIM37 2_0,20210724,135630,39,1,3579,1270,3706,1354,08_06/NAIM37 2_0/101_WSCT/WSCT8659.JPG
08_06,NAIM37 2_0,20210724,144330,42,1,1654,1412,1758,1523,08_06/NAIM37 2_0/101_WSCT/WSCT8706.JPG
08_06,NAIM37 2_0,20210724,144630,81,1,1556,1958,1700,2045,08_06/NAIM37 2_0/101_WSCT/WSCT8709.JPG
08_06,NAIM37 2_0,20210724,145330,55,1,2269,1235,2380,1339,08_06/NAIM37 2_0/101_WSCT/WSCT8716.JPG
08_06,NAIM37 2_0,20210724,150630,28,1,2151,1481,2235,1543,08_06/NAIM37 2_0/101_WSCT/WSCT8729.JPG
08_06,NAIM37 2_0,20210724,184236,84,1,346,1416,459,1558,08_06/NAIM37 2_0/101_WSCT/WSCT8945.JPG
08_06,NAIM37 2_0,20210725,093008,77,1,3200,819,3323,985,08_06/NAIM37 2_0/101_WSCT/WSCT9353.JPG
08_06,NAIM37 2_0,20210725,105616,30,1,2690,658,2788,738,08_06/NAIM37 2_0/101_WSCT/WSCT9439.JPG
08_06,NAIM37 2_0,20210725,105816,27,1,2673,650,2780,711,08_06/NAIM37 2_0/101_WSCT/WSCT9441.JPG
08_06,NAIM37 2_0,20210725,114116,28,1,1651,323,1794,447,08_06/NAIM37 2_0/101_WSCT/WSCT9484.JPG
08_06,NAIM37 2_0,20210725,114216,41,1,1653,321,1794,449,08_06/NAIM37 2_0/101_WSCT/WSCT9485.JPG
08_06,NAIM37 2_0,20210725,114316,36,1,1652,321,1794,450,08_06/NAIM37 2_0/101_WSCT/WSCT9486.JPG
08_06,NAIM37 2_0,20210725,114416,31,1,1649,322,1796,450,08_06/NAIM37 2_0/101_WSCT/WSCT9487.JPG
08_06,NAIM37 2_0,20210725,114516,28,1,1663,325,1793,448,08_06/NAIM37 2_0/101_WSCT/WSCT9488.JPG
08_06,NAIM37 2_0,20210725,114716,36,1,1654,323,1793,449,08_06/NAIM37 2_0/101_WSCT/WSCT9490.JPG
08_06,NAIM37 2_0,20210725,114816,45,1,1650,323,1795,450,08_06/NAIM37 2_0/101_WSCT/WSCT9491.JPG
08_06,NAIM37 2_0,20210725,114916,50,1,1650,322,1794,450,08_06/NAIM37 2_0/101_WSCT/WSCT9492.JPG
08_06,NAIM37 2_0,20210725,115016,34,1,1646,321,1797,451,08_06/NAIM37 2_0/101_WSCT/WSCT9493.JPG
08_06,NAIM37 2_0,20210725,115116,33,1,1649,322,1795,450,08_06/NAIM37 2_0/101_WSCT/WSCT9494.JPG
08_06,NAIM37 2_0,20210725,115216,47,1,1652,322,1793,450,08_06/NAIM37 2_0/101_WSCT/WSCT9495.JPG
08_06,NAIM37 2_0,20210725,115316,43,1,1649,323,1795,450,08_06/NAIM37 2_0/101_WSCT/WSCT9496.JPG
08_06,NAIM37 2_0,20210725,115416,70,1,1648,321,1793,448,08_06/NAIM37 2_0/101_WSCT/WSCT9497.JPG
08_06,NAIM37 2_0,20210725,115516,61,1,1651,321,1793,449,08_06/NAIM37 2_0/101_WSCT/WSCT9498.JPG
08_06,NAIM37 2_0,20210725,115616,46,1,1660,323,1791,449,08_06/NAIM37 2_0/101_WSCT/WSCT9499.JPG
08_06,NAIM37 2_0,20210725,115716,54,1,1648,323,1793,450,08_06/NAIM37 2_0/101_WSCT/WSCT9500.JPG
08_06,NAIM37 2_0,20210725,115816,63,1,1659,321,1791,449,08_06/NAIM37 2_0/101_WSCT/WSCT9501.JPG
08_06,NAIM37 2_0,20210725,115916,55,1,1662,323,1790,448,08_06/NAIM37 2_0/101_WSCT/WSCT9502.JPG
08_06,NAIM37 2_0,20210725,120016,56,1,1664,325,1791,450,08_06/NAIM37 2_0/101_WSCT/WSCT9503.JPG
08_06,NAIM37 2_0,20210725,120316,41,1,1653,326,1790,449,08_06/NAIM37 2_0/101_WSCT/WSCT9506.JPG
08_06,NAIM37 2_0,20210725,120416,40,1,1649,325,1791,451,08_06/NAIM37 2_0/101_WSCT/WSCT9507.JPG
08_06,NAIM37 2_0,20210725,120516,36,1,1655,324,1790,449,08_06/NAIM37 2_0/101_WSCT/WSCT9508.JPG
08_06,NAIM37 2_0,20210725,120616,31,1,1647,323,1792,451,08_06/NAIM37 2_0/101_WSCT/WSCT9509.JPG
08_06,NAIM37 2_0,20210725,120716,30,1,1652,325,1791,449,08_06/NAIM37 2_0/101_WSCT/WSCT9510.JPG
08_06,NAIM37 2_0,20210725,120816,48,1,1652,324,1792,449,08_06/NAIM37 2_0/101_WSCT/WSCT9511.JPG
08_06,NAIM37 2_0,20210725,120916,42,1,1664,307,1785,437,08_06/NAIM37 2_0/101_WSCT/WSCT9512.JPG
08_06,NAIM37 2_0,20210725,121116,30,1,1658,304,1781,434,08_06/NAIM37 2_0/101_WSCT/WSCT9514.JPG
08_06,NAIM37 2_0,20210725,121216,67,1,1671,363,1835,481,08_06/NAIM37 2_0/101_WSCT/WSCT9515.JPG
08_06,NAIM37 2_0,20210725,121316,27,1,1670,346,1792,472,08_06/NAIM37 2_0/101_WSCT/WSCT9516.JPG
08_06,NAIM37 2_0,20210725,122016,29,1,1665,347,1794,473,08_06/NAIM37 2_0/101_WSCT/WSCT9523.JPG
08_06,NAIM37 2_0,20210725,122116,64,1,1743,530,1867,640,08_06/NAIM37 2_0/101_WSCT/WSCT9524.JPG
08_06,NAIM37 2_0,20210725,122216,44,1,1743,529,1872,643,08_06/NAIM37 2_0/101_WSCT/WSCT9525.JPG
08_06,NAIM37 2_0,20210725,122316,63,1,1747,536,1879,643,08_06/NAIM37 2_0/101_WSCT/WSCT9526.JPG
08_06,NAIM37 2_0,20210725,122416,79,1,1779,539,1911,641,08_06/NAIM37 2_0/101_WSCT/WSCT9527.JPG
08_06,NAIM37 2_0,20210725,122516,72,1,1744,529,1884,640,08_06/NAIM37 2_0/101_WSCT/WSCT9528.JPG
08_06,NAIM37 2_0,20210725,122616,56,1,1739,529,1889,643,08_06/NAIM37 2_0/101_WSCT/WSCT9529.JPG
08_06,NAIM37 2_0,20210725,122716,65,1,1740,530,1889,642,08_06/NAIM37 2_0/101_WSCT/WSCT9530.JPG
08_06,NAIM37 2_0,20210725,122816,56,1,1739,530,1888,641,08_06/NAIM37 2_0/101_WSCT/WSCT9531.JPG
08_06,NAIM37 2_0,20210725,122916,51,1,1741,529,1887,642,08_06/NAIM37 2_0/101_WSCT/WSCT9532.JPG
08_06,NAIM37 2_0,20210725,123016,63,1,1741,530,1890,642,08_06/NAIM37 2_0/101_WSCT/WSCT9533.JPG
08_06,NAIM37 2_0,20210725,123116,45,1,1739,527,1878,635,08_06/NAIM37 2_0/101_WSCT/WSCT9534.JPG
08_06,NAIM37 2_0,20210725,123216,58,1,1736,518,1877,641,08_06/NAIM37 2_0/101_WSCT/WSCT9535.JPG
08_06,NAIM37 2_0,20210725,123316,59,1,1733,520,1878,638,08_06/NAIM37 2_0/101_WSCT/WSCT9536.JPG
08_06,NAIM37 2_0,20210725,123416,55,1,1735,520,1879,639,08_06/NAIM37 2_0/101_WSCT/WSCT9537.JPG
08_06,NAIM37 2_0,20210725,123516,51,1,1733,517,1879,640,08_06/NAIM37 2_0/101_WSCT/WSCT9538.JPG
08_06,NAIM37 2_0,20210725,123616,59,1,1735,521,1878,640,08_06/NAIM37 2_0/101_WSCT/WSCT9539.JPG
08_06,NAIM37 2_0,20210725,123716,60,1,1736,524,1875,638,08_06/NAIM37 2_0/101_WSCT/WSCT9540.JPG
08_06,NAIM37 2_0,20210725,123816,58,1,1735,521,1878,640,08_06/NAIM37 2_0/101_WSCT/WSCT9541.JPG
08_06,NAIM37 2_0,20210725,123916,63,1,1735,521,1878,639,08_06/NAIM37 2_0/101_WSCT/WSCT9542.JPG
08_06,NAIM37 2_0,20210725,124016,67,1,1734,522,1878,639,08_06/NAIM37 2_0/101_WSCT/WSCT9543.JPG
08_06,NAIM37 2_0,20210725,124116,59,1,1735,521,1878,641,08_06/NAIM37 2_0/101_WSCT/WSCT9544.JPG
08_06,NAIM37 2_0,20210725,124216,58,1,1736,522,1877,640,08_06/NAIM37 2_0/101_WSCT/WSCT9545.JPG
08_06,NAIM37 2_0,20210725,124316,61,1,1735,522,1877,639,08_06/NAIM37 2_0/101_WSCT/WSCT9546.JPG
08_06,NAIM37 2_0,20210725,124416,55,1,1734,522,1876,640,08_06/NAIM37 2_0/101_WSCT/WSCT9547.JPG
08_06,NAIM37 2_0,20210725,124516,61,1,1736,525,1875,639,08_06/NAIM37 2_0/101_WSCT/WSCT9548.JPG
08_06,NAIM37 2_0,20210725,124616,63,1,1734,522,1877,640,08_06/NAIM37 2_0/101_WSCT/WSCT9549.JPG
08_06,NAIM37 2_0,20210725,124716,65,1,1736,525,1877,640,08_06/NAIM37 2_0/101_WSCT/WSCT9550.JPG
08_06,NAIM37 2_0,20210725,124816,59,1,1735,523,1878,640,08_06/NAIM37 2_0/101_WSCT/WSCT9551.JPG
08_06,NAIM37 2_0,20210725,124916,69,1,1736,526,1876,638,08_06/NAIM37 2_0/101_WSCT/WSCT9552.JPG
08_06,NAIM37 2_0,20210725,125016,67,1,1736,524,1877,639,08_06/NAIM37 2_0/101_WSCT/WSCT9553.JPG
08_06,NAIM37 2_0,20210725,125116,61,1,1735,524,1878,640,08_06/NAIM37 2_0/101_WSCT/WSCT9554.JPG
08_06,NAIM37 2_0,20210725,125216,68,1,1735,525,1876,639,08_06/NAIM37 2_0/101_WSCT/WSCT9555.JPG
08_06,NAIM37 2_0,20210725,125316,69,1,1734,524,1877,638,08_06/NAIM37 2_0/101_WSCT/WSCT9556.JPG
08_06,NAIM37 2_0,20210725,125416,67,1,1736,523,1877,640,08_06/NAIM37 2_0/101_WSCT/WSCT9557.JPG
08_06,NAIM37 2_0,20210725,125516,67,1,1737,525,1876,638,08_06/NAIM37 2_0/101_WSCT/WSCT9558.JPG
08_06,NAIM37 2_0,20210725,125616,54,1,1740,527,1880,645,08_06/NAIM37 2_0/101_WSCT/WSCT9559.JPG
08_06,NAIM37 2_0,20210725,125716,56,1,1739,527,1879,644,08_06/NAIM37 2_0/101_WSCT/WSCT9560.JPG
08_06,NAIM37 2_0,20210725,125816,46,1,1738,527,1879,646,08_06/NAIM37 2_0/101_WSCT/WSCT9561.JPG
08_06,NAIM37 2_0,20210725,125916,57,1,1739,528,1877,643,08_06/NAIM37 2_0/101_WSCT/WSCT9562.JPG
08_06,NAIM37 2_0,20210725,130016,54,1,1739,526,1879,644,08_06/NAIM37 2_0/101_WSCT/WSCT9563.JPG
08_06,NAIM37 2_0,20210725,130116,70,1,1739,528,1877,643,08_06/NAIM37 2_0/101_WSCT/WSCT9564.JPG
08_06,NAIM37 2_0,20210725,130216,65,1,1738,527,1879,643,08_06/NAIM37 2_0/101_WSCT/WSCT9565.JPG
08_06,NAIM37 2_0,20210725,130316,47,1,1737,526,1880,644,08_06/NAIM37 2_0/101_WSCT/WSCT9566.JPG
08_06,NAIM37 2_0,20210725,130416,45,1,1738,528,1878,642,08_06/NAIM37 2_0/101_WSCT/WSCT9567.JPG
08_06,NAIM37 2_0,20210725,130516,62,1,1739,529,1880,645,08_06/NAIM37 2_0/101_WSCT/WSCT9568.JPG
08_06,NAIM37 2_0,20210725,130616,68,1,1738,527,1878,640,08_06/NAIM37 2_0/101_WSCT/WSCT9569.JPG
08_06,NAIM37 2_0,20210725,130716,56,1,1737,525,1879,642,08_06/NAIM37 2_0/101_WSCT/WSCT9570.JPG
08_06,NAIM37 2_0,20210725,130816,63,1,1739,526,1877,641,08_06/NAIM37 2_0/101_WSCT/WSCT9571.JPG
08_06,NAIM37 2_0,20210725,130916,67,1,1735,524,1870,640,08_06/NAIM37 2_0/101_WSCT/WSCT9572.JPG
08_06,NAIM37 2_0,20210725,132916,79,1,1777,551,1894,662,08_06/NAIM37 2_0/101_WSCT/WSCT9592.JPG
08_06,NAIM37 2_0,20210725,133016,76,1,1776,552,1894,665,08_06/NAIM37 2_0/101_WSCT/WSCT9593.JPG
08_06,NAIM37 2_0,20210725,133116,74,1,1611,916,1781,1037,08_06/NAIM37 2_0/101_WSCT/WSCT9594.JPG
08_06,NAIM37 2_0,20210725,133216,80,1,1626,865,1755,1032,08_06/NAIM37 2_0/101_WSCT/WSCT9595.JPG
08_06,NAIM37 2_0,20210725,134116,81,1,1561,895,1745,1034,08_06/NAIM37 2_0/101_WSCT/WSCT9604.JPG
08_06,NAIM37 2_0,20210725,134216,81,1,1564,896,1748,1040,08_06/NAIM37 2_0/101_WSCT/WSCT9605.JPG
08_06,NAIM37 2_0,20210725,134316,78,1,1591,915,1773,1044,08_06/NAIM37 2_0/101_WSCT/WSCT9606.JPG
08_06,NAIM37 2_0,20210725,134416,69,1,1590,914,1775,1044,08_06/NAIM37 2_0/101_WSCT/WSCT9607.JPG
08_06,NAIM37 2_0,20210725,134516,70,1,1588,912,1774,1044,08_06/NAIM37 2_0/101_WSCT/WSCT9608.JPG
08_06,NAIM37 2_0,20210725,134616,72,1,1589,911,1774,1045,08_06/NAIM37 2_0/101_WSCT/WSCT9609.JPG
08_06,NAIM37 2_0,20210725,134716,74,1,1589,912,1773,1044,08_06/NAIM37 2_0/101_WSCT/WSCT9610.JPG
08_06,NAIM37 2_0,20210725,134816,68,1,1589,911,1775,1046,08_06/NAIM37 2_0/101_WSCT/WSCT9611.JPG
08_06,NAIM37 2_0,20210725,134916,66,1,1588,910,1777,1045,08_06/NAIM37 2_0/101_WSCT/WSCT9612.JPG
08_06,NAIM37 2_0,20210725,135016,72,1,1590,912,1772,1044,08_06/NAIM37 2_0/101_WSCT/WSCT9613.JPG
08_06,NAIM37 2_0,20210725,135116,70,1,1590,913,1774,1045,08_06/NAIM37 2_0/101_WSCT/WSCT9614.JPG
08_06,NAIM37 2_0,20210725,135216,72,1,1590,916,1777,1044,08_06/NAIM37 2_0/101_WSCT/WSCT9615.JPG
08_06,NAIM37 2_0,20210725,135316,78,1,1588,917,1776,1044,08_06/NAIM37 2_0/101_WSCT/WSCT9616.JPG
08_06,NAIM37 2_0,20210725,135416,77,1,1590,917,1773,1045,08_06/NAIM37 2_0/101_WSCT/WSCT9617.JPG
08_06,NAIM37 2_0,20210725,135516,76,1,1588,916,1773,1046,08_06/NAIM37 2_0/101_WSCT/WSCT9618.JPG
08_06,NAIM37 2_0,20210725,135616,76,1,1588,916,1772,1046,08_06/NAIM37 2_0/101_WSCT/WSCT9619.JPG
08_06,NAIM37 2_0,20210725,135716,74,1,1588,914,1774,1047,08_06/NAIM37 2_0/101_WSCT/WSCT9620.JPG
08_06,NAIM37 2_0,20210725,135816,75,1,1588,915,1775,1047,08_06/NAIM37 2_0/101_WSCT/WSCT9621.JPG
08_06,NAIM37 2_0,20210725,135916,75,1,1589,915,1775,1048,08_06/NAIM37 2_0/101_WSCT/WSCT9622.JPG
08_06,NAIM37 2_0,20210725,140016,74,1,1588,915,1772,1045,08_06/NAIM37 2_0/101_WSCT/WSCT9623.JPG
08_06,NAIM37 2_0,20210725,140116,76,1,1588,914,1773,1048,08_06/NAIM37 2_0/101_WSCT/WSCT9624.JPG
08_06,NAIM37 2_0,20210725,140216,80,1,1589,915,1770,1048,08_06/NAIM37 2_0/101_WSCT/WSCT9625.JPG
08_06,NAIM37 2_0,20210725,140316,81,1,1586,917,1766,1048,08_06/NAIM37 2_0/101_WSCT/WSCT9626.JPG
08_06,NAIM37 2_0,20210725,140416,76,1,1584,916,1767,1048,08_06/NAIM37 2_0/101_WSCT/WSCT9627.JPG
08_06,NAIM37 2_0,20210725,140516,79,1,1583,916,1765,1048,08_06/NAIM37 2_0/101_WSCT/WSCT9628.JPG
08_06,NAIM37 2_0,20210725,140616,80,1,1584,916,1762,1049,08_06/NAIM37 2_0/101_WSCT/WSCT9629.JPG
08_06,NAIM37 2_0,20210725,140716,80,1,1583,919,1758,1050,08_06/NAIM37 2_0/101_WSCT/WSCT9630.JPG
08_06,NAIM37 2_0,20210725,140816,78,1,1582,920,1763,1050,08_06/NAIM37 2_0/101_WSCT/WSCT9631.JPG
08_06,NAIM37 2_0,20210725,140916,79,1,1582,921,1763,1051,08_06/NAIM37 2_0/101_WSCT/WSCT9632.JPG
08_06,NAIM37 2_0,20210725,141016,77,1,1582,919,1764,1051,08_06/NAIM37 2_0/101_WSCT/WSCT9633.JPG
08_06,NAIM37 2_0,20210725,141116,77,1,1581,919,1761,1049,08_06/NAIM37 2_0/101_WSCT/WSCT9634.JPG
08_06,NAIM37 2_0,20210725,141216,78,1,1582,919,1760,1050,08_06/NAIM37 2_0/101_WSCT/WSCT9635.JPG
08_06,NAIM37 2_0,20210725,141316,79,1,1584,918,1762,1049,08_06/NAIM37 2_0/101_WSCT/WSCT9636.JPG
08_06,NAIM37 2_0,20210725,141416,77,1,1583,918,1765,1049,08_06/NAIM37 2_0/101_WSCT/WSCT9637.JPG
08_06,NAIM37 2_0,20210725,141516,77,1,1583,918,1765,1049,08_06/NAIM37 2_0/101_WSCT/WSCT9638.JPG
08_06,NAIM37 2_0,20210725,141616,76,1,1582,917,1764,1048,08_06/NAIM37 2_0/101_WSCT/WSCT9639.JPG
08_06,NAIM37 2_0,20210725,141716,78,1,1582,918,1766,1051,08_06/NAIM37 2_0/101_WSCT/WSCT9640.JPG
08_06,NAIM37 2_0,20210725,141816,77,1,1582,918,1765,1050,08_06/NAIM37 2_0/101_WSCT/WSCT9641.JPG
08_06,NAIM37 2_0,20210725,141916,77,1,1583,920,1764,1049,08_06/NAIM37 2_0/101_WSCT/WSCT9642.JPG
08_06,NAIM37 2_0,20210725,142016,77,1,1582,918,1765,1050,08_06/NAIM37 2_0/101_WSCT/WSCT9643.JPG
08_06,NAIM37 2_0,20210725,142116,78,1,1584,920,1766,1051,08_06/NAIM37 2_0/101_WSCT/WSCT9644.JPG
08_06,NAIM37 2_0,20210725,142216,77,1,1584,920,1765,1050,08_06/NAIM37 2_0/101_WSCT/WSCT9645.JPG
08_06,NAIM37 2_0,20210725,142316,81,1,1583,918,1759,1049,08_06/NAIM37 2_0/101_WSCT/WSCT9646.JPG
08_06,NAIM37 2_0,20210725,142616,27,1,1545,870,1684,1004,08_06/NAIM37 2_0/101_WSCT/WSCT9649.JPG
08_06,NAIM37 2_0,20210725,153716,72,1,1762,548,1920,661,08_06/NAIM37 2_0/101_WSCT/WSCT9720.JPG
08_06,NAIM37 2_0,20210725,153816,64,1,1763,551,1923,655,08_06/NAIM37 2_0/101_WSCT/WSCT9721.JPG
08_06,NAIM37 2_0,20210725,153916,63,1,1761,552,1922,660,08_06/NAIM37 2_0/101_WSCT/WSCT9722.JPG
08_06,NAIM37 2_0,20210725,154016,69,1,1763,549,1920,660,08_06/NAIM37 2_0/101_WSCT/WSCT9723.JPG
08_06,NAIM37 2_0,20210725,154116,52,1,1748,553,1893,651,08_06/NAIM37 2_0/101_WSCT/WSCT9724.JPG
08_06,NAIM37 2_0,20210725,154216,51,1,1749,559,1890,675,08_06/NAIM37 2_0/101_WSCT/WSCT9725.JPG
08_06,NAIM37 2_0,20210725,163016,34,1,2135,1362,2262,1520,08_06/NAIM37 2_0/101_WSCT/WSCT9773.JPG
08_06,NAIM37 2_0,20210725,163116,54,1,2128,1386,2246,1527,08_06/NAIM37 2_0/101_WSCT/WSCT9774.JPG
08_06,NAIM37 2_0,20210725,163316,59,1,2130,1381,2256,1531,08_06/NAIM37 2_0/101_WSCT/WSCT9776.JPG
08_06,NAIM37 2_0,20210725,163416,58,1,2131,1381,2257,1531,08_06/NAIM37 2_0/101_WSCT/WSCT9777.JPG
08_06,NAIM37 2_0,20210725,163516,59,1,2131,1382,2256,1529,08_06/NAIM37 2_0/101_WSCT/WSCT9778.JPG
08_06,NAIM37 2_0,20210725,163616,48,1,2127,1380,2254,1532,08_06/NAIM37 2_0/101_WSCT/WSCT9779.JPG
08_06,NAIM37 2_0,20210725,163716,55,1,2135,1380,2256,1532,08_06/NAIM37 2_0/101_WSCT/WSCT9780.JPG
08_06,NAIM37 2_0,20210725,164416,46,1,2134,1382,2261,1528,08_06/NAIM37 2_0/101_WSCT/WSCT9787.JPG
08_06,NAIM37 2_0,20210725,164616,47,1,2135,1381,2261,1526,08_06/NAIM37 2_0/101_WSCT/WSCT9789.JPG
08_06,NAIM37 2_0,20210725,165316,53,1,2135,1384,2262,1533,08_06/NAIM37 2_0/101_WSCT/WSCT9796.JPG
08_06,NAIM37 2_0,20210725,165416,67,1,2137,1383,2260,1531,08_06/NAIM37 2_0/101_WSCT/WSCT9797.JPG
08_06,NAIM37 2_0,20210725,165516,67,1,2136,1385,2258,1530,08_06/NAIM37 2_0/101_WSCT/WSCT9798.JPG
08_06,NAIM37 2_0,20210725,165616,34,1,2134,1384,2260,1533,08_06/NAIM37 2_0/101_WSCT/WSCT9799.JPG
08_06,NAIM37 2_0,20210725,165716,64,1,2137,1386,2257,1529,08_06/NAIM37 2_0/101_WSCT/WSCT9800.JPG
08_06,NAIM37 2_0,20210725,165816,42,1,2136,1385,2259,1531,08_06/NAIM37 2_0/101_WSCT/WSCT9801.JPG
08_06,NAIM37 2_0,20210725,165916,63,1,2135,1384,2260,1533,08_06/NAIM37 2_0/101_WSCT/WSCT9802.JPG
08_06,NAIM37 2_0,20210725,170016,56,1,2137,1388,2257,1530,08_06/NAIM37 2_0/101_WSCT/WSCT9803.JPG
08_06,NAIM37 2_0,20210725,170216,63,1,2136,1385,2255,1533,08_06/NAIM37 2_0/101_WSCT/WSCT9805.JPG
08_06,NAIM37 2_0,20210725,170416,27,1,2137,1387,2254,1529,08_06/NAIM37 2_0/101_WSCT/WSCT9807.JPG
08_06,NAIM37 2_0,20210725,170916,46,1,2136,1386,2252,1529,08_06/NAIM37 2_0/101_WSCT/WSCT9812.JPG
08_06,NAIM37 2_0,20210725,171216,25,1,2137,1387,2254,1530,08_06/NAIM37 2_0/101_WSCT/WSCT9815.JPG
08_06,NAIM37 2_0,20210725,171416,27,1,2138,1386,2255,1528,08_06/NAIM37 2_0/101_WSCT/WSCT9817.JPG
08_06,NAIM37 2_0,20210725,172116,30,1,2119,1383,2262,1535,08_06/NAIM37 2_0/101_WSCT/WSCT9824.JPG
08_06,NAIM37 2_0,20210725,172216,56,1,2123,1384,2258,1535,08_06/NAIM37 2_0/101_WSCT/WSCT9825.JPG
08_06,NAIM37 2_0,20210725,172316,47,1,2118,1382,2260,1537,08_06/NAIM37 2_0/101_WSCT/WSCT9826.JPG
08_06,NAIM37 2_0,20210725,172416,41,1,2122,1383,2258,1536,08_06/NAIM37 2_0/101_WSCT/WSCT9827.JPG
08_06,NAIM37 2_0,20210725,172516,30,1,2120,1382,2257,1538,08_06/NAIM37 2_0/101_WSCT/WSCT9828.JPG
08_06,NAIM37 2_0,20210725,172616,60,1,2121,1386,2258,1534,08_06/NAIM37 2_0/101_WSCT/WSCT9829.JPG
08_06,NAIM37 2_0,20210725,172816,56,1,2121,1383,2258,1535,08_06/NAIM37 2_0/101_WSCT/WSCT9831.JPG
08_06,NAIM37 2_0,20210725,172916,34,1,2118,1384,2259,1537,08_06/NAIM37 2_0/101_WSCT/WSCT9832.JPG
08_06,NAIM37 2_0,20210725,173016,43,1,2123,1387,2257,1535,08_06/NAIM37 2_0/101_WSCT/WSCT9833.JPG
08_06,NAIM37 2_0,20210725,173116,28,1,2124,1389,2261,1532,08_06/NAIM37 2_0/101_WSCT/WSCT9834.JPG
08_06,NAIM37 2_0,20210725,173216,71,1,2145,1335,2263,1486,08_06/NAIM37 2_0/101_WSCT/WSCT9835.JPG
08_06,NAIM37 2_0,20210725,173316,30,1,2142,1335,2267,1488,08_06/NAIM37 2_0/101_WSCT/WSCT9836.JPG
08_06,NAIM37 2_0,20210725,173416,48,1,2142,1336,2268,1489,08_06/NAIM37 2_0/101_WSCT/WSCT9837.JPG
08_06,NAIM37 2_0,20210725,173516,42,1,2141,1336,2267,1489,08_06/NAIM37 2_0/101_WSCT/WSCT9838.JPG
08_06,NAIM37 2_0,20210725,173616,52,1,2142,1334,2267,1489,08_06/NAIM37 2_0/101_WSCT/WSCT9839.JPG
08_06,NAIM37 2_0,20210725,173716,49,1,2143,1336,2266,1488,08_06/NAIM37 2_0/101_WSCT/WSCT9840.JPG
08_06,NAIM37 2_0,20210725,173816,51,1,2141,1334,2265,1488,08_06/NAIM37 2_0/101_WSCT/WSCT9841.JPG
08_06,NAIM37 2_0,20210725,173916,71,1,2144,1337,2265,1486,08_06/NAIM37 2_0/101_WSCT/WSCT9842.JPG
08_06,NAIM37 2_0,20210725,174016,79,1,2145,1333,2268,1485,08_06/NAIM37 2_0/101_WSCT/WSCT9843.JPG
08_06,NAIM37 2_0,20210725,174116,66,1,2141,1329,2271,1485,08_06/NAIM37 2_0/101_WSCT/WSCT9844.JPG
08_06,NAIM37 2_0,20210725,174216,70,1,2142,1331,2270,1485,08_06/NAIM37 2_0/101_WSCT/WSCT9845.JPG
08_06,NAIM37 2_0,20210725,174316,80,1,2144,1331,2270,1484,08_06/NAIM37 2_0/101_WSCT/WSCT9846.JPG
08_06,NAIM37 2_0,20210725,174416,74,1,2145,1333,2269,1484,08_06/NAIM37 2_0/101_WSCT/WSCT9847.JPG
08_06,NAIM37 2_0,20210725,174516,69,1,2144,1330,2270,1484,08_06/NAIM37 2_0/101_WSCT/WSCT9848.JPG
08_06,NAIM37 2_0,20210725,174616,69,1,2144,1333,2270,1484,08_06/NAIM37 2_0/101_WSCT/WSCT9849.JPG
08_06,NAIM37 2_0,20210725,174716,66,1,2144,1333,2270,1485,08_06/NAIM37 2_0/101_WSCT/WSCT9850.JPG
08_06,NAIM37 2_0,20210725,174816,67,1,2144,1331,2271,1484,08_06/NAIM37 2_0/101_WSCT/WSCT9851.JPG
08_06,NAIM37 2_0,20210725,174916,70,1,2146,1334,2268,1481,08_06/NAIM37 2_0/101_WSCT/WSCT9852.JPG
08_06,NAIM37 2_0,20210725,175016,67,1,2145,1333,2270,1482,08_06/NAIM37 2_0/101_WSCT/WSCT9853.JPG
08_06,NAIM37 2_0,20210725,175116,73,1,2146,1333,2269,1481,08_06/NAIM37 2_0/101_WSCT/WSCT9854.JPG
08_06,NAIM37 2_0,20210725,175216,52,1,2146,1331,2269,1483,08_06/NAIM37 2_0/101_WSCT/WSCT9855.JPG
08_06,NAIM37 2_0,20210725,175316,71,1,2145,1331,2270,1484,08_06/NAIM37 2_0/101_WSCT/WSCT9856.JPG
08_06,NAIM37 2_0,20210725,175416,65,1,2145,1332,2271,1485,08_06/NAIM37 2_0/101_WSCT/WSCT9857.JPG
08_06,NAIM37 2_0,20210725,175516,68,1,2144,1333,2269,1485,08_06/NAIM37 2_0/101_WSCT/WSCT9858.JPG
08_06,NAIM37 2_0,20210725,175616,63,1,2145,1332,2270,1485,08_06/NAIM37 2_0/101_WSCT/WSCT9859.JPG
08_06,NAIM37 2_0,20210725,175716,60,1,2146,1333,2270,1485,08_06/NAIM37 2_0/101_WSCT/WSCT9860.JPG
08_06,NAIM37 2_0,20210725,175816,62,1,2147,1333,2267,1482,08_06/NAIM37 2_0/101_WSCT/WSCT9861.JPG
08_06,NAIM37 2_0,20210725,175916,72,1,2146,1334,2269,1484,08_06/NAIM37 2_0/101_WSCT/WSCT9862.JPG
08_06,NAIM37 2_0,20210725,180016,76,1,2146,1334,2270,1485,08_06/NAIM37 2_0/101_WSCT/WSCT9863.JPG
08_06,NAIM37 2_0,20210725,180116,72,1,2147,1336,2268,1483,08_06/NAIM37 2_0/101_WSCT/WSCT9864.JPG
08_06,NAIM37 2_0,20210725,180216,79,1,2146,1334,2270,1482,08_06/NAIM37 2_0/101_WSCT/WSCT9865.JPG
08_06,NAIM37 2_0,20210725,180316,76,1,2146,1334,2269,1484,08_06/NAIM37 2_0/101_WSCT/WSCT9866.JPG
08_06,NAIM37 2_0,20210725,180416,74,1,2145,1334,2269,1484,08_06/NAIM37 2_0/101_WSCT/WSCT9867.JPG
08_06,NAIM37 2_0,20210725,180516,71,1,2145,1333,2270,1485,08_06/NAIM37 2_0/101_WSCT/WSCT9868.JPG
08_06,NAIM37 2_0,20210725,180616,75,1,2145,1332,2271,1484,08_06/NAIM37 2_0/101_WSCT/WSCT9869.JPG
08_06,NAIM37 2_0,20210725,180716,65,1,2146,1333,2271,1486,08_06/NAIM37 2_0/101_WSCT/WSCT9870.JPG
08_06,NAIM37 2_0,20210725,180816,60,1,2147,1332,2270,1486,08_06/NAIM37 2_0/101_WSCT/WSCT9871.JPG
08_06,NAIM37 2_0,20210725,180916,77,1,2147,1336,2266,1485,08_06/NAIM37 2_0/101_WSCT/WSCT9872.JPG
08_06,NAIM37 2_0,20210725,181016,65,1,2095,1352,2259,1490,08_06/NAIM37 2_0/101_WSCT/WSCT9873.JPG
08_06,NAIM37 2_0,20210725,181116,73,1,2131,1362,2265,1495,08_06/NAIM37 2_0/101_WSCT/WSCT9874.JPG
08_06,NAIM37 2_0,20210725,181216,69,1,2127,1355,2261,1509,08_06/NAIM37 2_0/101_WSCT/WSCT9875.JPG
08_06,NAIM37 2_0,20210725,181316,68,1,2128,1354,2263,1512,08_06/NAIM37 2_0/101_WSCT/WSCT9876.JPG
08_06,NAIM37 2_0,20210725,181416,72,1,2127,1357,2261,1509,08_06/NAIM37 2_0/101_WSCT/WSCT9877.JPG
08_06,NAIM37 2_0,20210725,181516,72,1,2129,1354,2263,1510,08_06/NAIM37 2_0/101_WSCT/WSCT9878.JPG
08_06,NAIM37 2_0,20210725,181616,68,1,2127,1352,2263,1512,08_06/NAIM37 2_0/101_WSCT/WSCT9879.JPG
08_06,NAIM37 2_0,20210725,181716,73,1,2128,1354,2262,1510,08_06/NAIM37 2_0/101_WSCT/WSCT9880.JPG
08_06,NAIM37 2_0,20210725,181816,69,1,2126,1354,2262,1511,08_06/NAIM37 2_0/101_WSCT/WSCT9881.JPG
08_06,NAIM37 2_0,20210725,181916,69,1,2126,1352,2262,1510,08_06/NAIM37 2_0/101_WSCT/WSCT9882.JPG
08_06,NAIM37 2_0,20210725,182016,67,1,2127,1354,2262,1509,08_06/NAIM37 2_0/101_WSCT/WSCT9883.JPG
08_06,NAIM37 2_0,20210725,182122,64,1,2127,1357,2260,1508,08_06/NAIM37 2_0/101_WSCT/WSCT9884.JPG
08_06,NAIM37 2_0,20210725,182222,55,1,2123,1351,2261,1512,08_06/NAIM37 2_0/101_WSCT/WSCT9885.JPG
08_06,NAIM37 2_0,20210725,182322,66,1,2127,1356,2261,1509,08_06/NAIM37 2_0/101_WSCT/WSCT9886.JPG
08_06,NAIM37 2_0,20210725,182422,73,1,2130,1356,2260,1506,08_06/NAIM37 2_0/101_WSCT/WSCT9887.JPG
08_06,NAIM37 2_0,20210725,182522,63,1,2127,1357,2261,1508,08_06/NAIM37 2_0/101_WSCT/WSCT9888.JPG
08_06,NAIM37 2_0,20210725,182622,64,1,2124,1353,2263,1511,08_06/NAIM37 2_0/101_WSCT/WSCT9889.JPG
08_06,NAIM37 2_0,20210725,182722,64,1,2123,1354,2262,1511,08_06/NAIM37 2_0/101_WSCT/WSCT9890.JPG
08_06,NAIM37 2_0,20210725,182822,59,1,2123,1352,2262,1518,08_06/NAIM37 2_0/101_WSCT/WSCT9891.JPG
08_06,NAIM37 2_0,20210725,182922,71,1,2129,1357,2259,1505,08_06/NAIM37 2_0/101_WSCT/WSCT9892.JPG
08_06,NAIM37 2_0,20210725,183022,75,1,2131,1355,2261,1505,08_06/NAIM37 2_0/101_WSCT/WSCT9893.JPG
08_06,NAIM37 2_0,20210725,183122,74,1,2133,1352,2264,1504,08_06/NAIM37 2_0/101_WSCT/WSCT9894.JPG
08_06,NAIM37 2_0,20210725,183222,78,1,2134,1354,2262,1503,08_06/NAIM37 2_0/101_WSCT/WSCT9895.JPG
08_06,NAIM37 2_0,20210725,183322,78,1,2132,1354,2262,1505,08_06/NAIM37 2_0/101_WSCT/WSCT9896.JPG
08_06,NAIM37 2_0,20210725,183422,79,1,2131,1354,2263,1507,08_06/NAIM37 2_0/101_WSCT/WSCT9897.JPG
08_06,NAIM37 2_0,20210725,183522,78,1,2132,1355,2262,1506,08_06/NAIM37 2_0/101_WSCT/WSCT9898.JPG
08_06,NAIM37 2_0,20210725,183622,78,1,2132,1354,2264,1507,08_06/NAIM37 2_0/101_WSCT/WSCT9899.JPG
08_06,NAIM37 2_0,20210725,183722,79,1,2134,1356,2262,1504,08_06/NAIM37 2_0/101_WSCT/WSCT9900.JPG
08_06,NAIM37 2_0,20210725,183822,79,1,2132,1354,2262,1506,08_06/NAIM37 2_0/101_WSCT/WSCT9901.JPG
08_06,NAIM37 2_0,20210725,183922,79,1,2132,1356,2263,1509,08_06/NAIM37 2_0/101_WSCT/WSCT9902.JPG
08_06,NAIM37 2_0,20210725,184022,79,1,2132,1355,2264,1507,08_06/NAIM37 2_0/101_WSCT/WSCT9903.JPG
08_06,NAIM37 2_0,20210725,184122,78,1,2133,1355,2263,1508,08_06/NAIM37 2_0/101_WSCT/WSCT9904.JPG
08_06,NAIM37 2_0,20210725,184222,77,1,2132,1354,2264,1507,08_06/NAIM37 2_0/101_WSCT/WSCT9905.JPG
08_06,NAIM37 2_0,20210725,184322,77,1,2131,1356,2264,1506,08_06/NAIM37 2_0/101_WSCT/WSCT9906.JPG
08_06,NAIM37 2_0,20210725,184422,77,1,2129,1356,2263,1510,08_06/NAIM37 2_0/101_WSCT/WSCT9907.JPG
08_06,NAIM37 2_0,20210725,184522,77,1,2135,1355,2264,1509,08_06/NAIM37 2_0/101_WSCT/WSCT9908.JPG
08_06,NAIM37 2_0,20210725,184622,74,1,2130,1355,2263,1506,08_06/NAIM37 2_0/101_WSCT/WSCT9909.JPG
08_06,NAIM37 2_0,20210725,184722,74,1,2129,1355,2263,1502,08_06/NAIM37 2_0/101_WSCT/WSCT9910.JPG
08_06,NAIM37 2_0,20210725,184822,72,1,2125,1355,2264,1510,08_06/NAIM37 2_0/101_WSCT/WSCT9911.JPG
08_06,NAIM37 2_0,20210725,184922,74,1,2127,1356,2262,1507,08_06/NAIM37 2_0/101_WSCT/WSCT9912.JPG
08_06,NAIM37 2_0,20210725,185022,79,1,2131,1358,2263,1505,08_06/NAIM37 2_0/101_WSCT/WSCT9913.JPG
08_06,NAIM37 2_0,20210725,185122,79,1,2129,1357,2262,1504,08_06/NAIM37 2_0/101_WSCT/WSCT9914.JPG
08_06,NAIM37 2_0,20210725,185222,74,1,2131,1356,2259,1506,08_06/NAIM37 2_0/101_WSCT/WSCT9915.JPG
08_06,NAIM37 2_0,20210725,185322,68,1,2129,1359,2256,1503,08_06/NAIM37 2_0/101_WSCT/WSCT9916.JPG
08_06,NAIM37 2_0,20210725,185422,70,1,2125,1360,2256,1502,08_06/NAIM37 2_0/101_WSCT/WSCT9917.JPG
08_06,NAIM37 2_0,20210725,185522,71,1,2125,1361,2256,1501,08_06/NAIM37 2_0/101_WSCT/WSCT9918.JPG
08_06,NAIM37 2_0,20210725,185622,72,1,2128,1359,2256,1500,08_06/NAIM37 2_0/101_WSCT/WSCT9919.JPG
08_06,NAIM37 2_0,20210725,185722,74,1,2124,1357,2248,1508,08_06/NAIM37 2_0/101_WSCT/WSCT9920.JPG
08_06,NAIM37 2_0,20210725,185822,77,1,2120,1361,2247,1508,08_06/NAIM37 2_0/101_WSCT/WSCT9921.JPG
08_06,NAIM37 2_0,20210725,185922,75,1,2121,1360,2248,1510,08_06/NAIM37 2_0/101_WSCT/WSCT9922.JPG
08_06,NAIM37 2_0,20210725,190022,77,1,2120,1359,2248,1514,08_06/NAIM37 2_0/101_WSCT/WSCT9923.JPG
08_06,NAIM37 2_0,20210725,190122,77,1,2120,1359,2247,1510,08_06/NAIM37 2_0/101_WSCT/WSCT9924.JPG
08_06,NAIM37 2_0,20210725,190224,77,1,2123,1360,2246,1508,08_06/NAIM37 2_0/101_WSCT/WSCT9925.JPG
08_06,NAIM37 2_0,20210725,190322,78,1,2122,1360,2247,1508,08_06/NAIM37 2_0/101_WSCT/WSCT9926.JPG
08_06,NAIM37 2_0,20210725,190422,77,1,2121,1358,2248,1512,08_06/NAIM37 2_0/101_WSCT/WSCT9927.JPG
08_06,NAIM37 2_0,20210725,190522,78,1,2122,1359,2248,1508,08_06/NAIM37 2_0/101_WSCT/WSCT9928.JPG
08_06,NAIM37 2_0,20210725,190622,77,1,2120,1360,2247,1514,08_06/NAIM37 2_0/101_WSCT/WSCT9929.JPG
08_06,NAIM37 2_0,20210725,190722,77,1,2121,1358,2249,1516,08_06/NAIM37 2_0/101_WSCT/WSCT9930.JPG
08_06,NAIM37 2_0,20210725,190822,75,1,2121,1359,2248,1515,08_06/NAIM37 2_0/101_WSCT/WSCT9931.JPG
08_06,NAIM37 2_0,20210725,190922,75,1,2121,1360,2249,1513,08_06/NAIM37 2_0/101_WSCT/WSCT9932.JPG
08_06,NAIM37 2_0,20210725,191022,77,1,2122,1360,2249,1514,08_06/NAIM37 2_0/101_WSCT/WSCT9933.JPG
08_06,NAIM37 2_0,20210725,191122,75,1,2119,1360,2249,1515,08_06/NAIM37 2_0/101_WSCT/WSCT9934.JPG
08_06,NAIM37 2_0,20210725,191222,72,1,2119,1359,2250,1514,08_06/NAIM37 2_0/101_WSCT/WSCT9935.JPG
08_06,NAIM37 2_0,20210725,191322,73,1,2119,1358,2250,1517,08_06/NAIM37 2_0/101_WSCT/WSCT9936.JPG
08_06,NAIM37 2_0,20210725,191422,73,1,2120,1358,2251,1519,08_06/NAIM37 2_0/101_WSCT/WSCT9937.JPG
08_06,NAIM37 2_0,20210725,191522,73,1,2120,1359,2249,1514,08_06/NAIM37 2_0/101_WSCT/WSCT9938.JPG
08_06,NAIM37 2_0,20210725,191622,60,1,2118,1359,2249,1519,08_06/NAIM37 2_0/101_WSCT/WSCT9939.JPG
08_06,NAIM37 2_0,20210725,191722,57,1,2114,1358,2250,1527,08_06/NAIM37 2_0/101_WSCT/WSCT9940.JPG
08_06,NAIM37 2_0,20210725,191822,59,1,2113,1358,2251,1524,08_06/NAIM37 2_0/101_WSCT/WSCT9941.JPG
08_06,NAIM37 2_0,20210725,191924,46,1,2114,1358,2250,1524,08_06/NAIM37 2_0/101_WSCT/WSCT9942.JPG
08_06,NAIM37 2_0,20210725,192024,37,1,2106,1357,2252,1527,08_06/NAIM37 2_0/101_WSCT/WSCT9943.JPG
08_06,NAIM37 2_0,20210725,192124,33,1,2106,1357,2252,1528,08_06/NAIM37 2_0/101_WSCT/WSCT9944.JPG
08_06,NAIM37 2_0,20210725,192224,41,1,2106,1357,2252,1527,08_06/NAIM37 2_0/101_WSCT/WSCT9945.JPG
08_06,NAIM37 2_0,20210725,192324,40,1,2110,1360,2250,1517,08_06/NAIM37 2_0/101_WSCT/WSCT9946.JPG
08_06,NAIM37 2_0,20210725,192424,47,1,2118,1356,2250,1504,08_06/NAIM37 2_0/101_WSCT/WSCT9947.JPG
