200630,Unknown,20200627,212158,36,1,2700,885,2793,985,200630/Unknown/104_WSCT/WSCT0011 (2).JPG
200630,Unknown,20200627,214004,26,1,2289,2120,2392,2258,200630/Unknown/104_WSCT/WSCT0015.JPG
200630,Unknown,20200627,214304,25,1,2287,2120,2393,2259,200630/Unknown/104_WSCT/WSCT0018.JPG
200630,Unknown,20200627,212958,26,1,2699,884,2797,988,200630/Unknown/104_WSCT/WSCT0019 (2).JPG
200630,Unknown,20200627,214404,26,1,2288,2117,2391,2248,200630/Unknown/104_WSCT/WSCT0019.JPG
200630,Unknown,20200627,213356,30,1,2697,882,2800,990,200630/Unknown/104_WSCT/WSCT0023 (2).JPG
200630,Unknown,20200627,215804,30,1,2289,2119,2392,2253,200630/Unknown/104_WSCT/WSCT0033.JPG
200630,Unknown,20200627,214052,30,1,2447,1489,2512,1557,200630/Unknown/104_WSCT/WSCT0036 (3).JPG
200630,Unknown,20200627,214508,37,1,2446,1489,2512,1558,200630/Unknown/104_WSCT/WSCT0040 (3).JPG
200630,Unknown,20200627,214820,30,1,2446,1488,2513,1559,200630/Unknown/104_WSCT/WSCT0043 (3).JPG
200630,Unknown,20200626,215704,28,1,2360,609,2565,797,200630/Unknown/104_WSCT/WSCT0092 (4).JPG
200630,Unknown,20200628,084202,26,1,2371,537,2451,591,200630/Unknown/104_WSCT/WSCT0197.JPG
200630,Unknown,20200628,112844,72,1,421,113,513,222,200630/Unknown/104_WSCT/WSCT0363 (3).JPG
200630,Unknown,20200628,113716,81,1,576,557,656,635,200630/Unknown/104_WSCT/WSCT0371 (3).JPG
200630,Unknown,20200627,120608,40,1,981,1300,1109,1387,200630/Unknown/104_WSCT/WSCT0461 (4).JPG
200630,Unknown,20200628,131030,89,1,1867,608,2064,743,200630/Unknown/104_WSCT/WSCT0465.JPG
200630,Unknown,20200627,122508,33,1,984,1307,1106,1390,200630/Unknown/104_WSCT/WSCT0480 (4).JPG
200630,Unknown,20200627,122808,35,1,983,1307,1105,1390,200630/Unknown/104_WSCT/WSCT0483 (4).JPG
200630,Unknown,20200627,132508,45,1,994,1295,1114,1372,200630/Unknown/104_WSCT/WSCT0540 (4).JPG
200630,Unknown,20200627,134108,45,1,995,1294,1115,1370,200630/Unknown/104_WSCT/WSCT0556 (4).JPG
200630,Unknown,20200627,134508,36,1,1005,1299,1109,1371,200630/Unknown/104_WSCT/WSCT0560 (4).JPG
200630,Unknown,20200627,134608,38,1,1006,1301,1110,1372,200630/Unknown/104_WSCT/WSCT0561 (4).JPG
200630,Unknown,20200627,134708,26,1,1003,1299,1106,1371,200630/Unknown/104_WSCT/WSCT0562 (4).JPG
200630,Unknown,20200627,135208,37,1,1009,1304,1105,1374,200630/Unknown/104_WSCT/WSCT0567 (4).JPG
200630,Unknown,20200627,135308,26,1,1005,1301,1105,1372,200630/Unknown/104_WSCT/WSCT0568 (4).JPG
200630,Unknown,20200627,135508,44,1,1009,1303,1106,1373,200630/Unknown/104_WSCT/WSCT0570 (4).JPG
200630,Unknown,20200627,135808,28,1,1003,1299,1107,1374,200630/Unknown/104_WSCT/WSCT0573 (4).JPG
200630,Unknown,20200627,140008,35,1,1007,1299,1110,1373,200630/Unknown/104_WSCT/WSCT0575 (4).JPG
200630,Unknown,20200627,141508,27,1,2371,608,2502,776,200630/Unknown/104_WSCT/WSCT0590 (4).JPG
200630,Unknown,20200627,142908,26,1,2377,616,2500,777,200630/Unknown/104_WSCT/WSCT0604 (4).JPG
200630,Unknown,20200627,144208,36,1,1001,1304,1110,1377,200630/Unknown/104_WSCT/WSCT0617 (4).JPG
200630,Unknown,20200627,144308,47,1,1002,1303,1110,1376,200630/Unknown/104_WSCT/WSCT0618 (4).JPG
200630,Unknown,20200627,144608,51,1,1003,1304,1108,1376,200630/Unknown/104_WSCT/WSCT0621 (4).JPG
200630,Unknown,20200627,144708,42,1,1000,1304,1107,1375,200630/Unknown/104_WSCT/WSCT0622 (4).JPG
200630,Unknown,20200627,144808,50,1,996,1302,1108,1375,200630/Unknown/104_WSCT/WSCT0623 (4).JPG
200630,Unknown,20200627,144908,30,1,997,1300,1108,1375,200630/Unknown/104_WSCT/WSCT0624 (4).JPG
200630,Unknown,20200627,145008,56,1,1001,1303,1108,1374,200630/Unknown/104_WSCT/WSCT0625 (4).JPG
200630,Unknown,20200627,145108,38,1,1002,1300,1110,1373,200630/Unknown/104_WSCT/WSCT0626 (4).JPG
200630,Unknown,20200627,145208,61,1,1003,1304,1110,1375,200630/Unknown/104_WSCT/WSCT0627 (4).JPG
200630,Unknown,20200627,145308,35,1,999,1300,1111,1374,200630/Unknown/104_WSCT/WSCT0628 (4).JPG
200630,Unknown,20200627,145408,39,1,1003,1304,1108,1373,200630/Unknown/104_WSCT/WSCT0629 (4).JPG
200630,Unknown,20200627,145608,30,1,1001,1303,1108,1373,200630/Unknown/104_WSCT/WSCT0631 (4).JPG
200630,Unknown,20200628,161554,42,1,1612,952,1789,1078,200630/Unknown/104_WSCT/WSCT0632 (3).JPG
200630,Unknown,20200627,145708,50,1,1001,1302,1110,1372,200630/Unknown/104_WSCT/WSCT0632 (4).JPG
200630,Unknown,20200627,145808,31,1,997,1299,1112,1373,200630/Unknown/104_WSCT/WSCT0633 (4).JPG
200630,Unknown,20200627,145908,69,1,1003,1302,1110,1374,200630/Unknown/104_WSCT/WSCT0634 (4).JPG
200630,Unknown,20200627,150008,46,1,1001,1302,1109,1374,200630/Unknown/104_WSCT/WSCT0635 (4).JPG
200630,Unknown,20200628,162010,41,1,1614,952,1788,1075,200630/Unknown/104_WSCT/WSCT0636 (3).JPG
200630,Unknown,20200627,150708,63,1,999,1303,1106,1376,200630/Unknown/104_WSCT/WSCT0642 (4).JPG
200630,Unknown,20200627,151208,27,1,999,1304,1110,1379,200630/Unknown/104_WSCT/WSCT0647 (4).JPG
200630,Unknown,20200627,151508,44,1,997,1304,1109,1379,200630/Unknown/104_WSCT/WSCT0650 (4).JPG
200630,Unknown,20200627,151608,40,1,997,1303,1110,1378,200630/Unknown/104_WSCT/WSCT0651 (4).JPG
200630,Unknown,20200627,151708,55,1,990,1300,1110,1379,200630/Unknown/104_WSCT/WSCT0652 (4).JPG
200630,Unknown,20200627,151808,26,1,991,1299,1112,1379,200630/Unknown/104_WSCT/WSCT0653 (4).JPG
200630,Unknown,20200627,151908,58,1,995,1301,1112,1377,200630/Unknown/104_WSCT/WSCT0654 (4).JPG
200630,Unknown,20200627,152008,61,1,990,1300,1112,1380,200630/Unknown/104_WSCT/WSCT0655 (4).JPG
200630,Unknown,20200627,152108,55,1,994,1301,1111,1378,200630/Unknown/104_WSCT/WSCT0656 (4).JPG
200630,Unknown,20200627,152308,61,1,988,1301,1110,1380,200630/Unknown/104_WSCT/WSCT0658 (4).JPG
200630,Unknown,20200627,152408,59,1,990,1300,1110,1378,200630/Unknown/104_WSCT/WSCT0659 (4).JPG
200630,Unknown,20200627,152508,60,1,992,1301,1111,1378,200630/Unknown/104_WSCT/WSCT0660 (4).JPG
200630,Unknown,20200627,152808,67,1,993,1303,1107,1378,200630/Unknown/104_WSCT/WSCT0663 (4).JPG
200630,Unknown,20200628,162836,33,1,815,1586,938,1678,200630/Unknown/104_WSCT/WSCT0663.JPG
200630,Unknown,20200628,162938,26,1,813,1588,939,1681,200630/Unknown/104_WSCT/WSCT0664 (2).JPG
200630,Unknown,20200627,153108,41,1,992,1302,1109,1380,200630/Unknown/104_WSCT/WSCT0666 (4).JPG
200630,Unknown,20200627,153208,51,1,994,1303,1108,1378,200630/Unknown/104_WSCT/WSCT0667 (4).JPG
200630,Unknown,20200627,153408,30,1,992,1302,1110,1379,200630/Unknown/104_WSCT/WSCT0669 (4).JPG
200630,Unknown,20200627,153508,57,1,997,1304,1109,1379,200630/Unknown/104_WSCT/WSCT0670 (4).JPG
200630,Unknown,20200627,153708,66,1,993,1302,1109,1381,200630/Unknown/104_WSCT/WSCT0672 (4).JPG
200630,Unknown,20200627,153908,29,1,992,1301,1111,1378,200630/Unknown/104_WSCT/WSCT0674 (4).JPG
200630,Unknown,20200627,154008,28,1,993,1300,1113,1381,200630/Unknown/104_WSCT/WSCT0675 (4).JPG
200630,Unknown,20200627,154108,26,1,991,1301,1110,1381,200630/Unknown/104_WSCT/WSCT0676 (4).JPG
200630,Unknown,20200628,164136,26,1,406,1748,548,1839,200630/Unknown/104_WSCT/WSCT0676.JPG
200630,Unknown,20200628,164536,34,1,1512,1986,1600,2093,200630/Unknown/104_WSCT/WSCT0694 (2).JPG
200630,Unknown,20200627,160108,39,1,978,1299,1113,1386,200630/Unknown/104_WSCT/WSCT0696 (4).JPG
200630,Unknown,20200627,160208,59,1,978,1300,1111,1386,200630/Unknown/104_WSCT/WSCT0697 (4).JPG
200630,Unknown,20200627,160308,26,1,978,1300,1109,1386,200630/Unknown/104_WSCT/WSCT0698 (4).JPG
200630,Unknown,20200628,170536,63,1,107,479,260,568,200630/Unknown/104_WSCT/WSCT0700 (2).JPG
200630,Unknown,20200627,160708,45,1,980,1298,1109,1386,200630/Unknown/104_WSCT/WSCT0702 (4).JPG
200630,Unknown,20200627,165208,66,1,998,1299,1119,1378,200630/Unknown/104_WSCT/WSCT0747 (4).JPG
200630,Unknown,20200627,165308,55,1,999,1299,1117,1377,200630/Unknown/104_WSCT/WSCT0748 (4).JPG
200630,Unknown,20200627,165408,34,1,992,1296,1119,1380,200630/Unknown/104_WSCT/WSCT0749 (4).JPG
200630,Unknown,20200627,165608,28,1,994,1299,1113,1380,200630/Unknown/104_WSCT/WSCT0751 (4).JPG
200630,Unknown,20200627,165708,40,1,996,1299,1116,1380,200630/Unknown/104_WSCT/WSCT0752 (4).JPG
200630,Unknown,20200627,170516,26,1,997,1299,1114,1379,200630/Unknown/104_WSCT/WSCT0760 (4).JPG
200630,Unknown,20200627,171216,26,1,995,1299,1116,1380,200630/Unknown/104_WSCT/WSCT0767 (4).JPG
200630,Unknown,20200627,171416,36,1,994,1300,1116,1381,200630/Unknown/104_WSCT/WSCT0769 (4).JPG
200630,Unknown,20200627,171516,34,1,990,1298,1115,1381,200630/Unknown/104_WSCT/WSCT0770 (4).JPG
200630,Unknown,20200627,171816,33,1,999,1301,1115,1380,200630/Unknown/104_WSCT/WSCT0773 (4).JPG
200630,Unknown,20200627,171916,33,1,987,1298,1117,1383,200630/Unknown/104_WSCT/WSCT0774 (4).JPG
200630,Unknown,20200627,172016,35,1,996,1301,1114,1381,200630/Unknown/104_WSCT/WSCT0775 (4).JPG
200630,Unknown,20200627,172116,39,1,993,1299,1117,1381,200630/Unknown/104_WSCT/WSCT0776 (4).JPG
200630,Unknown,20200628,185138,26,1,3729,640,3841,737,200630/Unknown/104_WSCT/WSCT0778 (3).JPG
200630,Unknown,20200627,172316,44,1,988,1298,1117,1383,200630/Unknown/104_WSCT/WSCT0778 (4).JPG
200630,Unknown,20200627,172416,36,1,994,1301,1113,1382,200630/Unknown/104_WSCT/WSCT0779 (4).JPG
200630,Unknown,20200627,172516,37,1,988,1298,1115,1383,200630/Unknown/104_WSCT/WSCT0780 (4).JPG
200630,Unknown,20200627,172616,28,1,989,1299,1114,1384,200630/Unknown/104_WSCT/WSCT0781 (4).JPG
200630,Unknown,20200627,172716,45,1,992,1300,1117,1382,200630/Unknown/104_WSCT/WSCT0782 (4).JPG
200630,Unknown,20200627,172816,35,1,997,1302,1113,1380,200630/Unknown/104_WSCT/WSCT0783 (4).JPG
200630,Unknown,20200627,172916,42,1,998,1302,1113,1382,200630/Unknown/104_WSCT/WSCT0784 (4).JPG
200630,Unknown,20200627,173016,39,1,992,1300,1114,1382,200630/Unknown/104_WSCT/WSCT0785 (4).JPG
200630,Unknown,20200627,173116,37,1,991,1299,1114,1382,200630/Unknown/104_WSCT/WSCT0786 (4).JPG
200630,Unknown,20200627,173216,44,1,1000,1302,1113,1381,200630/Unknown/104_WSCT/WSCT0787 (4).JPG
200630,Unknown,20200627,173316,33,1,1002,1303,1114,1380,200630/Unknown/104_WSCT/WSCT0788 (4).JPG
200630,Unknown,20200628,183336,37,1,820,1587,939,1672,200630/Unknown/104_WSCT/WSCT0788.JPG
200630,Unknown,20200627,173416,41,1,989,1301,1113,1383,200630/Unknown/104_WSCT/WSCT0789 (4).JPG
200630,Unknown,20200627,173516,44,1,2369,607,2500,781,200630/Unknown/104_WSCT/WSCT0790 (4).JPG
200630,Unknown,20200627,173616,38,1,1001,1304,1112,1381,200630/Unknown/104_WSCT/WSCT0791 (4).JPG
200630,Unknown,20200627,173716,34,1,1001,1303,1114,1380,200630/Unknown/104_WSCT/WSCT0792 (4).JPG
200630,Unknown,20200627,173816,46,1,991,1301,1114,1384,200630/Unknown/104_WSCT/WSCT0793 (4).JPG
200630,Unknown,20200627,173916,42,1,992,1300,1113,1382,200630/Unknown/104_WSCT/WSCT0794 (4).JPG
200630,Unknown,20200627,174016,61,1,1001,1303,1114,1380,200630/Unknown/104_WSCT/WSCT0795 (4).JPG
200630,Unknown,20200627,174116,35,1,999,1303,1114,1381,200630/Unknown/104_WSCT/WSCT0796 (4).JPG
200630,Unknown,20200628,191154,42,1,3730,642,3854,748,200630/Unknown/104_WSCT/WSCT0797 (3).JPG
200630,Unknown,20200627,174216,43,1,2369,606,2499,778,200630/Unknown/104_WSCT/WSCT0797 (4).JPG
200630,Unknown,20200627,174216,46,1,994,1301,1113,1381,200630/Unknown/104_WSCT/WSCT0797 (4).JPG
200630,Unknown,20200627,174316,44,1,995,1301,1112,1380,200630/Unknown/104_WSCT/WSCT0798 (4).JPG
200630,Unknown,20200627,174316,48,1,2370,606,2498,778,200630/Unknown/104_WSCT/WSCT0798 (4).JPG
200630,Unknown,20200627,174416,46,1,1001,1304,1111,1381,200630/Unknown/104_WSCT/WSCT0799 (4).JPG
200630,Unknown,20200627,174516,49,1,1003,1304,1114,1380,200630/Unknown/104_WSCT/WSCT0800 (4).JPG
200630,Unknown,20200628,184536,32,1,819,1587,941,1671,200630/Unknown/104_WSCT/WSCT0800.JPG
200630,Unknown,20200628,191610,46,1,3735,644,3841,741,200630/Unknown/104_WSCT/WSCT0801 (3).JPG
200630,Unknown,20200627,174616,31,1,2370,607,2496,774,200630/Unknown/104_WSCT/WSCT0801 (4).JPG
200630,Unknown,20200627,174616,48,1,997,1303,1112,1380,200630/Unknown/104_WSCT/WSCT0801 (4).JPG
200630,Unknown,20200627,174716,48,1,994,1301,1113,1381,200630/Unknown/104_WSCT/WSCT0802 (4).JPG
200630,Unknown,20200628,191818,49,1,3727,636,3839,735,200630/Unknown/104_WSCT/WSCT0803 (3).JPG
200630,Unknown,20200627,174816,56,1,1002,1304,1111,1379,200630/Unknown/104_WSCT/WSCT0803 (4).JPG
200630,Unknown,20200628,191922,60,1,3729,638,3840,735,200630/Unknown/104_WSCT/WSCT0804 (3).JPG
200630,Unknown,20200627,174916,58,1,1005,1304,1112,1378,200630/Unknown/104_WSCT/WSCT0804 (4).JPG
200630,Unknown,20200628,192026,28,1,3735,643,3840,737,200630/Unknown/104_WSCT/WSCT0805 (3).JPG
200630,Unknown,20200627,175016,40,1,2370,608,2498,777,200630/Unknown/104_WSCT/WSCT0805 (4).JPG
200630,Unknown,20200627,175016,52,1,995,1302,1112,1381,200630/Unknown/104_WSCT/WSCT0805 (4).JPG
200630,Unknown,20200628,192130,35,1,3734,642,3844,739,200630/Unknown/104_WSCT/WSCT0806 (3).JPG
200630,Unknown,20200627,175114,32,1,2370,609,2501,778,200630/Unknown/104_WSCT/WSCT0806 (4).JPG
200630,Unknown,20200627,175114,58,1,992,1301,1112,1381,200630/Unknown/104_WSCT/WSCT0806 (4).JPG
200630,Unknown,20200628,192234,41,1,3727,639,3846,739,200630/Unknown/104_WSCT/WSCT0807 (3).JPG
200630,Unknown,20200627,175214,64,1,997,1302,1111,1379,200630/Unknown/104_WSCT/WSCT0807 (4).JPG
200630,Unknown,20200627,175314,40,1,2368,604,2499,777,200630/Unknown/104_WSCT/WSCT0808 (4).JPG
200630,Unknown,20200627,175314,59,1,994,1301,1112,1380,200630/Unknown/104_WSCT/WSCT0808 (4).JPG
200630,Unknown,20200627,175414,41,1,995,1300,1113,1379,200630/Unknown/104_WSCT/WSCT0809 (4).JPG
200630,Unknown,20200627,175514,48,1,998,1302,1111,1379,200630/Unknown/104_WSCT/WSCT0810 (4).JPG
200630,Unknown,20200627,175614,42,1,2369,608,2505,785,200630/Unknown/104_WSCT/WSCT0811 (4).JPG
200630,Unknown,20200627,175614,49,1,992,1300,1112,1380,200630/Unknown/104_WSCT/WSCT0811 (4).JPG
200630,Unknown,20200627,175714,39,1,2369,609,2501,780,200630/Unknown/104_WSCT/WSCT0812 (4).JPG
200630,Unknown,20200627,175714,47,1,991,1300,1110,1380,200630/Unknown/104_WSCT/WSCT0812 (4).JPG
200630,Unknown,20200627,175822,50,1,999,1302,1111,1379,200630/Unknown/104_WSCT/WSCT0813 (4).JPG
200630,Unknown,20200627,175922,57,1,992,1300,1111,1379,200630/Unknown/104_WSCT/WSCT0814 (4).JPG
200630,Unknown,20200627,180022,46,1,995,1301,1111,1380,200630/Unknown/104_WSCT/WSCT0815 (4).JPG
200630,Unknown,20200627,180122,51,1,995,1300,1112,1379,200630/Unknown/104_WSCT/WSCT0816 (4).JPG
200630,Unknown,20200627,180222,37,1,991,1299,1112,1380,200630/Unknown/104_WSCT/WSCT0817 (4).JPG
200630,Unknown,20200627,180322,31,1,993,1300,1112,1380,200630/Unknown/104_WSCT/WSCT0818 (4).JPG
200630,Unknown,20200627,180422,56,1,994,1299,1112,1380,200630/Unknown/104_WSCT/WSCT0819 (4).JPG
200630,Unknown,20200628,193626,30,1,3732,640,3838,739,200630/Unknown/104_WSCT/WSCT0820 (3).JPG
200630,Unknown,20200627,180522,37,1,985,1297,1114,1381,200630/Unknown/104_WSCT/WSCT0820 (4).JPG
200630,Unknown,20200627,180622,39,1,988,1299,1113,1382,200630/Unknown/104_WSCT/WSCT0821 (4).JPG
200630,Unknown,20200628,193834,29,1,3726,637,3826,729,200630/Unknown/104_WSCT/WSCT0822 (3).JPG
200630,Unknown,20200627,180722,33,1,994,1300,1111,1380,200630/Unknown/104_WSCT/WSCT0822 (4).JPG
200630,Unknown,20200627,180822,53,1,995,1300,1111,1379,200630/Unknown/104_WSCT/WSCT0823 (4).JPG
200630,Unknown,20200627,180922,42,1,989,1299,1114,1381,200630/Unknown/104_WSCT/WSCT0824 (4).JPG
200630,Unknown,20200627,181022,48,1,990,1300,1114,1381,200630/Unknown/104_WSCT/WSCT0825 (4).JPG
200630,Unknown,20200627,181122,56,1,999,1301,1112,1378,200630/Unknown/104_WSCT/WSCT0826 (4).JPG
200630,Unknown,20200627,181222,54,1,996,1301,1111,1380,200630/Unknown/104_WSCT/WSCT0827 (4).JPG
200630,Unknown,20200628,194458,28,1,3733,646,3842,746,200630/Unknown/104_WSCT/WSCT0828 (3).JPG
200630,Unknown,20200627,181322,49,1,992,1301,1112,1379,200630/Unknown/104_WSCT/WSCT0828 (4).JPG
200630,Unknown,20200628,194602,37,1,3735,648,3843,741,200630/Unknown/104_WSCT/WSCT0829 (3).JPG
200630,Unknown,20200627,181422,52,1,994,1301,1110,1379,200630/Unknown/104_WSCT/WSCT0829 (4).JPG
200630,Unknown,20200627,181522,64,1,999,1302,1109,1377,200630/Unknown/104_WSCT/WSCT0830 (4).JPG
200630,Unknown,20200627,181622,50,1,997,1300,1112,1378,200630/Unknown/104_WSCT/WSCT0831 (4).JPG
200630,Unknown,20200627,181722,34,1,992,1300,1111,1379,200630/Unknown/104_WSCT/WSCT0832 (4).JPG
200630,Unknown,20200627,181822,41,1,985,1299,1113,1382,200630/Unknown/104_WSCT/WSCT0833 (4).JPG
200630,Unknown,20200627,181922,48,1,996,1300,1112,1379,200630/Unknown/104_WSCT/WSCT0834 (4).JPG
200630,Unknown,20200627,182022,32,1,997,1300,1113,1380,200630/Unknown/104_WSCT/WSCT0835 (4).JPG
200630,Unknown,20200627,182122,43,1,991,1299,1112,1379,200630/Unknown/104_WSCT/WSCT0836 (4).JPG
200630,Unknown,20200627,182222,54,1,991,1300,1109,1380,200630/Unknown/104_WSCT/WSCT0837 (4).JPG
200630,Unknown,20200627,182322,43,1,999,1301,1112,1378,200630/Unknown/104_WSCT/WSCT0838 (4).JPG
200630,Unknown,20200627,182422,49,1,998,1300,1111,1378,200630/Unknown/104_WSCT/WSCT0839 (4).JPG
200630,Unknown,20200627,182522,59,1,992,1299,1110,1378,200630/Unknown/104_WSCT/WSCT0840 (4).JPG
200630,Unknown,20200627,182622,33,1,990,1299,1111,1379,200630/Unknown/104_WSCT/WSCT0841 (4).JPG
200630,Unknown,20200627,182722,55,1,1000,1301,1110,1377,200630/Unknown/104_WSCT/WSCT0842 (4).JPG
200630,Unknown,20200627,182822,59,1,995,1300,1111,1378,200630/Unknown/104_WSCT/WSCT0843 (4).JPG
200630,Unknown,20200627,182922,40,1,993,1299,1108,1377,200630/Unknown/104_WSCT/WSCT0844 (4).JPG
200630,Unknown,20200627,183022,55,1,994,1300,1111,1378,200630/Unknown/104_WSCT/WSCT0845 (4).JPG
200630,Unknown,20200627,183122,60,1,995,1301,1112,1378,200630/Unknown/104_WSCT/WSCT0846 (4).JPG
200630,Unknown,20200627,183222,50,1,998,1295,1116,1373,200630/Unknown/104_WSCT/WSCT0847 (4).JPG
200630,Unknown,20200627,183322,47,1,993,1294,1119,1377,200630/Unknown/104_WSCT/WSCT0848 (4).JPG
200630,Unknown,20200627,183422,43,1,993,1295,1117,1376,200630/Unknown/104_WSCT/WSCT0849 (4).JPG
200630,Unknown,20200627,183522,34,1,1001,1298,1115,1374,200630/Unknown/104_WSCT/WSCT0850 (4).JPG
200630,Unknown,20200627,183522,38,1,2369,609,2499,774,200630/Unknown/104_WSCT/WSCT0850 (4).JPG
200630,Unknown,20200627,183622,31,1,994,1296,1118,1376,200630/Unknown/104_WSCT/WSCT0851 (4).JPG
200630,Unknown,20200627,183822,32,1,992,1295,1115,1376,200630/Unknown/104_WSCT/WSCT0853 (4).JPG
200630,Unknown,20200627,183922,35,1,997,1296,1115,1376,200630/Unknown/104_WSCT/WSCT0854 (4).JPG
200630,Unknown,20200627,184022,58,1,995,1297,1116,1376,200630/Unknown/104_WSCT/WSCT0855 (4).JPG
200630,Unknown,20200627,184122,38,1,994,1294,1117,1375,200630/Unknown/104_WSCT/WSCT0856 (4).JPG
200630,Unknown,20200627,184322,45,1,1000,1295,1115,1373,200630/Unknown/104_WSCT/WSCT0858 (4).JPG
200630,Unknown,20200628,201802,53,1,3753,355,3881,504,200630/Unknown/104_WSCT/WSCT0859 (3).JPG
200630,Unknown,20200627,184422,55,1,997,1295,1115,1374,200630/Unknown/104_WSCT/WSCT0859 (4).JPG
200630,Unknown,20200627,184722,35,1,999,1294,1115,1374,200630/Unknown/104_WSCT/WSCT0862 (4).JPG
200630,Unknown,20200627,184822,55,1,997,1295,1116,1374,200630/Unknown/104_WSCT/WSCT0863 (4).JPG
200630,Unknown,20200627,184922,28,1,994,1292,1118,1373,200630/Unknown/104_WSCT/WSCT0864 (4).JPG
200630,Unknown,20200627,185122,53,1,997,1294,1117,1372,200630/Unknown/104_WSCT/WSCT0866 (4).JPG
200630,Unknown,20200627,185222,36,1,995,1292,1117,1373,200630/Unknown/104_WSCT/WSCT0867 (4).JPG
200630,Unknown,20200628,193850,31,1,2298,1216,2405,1373,200630/Unknown/104_WSCT/WSCT0867.JPG
200630,Unknown,20200627,185322,67,1,1000,1296,1115,1371,200630/Unknown/104_WSCT/WSCT0868 (4).JPG
200630,Unknown,20200627,185522,54,1,999,1295,1115,1371,200630/Unknown/104_WSCT/WSCT0870 (4).JPG
200630,Unknown,20200627,185722,44,1,999,1294,1115,1373,200630/Unknown/104_WSCT/WSCT0872 (4).JPG
200630,Unknown,20200627,185922,41,1,1000,1294,1115,1372,200630/Unknown/104_WSCT/WSCT0874 (4).JPG
200630,Unknown,20200627,190022,30,1,995,1293,1117,1371,200630/Unknown/104_WSCT/WSCT0875 (4).JPG
200630,Unknown,20200627,190122,25,1,996,1292,1116,1372,200630/Unknown/104_WSCT/WSCT0876 (4).JPG
200630,Unknown,20200627,190422,42,1,994,1292,1124,1374,200630/Unknown/104_WSCT/WSCT0879 (4).JPG
200630,Unknown,20200627,190522,49,1,1004,1293,1123,1372,200630/Unknown/104_WSCT/WSCT0880 (4).JPG
200630,Unknown,20200627,190722,32,1,995,1291,1123,1373,200630/Unknown/104_WSCT/WSCT0882 (4).JPG
200630,Unknown,20200627,190822,27,1,993,1290,1122,1373,200630/Unknown/104_WSCT/WSCT0883 (4).JPG
200630,Unknown,20200627,190922,55,1,1003,1292,1123,1370,200630/Unknown/104_WSCT/WSCT0884 (4).JPG
200630,Unknown,20200628,195750,64,1,1598,1806,1686,1933,200630/Unknown/104_WSCT/WSCT0886 (2).JPG
200630,Unknown,20200627,191522,27,1,2369,610,2500,774,200630/Unknown/104_WSCT/WSCT0890 (4).JPG
200630,Unknown,20200627,191522,36,1,999,1292,1117,1374,200630/Unknown/104_WSCT/WSCT0890 (4).JPG
200630,Unknown,20200627,191922,39,1,999,1292,1118,1373,200630/Unknown/104_WSCT/WSCT0894 (4).JPG
200630,Unknown,20200627,192122,47,1,997,1292,1117,1373,200630/Unknown/104_WSCT/WSCT0896 (4).JPG
200630,Unknown,20200627,192222,37,1,999,1291,1118,1373,200630/Unknown/104_WSCT/WSCT0897 (4).JPG
200630,Unknown,20200627,192622,26,1,2368,610,2501,775,200630/Unknown/104_WSCT/WSCT0901 (4).JPG
200630,Unknown,20200627,195222,28,1,994,1291,1122,1375,200630/Unknown/104_WSCT/WSCT0927 (4).JPG
200630,Unknown,20200627,202022,26,1,1002,1293,1120,1373,200630/Unknown/104_WSCT/WSCT0955 (4).JPG
200630,Unknown,20200627,202022,40,1,2372,611,2505,780,200630/Unknown/104_WSCT/WSCT0955 (4).JPG
200630,Unknown,20200627,202122,33,1,2374,611,2504,779,200630/Unknown/104_WSCT/WSCT0956 (4).JPG
200630,Unknown,20200627,202122,40,1,998,1292,1121,1372,200630/Unknown/104_WSCT/WSCT0956 (4).JPG
200630,Unknown,20200627,202322,32,1,2372,610,2502,777,200630/Unknown/104_WSCT/WSCT0958 (4).JPG
200630,Unknown,20200627,202422,36,1,2372,610,2506,780,200630/Unknown/104_WSCT/WSCT0959 (4).JPG
200630,Unknown,20200627,202522,48,1,2371,609,2503,778,200630/Unknown/104_WSCT/WSCT0960 (4).JPG
200630,Unknown,20200627,202622,40,1,2372,610,2506,781,200630/Unknown/104_WSCT/WSCT0961 (4).JPG
200630,Unknown,20200627,202722,34,1,2372,611,2506,781,200630/Unknown/104_WSCT/WSCT0962 (4).JPG
200630,Unknown,20200627,202822,25,1,996,1293,1121,1374,200630/Unknown/104_WSCT/WSCT0963 (4).JPG
200630,Unknown,20200627,202822,39,1,2373,610,2501,777,200630/Unknown/104_WSCT/WSCT0963 (4).JPG
200630,Unknown,20200627,202922,31,1,2371,608,2506,780,200630/Unknown/104_WSCT/WSCT0964 (4).JPG
200630,Unknown,20200627,203022,45,1,2372,610,2501,778,200630/Unknown/104_WSCT/WSCT0965 (4).JPG
200630,Unknown,20200627,203122,38,1,2372,611,2502,777,200630/Unknown/104_WSCT/WSCT0966 (4).JPG
200630,Unknown,20200627,203222,31,1,2371,610,2505,779,200630/Unknown/104_WSCT/WSCT0967 (4).JPG
200630,Unknown,20200627,203522,35,1,2372,613,2506,782,200630/Unknown/104_WSCT/WSCT0970 (4).JPG
200630,Unknown,20200629,061710,33,1,3741,640,3840,735,200630/Unknown/104_WSCT/WSCT0971 (3).JPG
200630,Unknown,20200627,203722,31,1,2371,609,2504,779,200630/Unknown/104_WSCT/WSCT0972 (4).JPG
200630,Unknown,20200627,203822,55,1,2373,611,2503,779,200630/Unknown/104_WSCT/WSCT0973 (4).JPG
200630,Unknown,20200627,203922,29,1,994,1291,1121,1373,200630/Unknown/104_WSCT/WSCT0974 (4).JPG
200630,Unknown,20200627,203922,43,1,2372,610,2504,777,200630/Unknown/104_WSCT/WSCT0974 (4).JPG
200630,Unknown,20200627,204122,30,1,2372,608,2504,782,200630/Unknown/104_WSCT/WSCT0976 (4).JPG
200630,Unknown,20200627,204222,43,1,2373,610,2500,778,200630/Unknown/104_WSCT/WSCT0977 (4).JPG
200630,Unknown,20200627,204322,31,1,2372,611,2503,779,200630/Unknown/104_WSCT/WSCT0978 (4).JPG
200630,Unknown,20200627,204422,35,1,2370,608,2506,781,200630/Unknown/104_WSCT/WSCT0979 (4).JPG
200630,Unknown,20200627,204622,49,1,2371,610,2502,778,200630/Unknown/104_WSCT/WSCT0981 (4).JPG
200630,Unknown,20200627,204722,43,1,2370,612,2504,779,200630/Unknown/104_WSCT/WSCT0982 (4).JPG
200630,Unknown,20200627,204822,41,1,2371,609,2504,779,200630/Unknown/104_WSCT/WSCT0983 (4).JPG
200630,Unknown,20200627,205022,37,1,2370,609,2506,781,200630/Unknown/104_WSCT/WSCT0985 (4).JPG
200630,Unknown,20200627,205122,31,1,2371,610,2504,781,200630/Unknown/104_WSCT/WSCT0986 (4).JPG
200630,Unknown,20200628,215244,49,1,200,1667,304,1778,200630/Unknown/104_WSCT/WSCT0987 (2).JPG
200630,Unknown,20200627,205222,39,1,2370,609,2506,782,200630/Unknown/104_WSCT/WSCT0987 (4).JPG
200630,Unknown,20200627,205422,52,1,2372,610,2502,781,200630/Unknown/104_WSCT/WSCT0989 (4).JPG
200630,Unknown,20200627,205522,35,1,2371,609,2507,783,200630/Unknown/104_WSCT/WSCT0990 (4).JPG
200630,Unknown,20200627,205622,47,1,2373,610,2507,781,200630/Unknown/104_WSCT/WSCT0991 (4).JPG
200630,Unknown,20200627,205722,39,1,2371,609,2506,781,200630/Unknown/104_WSCT/WSCT0992 (4).JPG
200630,Unknown,20200627,205822,41,1,2371,610,2506,781,200630/Unknown/104_WSCT/WSCT0993 (4).JPG
200630,Unknown,20200627,205922,35,1,2371,609,2508,783,200630/Unknown/104_WSCT/WSCT0994 (4).JPG
200630,Unknown,20200627,210022,63,1,2373,610,2497,775,200630/Unknown/104_WSCT/WSCT0995 (4).JPG
200630,Unknown,20200627,210122,28,1,2371,609,2512,784,200630/Unknown/104_WSCT/WSCT0996 (4).JPG
200630,Unknown,20200627,210322,62,1,2373,611,2498,776,200630/Unknown/104_WSCT/WSCT0998 (4).JPG
200630,Unknown,20200627,210622,30,1,2374,611,2503,782,200630/Unknown/104_WSCT/WSCT1001 (4).JPG
200630,Unknown,20200627,210722,67,1,2375,613,2500,778,200630/Unknown/104_WSCT/WSCT1002 (4).JPG
200630,Unknown,20200627,210822,53,1,2373,611,2500,781,200630/Unknown/104_WSCT/WSCT1003 (4).JPG
200630,Unknown,20200627,210922,27,1,2371,609,2506,782,200630/Unknown/104_WSCT/WSCT1004 (4).JPG
200630,Unknown,20200627,210922,30,1,746,2317,838,2376,200630/Unknown/104_WSCT/WSCT1004 (4).JPG
200630,Unknown,20200627,211022,37,1,2371,609,2504,784,200630/Unknown/104_WSCT/WSCT1005 (4).JPG
200630,Unknown,20200627,211122,42,1,2374,611,2500,779,200630/Unknown/104_WSCT/WSCT1006 (4).JPG
200630,Unknown,20200627,211222,40,1,2373,610,2503,782,200630/Unknown/104_WSCT/WSCT1007 (4).JPG
200630,Unknown,20200629,061300,32,1,448,2086,518,2164,200630/Unknown/104_WSCT/WSCT1008 (2).JPG
200630,Unknown,20200627,211422,38,1,2373,609,2501,779,200630/Unknown/104_WSCT/WSCT1009 (4).JPG
200630,Unknown,20200627,211522,25,1,2364,613,2555,797,200630/Unknown/104_WSCT/WSCT1010 (4).JPG
200630,Unknown,20200627,211622,25,1,2364,613,2556,798,200630/Unknown/104_WSCT/WSCT1011 (4).JPG
200630,Unknown,20200627,211922,30,1,2365,613,2552,797,200630/Unknown/104_WSCT/WSCT1014 (4).JPG
200630,Unknown,20200629,070724,62,1,2403,1533,2496,1600,200630/Unknown/104_WSCT/WSCT1018 (3).JPG
200630,Unknown,20200629,070828,29,1,2404,1533,2492,1601,200630/Unknown/104_WSCT/WSCT1019 (3).JPG
200630,Unknown,20200627,212722,46,1,2371,616,2541,792,200630/Unknown/104_WSCT/WSCT1022 (4).JPG
200630,Unknown,20200627,212922,42,1,2366,614,2546,793,200630/Unknown/104_WSCT/WSCT1024 (4).JPG
200630,Unknown,20200627,213022,43,1,2366,614,2545,791,200630/Unknown/104_WSCT/WSCT1025 (4).JPG
200630,Unknown,20200627,213222,26,1,2369,614,2543,792,200630/Unknown/104_WSCT/WSCT1027 (4).JPG
200630,Unknown,20200627,213322,37,1,2366,613,2545,792,200630/Unknown/104_WSCT/WSCT1028 (4).JPG
200630,Unknown,20200627,213422,37,1,2366,613,2546,793,200630/Unknown/104_WSCT/WSCT1029 (4).JPG
200630,Unknown,20200629,074202,38,1,817,1581,935,1673,200630/Unknown/104_WSCT/WSCT1097 (2).JPG
200630,Unknown,20200629,075202,85,1,3605,954,3712,1101,200630/Unknown/104_WSCT/WSCT1107.JPG
200630,Unknown,20200629,075902,55,1,613,2019,789,2148,200630/Unknown/104_WSCT/WSCT1128 (2).JPG
200630,Unknown,20200629,080002,34,1,609,2040,752,2236,200630/Unknown/104_WSCT/WSCT1129.JPG
200630,Unknown,20200629,090700,31,1,823,1582,930,1670,200630/Unknown/104_WSCT/WSCT1182 (2).JPG
200630,Unknown,20200629,092002,57,1,0,750,50,816,200630/Unknown/104_WSCT/WSCT1195.JPG
200630,Unknown,20200629,111820,85,1,1562,458,1699,563,200630/Unknown/104_WSCT/WSCT1253 (3).JPG
200630,Unknown,20200629,114042,73,1,1556,873,1675,993,200630/Unknown/104_WSCT/WSCT1274 (3).JPG
200630,Unknown,20200629,114250,84,1,1645,690,1793,783,200630/Unknown/104_WSCT/WSCT1276 (3).JPG
200630,Unknown,20200629,121802,59,1,151,79,271,212,200630/Unknown/104_WSCT/WSCT1309 (3).JPG
200630,Unknown,20200629,123258,52,1,1720,591,1978,992,200630/Unknown/104_WSCT/WSCT1323 (3).JPG
200630,Unknown,20200629,111808,27,1,2133,2160,2251,2260,200630/Unknown/104_WSCT/WSCT1327.JPG
200630,Unknown,20200629,111808,82,1,2063,2159,2252,2324,200630/Unknown/104_WSCT/WSCT1327.JPG
200630,Unknown,20200629,111910,33,1,3805,381,3930,494,200630/Unknown/104_WSCT/WSCT1328 (2).JPG
200630,Unknown,20200629,125002,28,1,1248,1214,1350,1286,200630/Unknown/104_WSCT/WSCT1339 (3).JPG
200630,Unknown,20200629,115602,33,1,1947,1703,2086,1808,200630/Unknown/104_WSCT/WSCT1351 (2).JPG
200630,Unknown,20200629,114308,38,1,2264,2261,2381,2374,200630/Unknown/104_WSCT/WSCT1352.JPG
200630,Unknown,20200629,115902,27,1,1950,1706,2085,1811,200630/Unknown/104_WSCT/WSCT1354.JPG
200630,Unknown,20200629,120002,64,1,1949,1703,2088,1808,200630/Unknown/104_WSCT/WSCT1355 (2).JPG
200630,Unknown,20200629,120400,79,1,1947,1702,2091,1808,200630/Unknown/104_WSCT/WSCT1359 (2).JPG
200630,Unknown,20200629,115008,51,1,1478,1951,1585,2083,200630/Unknown/104_WSCT/WSCT1359.JPG
200630,Unknown,20200629,120502,66,1,1948,1702,2091,1811,200630/Unknown/104_WSCT/WSCT1360 (2).JPG
200630,Unknown,20200629,115408,43,1,1482,1961,1581,2085,200630/Unknown/104_WSCT/WSCT1363.JPG
200630,Unknown,20200629,121002,35,1,1952,1700,2094,1811,200630/Unknown/104_WSCT/WSCT1365.JPG
200630,Unknown,20200629,121102,65,1,1950,1699,2094,1809,200630/Unknown/104_WSCT/WSCT1366.JPG
200630,Unknown,20200629,121202,88,1,1949,1700,2092,1809,200630/Unknown/104_WSCT/WSCT1367 (2).JPG
200630,Unknown,20200629,115808,35,1,1485,1958,1581,2083,200630/Unknown/104_WSCT/WSCT1367.JPG
200630,Unknown,20200629,121302,69,1,1948,1699,2093,1812,200630/Unknown/104_WSCT/WSCT1368 (2).JPG
200630,Unknown,20200629,121902,83,1,2670,1763,2887,1981,200630/Unknown/104_WSCT/WSCT1374.JPG
200630,Unknown,20200629,122002,76,1,1951,1700,2093,1807,200630/Unknown/104_WSCT/WSCT1375 (2).JPG
200630,Unknown,20200629,122402,44,1,1950,1696,2095,1805,200630/Unknown/104_WSCT/WSCT1379 (2).JPG
200630,Unknown,20200629,121108,34,1,1483,1961,1575,2081,200630/Unknown/104_WSCT/WSCT1380.JPG
200630,Unknown,20200629,121208,35,1,3793,348,3933,508,200630/Unknown/104_WSCT/WSCT1381 (2).JPG
200630,Unknown,20200629,121408,44,1,1483,1961,1577,2083,200630/Unknown/104_WSCT/WSCT1383.JPG
200630,Unknown,20200629,123102,42,1,1946,1695,2098,1812,200630/Unknown/104_WSCT/WSCT1386.JPG
200630,Unknown,20200629,122308,36,1,829,511,902,581,200630/Unknown/104_WSCT/WSCT1392 (2).JPG
200630,Unknown,20200629,123802,49,1,1945,1695,2094,1812,200630/Unknown/104_WSCT/WSCT1393 (2).JPG
200630,Unknown,20200629,123902,57,1,1942,1691,2095,1817,200630/Unknown/104_WSCT/WSCT1394 (2).JPG
200630,Unknown,20200629,123408,33,1,832,516,904,579,200630/Unknown/104_WSCT/WSCT1403 (2).JPG
200630,Unknown,20200629,125702,25,1,1951,1693,2099,1808,200630/Unknown/104_WSCT/WSCT1412.JPG
200630,Unknown,20200629,140858,58,1,258,1467,406,1591,200630/Unknown/104_WSCT/WSCT1413 (3).JPG
200630,Unknown,20200629,141002,67,1,268,1475,428,1607,200630/Unknown/104_WSCT/WSCT1414 (3).JPG
200630,Unknown,20200629,130202,31,1,1949,1693,2098,1808,200630/Unknown/104_WSCT/WSCT1417 (2).JPG
200630,Unknown,20200629,141418,69,1,282,1471,433,1567,200630/Unknown/104_WSCT/WSCT1418 (3).JPG
200630,Unknown,20200629,141522,74,1,281,1436,438,1531,200630/Unknown/104_WSCT/WSCT1419 (3).JPG
200630,Unknown,20200629,141626,47,1,284,1441,442,1532,200630/Unknown/104_WSCT/WSCT1420 (3).JPG
200630,Unknown,20200629,141730,41,1,285,1440,456,1533,200630/Unknown/104_WSCT/WSCT1421 (3).JPG
200630,Unknown,20200629,141834,28,1,1249,1209,1330,1284,200630/Unknown/104_WSCT/WSCT1422 (3).JPG
200630,Unknown,20200629,143226,27,1,1250,1211,1331,1284,200630/Unknown/104_WSCT/WSCT1435 (3).JPG
200630,Unknown,20200629,130808,81,1,1265,2206,1438,2334,200630/Unknown/104_WSCT/WSCT1437 (2).JPG
200630,Unknown,20200629,143850,27,1,1249,1212,1343,1281,200630/Unknown/104_WSCT/WSCT1441 (3).JPG
200630,Unknown,20200629,132608,27,1,4115,420,4219,546,200630/Unknown/104_WSCT/WSCT1455 (2).JPG
200630,Unknown,20200629,145554,28,1,1252,1211,1323,1279,200630/Unknown/104_WSCT/WSCT1457 (3).JPG
200630,Unknown,20200629,150218,29,1,1250,1209,1334,1282,200630/Unknown/104_WSCT/WSCT1463 (3).JPG
200630,Unknown,20200629,150530,27,1,1611,946,1769,1059,200630/Unknown/104_WSCT/WSCT1466 (3).JPG
200630,Unknown,20200629,150842,38,1,1252,1209,1330,1280,200630/Unknown/104_WSCT/WSCT1469 (3).JPG
200630,Unknown,20200629,151258,30,1,1253,1210,1325,1279,200630/Unknown/104_WSCT/WSCT1473 (3).JPG
200630,Unknown,20200629,152234,31,1,1253,1211,1330,1280,200630/Unknown/104_WSCT/WSCT1482 (3).JPG
200630,Unknown,20200629,140308,68,1,2173,2209,2321,2370,200630/Unknown/104_WSCT/WSCT1492.JPG
200630,Unknown,20200629,141810,82,1,1608,450,1726,617,200630/Unknown/104_WSCT/WSCT1493.JPG
200630,Unknown,20200629,153626,79,1,1605,938,1779,1082,200630/Unknown/104_WSCT/WSCT1495 (3).JPG
200630,Unknown,20200629,153730,25,1,1254,1210,1328,1280,200630/Unknown/104_WSCT/WSCT1496 (3).JPG
200630,Unknown,20200629,142510,42,1,1943,1693,2088,1806,200630/Unknown/104_WSCT/WSCT1500 (2).JPG
200630,Unknown,20200629,143608,82,1,2054,1919,2184,2139,200630/Unknown/104_WSCT/WSCT1511.JPG
200630,Unknown,20200629,142408,61,1,3147,486,3383,608,200630/Unknown/104_WSCT/WSCT1513.JPG
200630,Unknown,20200629,155754,30,1,1395,98,1511,231,200630/Unknown/104_WSCT/WSCT1515 (3).JPG
200630,Unknown,20200629,144508,58,1,1947,1692,2094,1805,200630/Unknown/104_WSCT/WSCT1520 (2).JPG
200630,Unknown,20200629,143408,82,1,1012,1949,1214,2131,200630/Unknown/104_WSCT/WSCT1523 (2).JPG
200630,Unknown,20200629,144008,41,1,2299,2008,2482,2188,200630/Unknown/104_WSCT/WSCT1529 (2).JPG
200630,Unknown,20200629,162024,25,1,1254,1206,1335,1279,200630/Unknown/104_WSCT/WSCT1536 (3).JPG
200630,Unknown,20200629,151708,85,1,1677,562,1819,650,200630/Unknown/104_WSCT/WSCT1552 (2).JPG
200630,Unknown,20200629,163832,29,1,3735,656,3848,761,200630/Unknown/104_WSCT/WSCT1553 (3).JPG
200630,Unknown,20200629,151608,51,1,1448,1907,1591,2039,200630/Unknown/104_WSCT/WSCT1565.JPG
200630,Unknown,20200629,170824,25,1,1256,1208,1336,1279,200630/Unknown/104_WSCT/WSCT1581 (3).JPG
200630,Unknown,20200629,173920,83,1,357,553,477,711,200630/Unknown/104_WSCT/WSCT1610 (3).JPG
200630,Unknown,20200629,161916,35,1,573,1958,716,2076,200630/Unknown/104_WSCT/WSCT1614.JPG
200630,Unknown,20200629,163316,76,1,809,587,1036,729,200630/Unknown/104_WSCT/WSCT1628.JPG
200630,Unknown,20200629,163208,28,1,1555,193,1660,346,200630/Unknown/104_WSCT/WSCT1641 (2).JPG
200630,Unknown,20200629,164408,44,1,2533,2061,2643,2197,200630/Unknown/104_WSCT/WSCT1653.JPG
200630,Unknown,20200629,170116,41,1,825,1576,938,1653,200630/Unknown/104_WSCT/WSCT1656 (2).JPG
200630,Unknown,20200629,171416,29,1,377,1708,534,1810,200630/Unknown/104_WSCT/WSCT1669.JPG
200630,Unknown,20200629,174616,54,1,1554,204,1661,351,200630/Unknown/104_WSCT/WSCT1715 (2).JPG
200630,Unknown,20200628,171230,86,1,1622,2116,1765,2251,200630/Unknown/104_WSCT/WSCT1727 (4).JPG
200630,Unknown,20200629,183222,47,1,2052,1914,2141,1996,200630/Unknown/104_WSCT/WSCT1747 (2).JPG
200630,Unknown,20200628,173430,25,1,2237,2244,2322,2305,200630/Unknown/104_WSCT/WSCT1749 (4).JPG
200630,Unknown,20200629,205134,50,1,1404,122,1589,260,200630/Unknown/104_WSCT/WSCT1790 (3).JPG
200630,Unknown,20200629,195622,32,1,1939,2046,2055,2167,200630/Unknown/104_WSCT/WSCT1845 (2).JPG
200630,Unknown,20200629,195922,35,1,1944,2045,2060,2166,200630/Unknown/104_WSCT/WSCT1848 (2).JPG
200630,Unknown,20200629,200322,31,1,1940,2044,2049,2169,200630/Unknown/104_WSCT/WSCT1852 (2).JPG
200630,Unknown,20200630,062334,35,1,2403,1543,2509,1617,200630/Unknown/104_WSCT/WSCT1877 (3).JPG
200630,Unknown,20200629,204322,26,1,1931,2036,2059,2167,200630/Unknown/104_WSCT/WSCT1892.JPG
200630,Unknown,20200629,204622,34,1,1915,2036,2058,2172,200630/Unknown/104_WSCT/WSCT1895.JPG
200630,Unknown,20200629,204822,29,1,1915,2032,2042,2172,200630/Unknown/104_WSCT/WSCT1897.JPG
200630,Unknown,20200629,205022,25,1,1920,2035,2045,2169,200630/Unknown/104_WSCT/WSCT1899.JPG
200630,Unknown,20200629,210622,28,1,5,1534,64,1600,200630/Unknown/104_WSCT/WSCT1901 (2).JPG
200630,Unknown,20200629,205322,28,1,1920,2032,2051,2171,200630/Unknown/104_WSCT/WSCT1902.JPG
200630,Unknown,20200629,205722,34,1,1929,2035,2061,2170,200630/Unknown/104_WSCT/WSCT1906.JPG
200630,Unknown,20200629,205922,29,1,1930,2034,2059,2175,200630/Unknown/104_WSCT/WSCT1908.JPG
200630,Unknown,20200630,081222,25,1,1959,1632,2057,1741,200630/Unknown/104_WSCT/WSCT1979 (3).JPG
200630,Unknown,20200630,083238,31,1,4101,1864,4216,1946,200630/Unknown/104_WSCT/WSCT1998 (3).JPG
200630,Unknown,20200630,083342,27,1,546,261,699,487,200630/Unknown/104_WSCT/WSCT1999 (3).JPG
200630,Unknown,20200629,060002,60,1,2809,1048,2936,1128,200630/Unknown/104_WSCT/WSCT2015 (4).JPG
200630,Unknown,20200629,060102,51,1,2813,1043,2941,1124,200630/Unknown/104_WSCT/WSCT2016 (4).JPG
200630,Unknown,20200629,060202,60,1,2813,1038,2940,1124,200630/Unknown/104_WSCT/WSCT2017 (4).JPG
200630,Unknown,20200629,060302,67,1,2812,1038,2938,1123,200630/Unknown/104_WSCT/WSCT2018 (4).JPG
200630,Unknown,20200629,060402,49,1,2810,1035,2933,1120,200630/Unknown/104_WSCT/WSCT2019 (4).JPG
200630,Unknown,20200629,060602,40,1,2814,1036,2927,1115,200630/Unknown/104_WSCT/WSCT2021 (4).JPG
200630,Unknown,20200630,085918,27,1,1968,1614,2081,1739,200630/Unknown/104_WSCT/WSCT2023 (3).JPG
200630,Unknown,20200629,060802,54,1,2811,1037,2925,1116,200630/Unknown/104_WSCT/WSCT2023 (4).JPG
200630,Unknown,20200629,060902,48,1,2812,1036,2926,1116,200630/Unknown/104_WSCT/WSCT2024 (4).JPG
200630,Unknown,20200630,090230,42,1,1967,1592,2082,1736,200630/Unknown/104_WSCT/WSCT2026 (3).JPG
200630,Unknown,20200629,061302,33,1,2810,1035,2928,1118,200630/Unknown/104_WSCT/WSCT2028 (4).JPG
200630,Unknown,20200629,061502,40,1,2812,1035,2928,1113,200630/Unknown/104_WSCT/WSCT2030 (4).JPG
200630,Unknown,20200629,061602,46,1,2812,1034,2931,1116,200630/Unknown/104_WSCT/WSCT2031 (4).JPG
200630,Unknown,20200630,090854,37,1,674,204,781,275,200630/Unknown/104_WSCT/WSCT2032 (3).JPG
200630,Unknown,20200629,061702,65,1,2814,1033,2922,1120,200630/Unknown/104_WSCT/WSCT2032 (4).JPG
200630,Unknown,20200630,091206,37,1,1966,1601,2079,1739,200630/Unknown/104_WSCT/WSCT2035 (3).JPG
200630,Unknown,20200630,091518,29,1,1966,1597,2079,1736,200630/Unknown/104_WSCT/WSCT2038 (3).JPG
200630,Unknown,20200629,062502,30,1,2817,1055,2916,1168,200630/Unknown/104_WSCT/WSCT2040 (4).JPG
200630,Unknown,20200629,062602,30,1,2814,1043,2922,1176,200630/Unknown/104_WSCT/WSCT2041 (4).JPG
200630,Unknown,20200629,062802,36,1,2801,1085,2921,1174,200630/Unknown/104_WSCT/WSCT2043 (4).JPG
200630,Unknown,20200629,062902,35,1,2801,1081,2928,1173,200630/Unknown/104_WSCT/WSCT2044 (4).JPG
200630,Unknown,20200629,063102,48,1,2815,1078,2929,1187,200630/Unknown/104_WSCT/WSCT2046 (4).JPG
200630,Unknown,20200629,063202,45,1,2817,1083,2925,1184,200630/Unknown/104_WSCT/WSCT2047 (4).JPG
200630,Unknown,20200630,092558,29,1,1967,1595,2089,1740,200630/Unknown/104_WSCT/WSCT2048 (3).JPG
200630,Unknown,20200629,063302,46,1,2818,1079,2926,1185,200630/Unknown/104_WSCT/WSCT2048 (4).JPG
200630,Unknown,20200630,093222,30,1,1964,1599,2080,1739,200630/Unknown/104_WSCT/WSCT2054 (3).JPG
200630,Unknown,20200630,093430,40,1,1970,1599,2084,1738,200630/Unknown/104_WSCT/WSCT2056 (3).JPG
200630,Unknown,20200630,093950,39,1,1963,1602,2084,1741,200630/Unknown/104_WSCT/WSCT2061 (3).JPG
200630,Unknown,20200630,094406,53,1,1966,1610,2080,1741,200630/Unknown/104_WSCT/WSCT2065 (3).JPG
200630,Unknown,20200630,094724,43,1,1967,1596,2086,1741,200630/Unknown/104_WSCT/WSCT2068 (3).JPG
200630,Unknown,20200630,095700,49,1,1964,1604,2076,1739,200630/Unknown/104_WSCT/WSCT2077 (3).JPG
200630,Unknown,20200630,095804,30,1,1965,1592,2080,1739,200630/Unknown/104_WSCT/WSCT2078 (3).JPG
200630,Unknown,20200630,100220,44,1,1967,1595,2088,1737,200630/Unknown/104_WSCT/WSCT2082 (3).JPG
200630,Unknown,20200630,080802,25,1,359,1874,458,1972,200630/Unknown/104_WSCT/WSCT2083 (2).JPG
200630,Unknown,20200630,100636,27,1,1968,1593,2091,1736,200630/Unknown/104_WSCT/WSCT2086 (3).JPG
200630,Unknown,20200629,071202,28,1,1697,22,1875,238,200630/Unknown/104_WSCT/WSCT2087 (4).JPG
200630,Unknown,20200630,100948,34,1,1968,1594,2088,1738,200630/Unknown/104_WSCT/WSCT2089 (3).JPG
200630,Unknown,20200630,101052,29,1,1968,1593,2088,1738,200630/Unknown/104_WSCT/WSCT2090 (3).JPG
200630,Unknown,20200630,080202,39,1,1932,2062,2049,2192,200630/Unknown/104_WSCT/WSCT2091.JPG
200630,Unknown,20200630,101820,25,1,1967,1593,2082,1737,200630/Unknown/104_WSCT/WSCT2097 (3).JPG
200630,Unknown,20200630,102340,27,1,1968,1596,2082,1736,200630/Unknown/104_WSCT/WSCT2102 (3).JPG
200630,Unknown,20200630,102444,26,1,1964,1586,2083,1738,200630/Unknown/104_WSCT/WSCT2103 (3).JPG
200630,Unknown,20200630,102756,35,1,1969,1596,2087,1736,200630/Unknown/104_WSCT/WSCT2106 (3).JPG
200630,Unknown,20200630,103004,45,1,1969,1604,2080,1737,200630/Unknown/104_WSCT/WSCT2108 (3).JPG
200630,Unknown,20200630,103108,33,1,1968,1599,2084,1738,200630/Unknown/104_WSCT/WSCT2109 (3).JPG
200630,Unknown,20200630,103212,27,1,1967,1599,2077,1737,200630/Unknown/104_WSCT/WSCT2110 (3).JPG
200630,Unknown,20200630,103532,44,1,1967,1604,2083,1738,200630/Unknown/104_WSCT/WSCT2113 (3).JPG
200630,Unknown,20200630,104052,58,1,1967,1597,2086,1737,200630/Unknown/104_WSCT/WSCT2118 (3).JPG
200630,Unknown,20200630,110108,48,1,1967,1599,2081,1737,200630/Unknown/104_WSCT/WSCT2137 (3).JPG
200630,Unknown,20200630,110212,34,1,1966,1596,2074,1734,200630/Unknown/104_WSCT/WSCT2138 (3).JPG
200630,Unknown,20200629,082302,26,1,1701,21,1872,232,200630/Unknown/104_WSCT/WSCT2158 (4).JPG
200630,Unknown,20200629,082702,25,1,1708,20,1872,227,200630/Unknown/104_WSCT/WSCT2162 (4).JPG
200630,Unknown,20200630,092802,55,1,2627,871,2818,998,200630/Unknown/104_WSCT/WSCT2163.JPG
200630,Unknown,20200630,093302,50,1,361,1872,466,1970,200630/Unknown/104_WSCT/WSCT2168 (2).JPG
200630,Unknown,20200629,083802,38,1,1697,21,1873,232,200630/Unknown/104_WSCT/WSCT2173 (4).JPG
200630,Unknown,20200630,121132,31,1,4101,1863,4213,1946,200630/Unknown/104_WSCT/WSCT2203 (3).JPG
200630,Unknown,20200630,101002,31,1,364,1866,471,1968,200630/Unknown/104_WSCT/WSCT2205 (2).JPG
200630,Unknown,20200630,122732,26,1,4101,1861,4216,1944,200630/Unknown/104_WSCT/WSCT2218 (3).JPG
200630,Unknown,20200630,103908,40,1,2240,472,2367,640,200630/Unknown/104_WSCT/WSCT2248.JPG
200630,Unknown,20200630,130804,26,1,4102,1863,4217,1947,200630/Unknown/104_WSCT/WSCT2256 (3).JPG
200630,Unknown,20200630,105108,28,1,608,2047,737,2236,200630/Unknown/104_WSCT/WSCT2260.JPG
200630,Unknown,20200630,124708,43,1,615,2042,740,2254,200630/Unknown/104_WSCT/WSCT2376.JPG
200630,Unknown,20200630,131508,25,1,2363,307,2492,387,200630/Unknown/104_WSCT/WSCT2404 (2).JPG
200630,Unknown,20200630,140208,40,1,1460,2044,1575,2231,200630/Unknown/104_WSCT/WSCT2451.JPG
200630,Unknown,20200630,145408,71,1,2240,478,2359,637,200630/Unknown/104_WSCT/WSCT2503 (2).JPG
200630,Unknown,20200630,151708,35,1,2241,472,2361,636,200630/Unknown/104_WSCT/WSCT2526.JPG
200630,Unknown,20200630,153108,26,1,1539,1936,1639,2116,200630/Unknown/104_WSCT/WSCT2540 (2).JPG
200630,Unknown,20200630,155908,30,1,610,2051,728,2244,200630/Unknown/104_WSCT/WSCT2568 (2).JPG
200630,Unknown,20200630,160708,51,1,610,2048,733,2243,200630/Unknown/104_WSCT/WSCT2576.JPG
200630,Unknown,20200630,161308,27,1,611,2042,735,2256,200630/Unknown/104_WSCT/WSCT2582.JPG
200630,Unknown,20200630,161708,31,1,610,2056,731,2230,200630/Unknown/104_WSCT/WSCT2586.JPG
200630,Unknown,20200630,161808,39,1,610,2050,729,2233,200630/Unknown/104_WSCT/WSCT2587 (2).JPG
200630,Unknown,20200630,161908,49,1,612,2048,736,2254,200630/Unknown/104_WSCT/WSCT2588.JPG
200630,Unknown,20200630,162008,41,1,610,2049,727,2232,200630/Unknown/104_WSCT/WSCT2589.JPG
200630,Unknown,20200629,154430,62,1,3553,1840,3661,1976,200630/Unknown/104_WSCT/WSCT2599 (3).JPG
200630,Unknown,20200630,164608,27,1,664,2257,767,2363,200630/Unknown/104_WSCT/WSCT2601 (2).JPG
200630,Unknown,20200630,163708,27,1,609,2049,733,2242,200630/Unknown/104_WSCT/WSCT2606 (2).JPG
200630,Unknown,20200630,164208,48,1,612,2053,725,2233,200630/Unknown/104_WSCT/WSCT2611 (2).JPG
200630,Unknown,20200630,164408,52,1,617,2053,739,2262,200630/Unknown/104_WSCT/WSCT2613 (2).JPG
200630,Unknown,20200629,155830,39,1,2170,1548,2255,1633,200630/Unknown/104_WSCT/WSCT2613 (3).JPG
200630,Unknown,20200630,164508,71,1,2243,483,2361,641,200630/Unknown/104_WSCT/WSCT2614.JPG
200630,Unknown,20200630,164608,31,1,605,2048,729,2257,200630/Unknown/104_WSCT/WSCT2615 (2).JPG
200630,Unknown,20200630,164708,26,1,609,2049,729,2253,200630/Unknown/104_WSCT/WSCT2616.JPG
200630,Unknown,20200629,163730,56,1,2136,1554,2265,1639,200630/Unknown/104_WSCT/WSCT2652.JPG
200630,Unknown,20200629,163930,50,1,2143,1555,2264,1638,200630/Unknown/104_WSCT/WSCT2654.JPG
200630,Unknown,20200629,164030,52,1,2125,1547,2257,1632,200630/Unknown/104_WSCT/WSCT2655.JPG
200630,Unknown,20200629,164130,29,1,2396,83,2450,135,200630/Unknown/104_WSCT/WSCT2656.JPG
200630,Unknown,20200629,164530,36,1,1,1861,46,1926,200630/Unknown/104_WSCT/WSCT2660.JPG
200630,Unknown,20200629,164830,58,1,2132,1545,2260,1633,200630/Unknown/104_WSCT/WSCT2663.JPG
200630,Unknown,20200629,164930,70,1,2122,1545,2259,1633,200630/Unknown/104_WSCT/WSCT2664.JPG
200630,Unknown,20200629,165030,80,1,2122,1547,2263,1639,200630/Unknown/104_WSCT/WSCT2665.JPG
200630,Unknown,20200629,165130,74,1,2131,1547,2259,1633,200630/Unknown/104_WSCT/WSCT2666.JPG
200630,Unknown,20200629,165230,30,1,2238,1897,2304,1962,200630/Unknown/104_WSCT/WSCT2667.JPG
200630,Unknown,20200629,165730,28,1,2266,1231,2324,1276,200630/Unknown/104_WSCT/WSCT2672.JPG
200630,Unknown,20200629,171230,25,1,366,1400,442,1452,200630/Unknown/104_WSCT/WSCT2687.JPG
200630,Unknown,20200629,171930,26,1,2143,1545,2259,1631,200630/Unknown/104_WSCT/WSCT2694.JPG
200630,Unknown,20200629,173430,44,1,2137,1549,2256,1636,200630/Unknown/104_WSCT/WSCT2709.JPG
200630,Unknown,20200629,173530,34,1,2142,1549,2258,1635,200630/Unknown/104_WSCT/WSCT2710.JPG
200630,Unknown,20200629,174030,90,1,3278,243,3461,352,200630/Unknown/104_WSCT/WSCT2715.JPG
200630,Unknown,20200629,174230,27,1,2044,1158,2109,1229,200630/Unknown/104_WSCT/WSCT2717.JPG
200630,Unknown,20200629,174330,45,1,1773,1183,1858,1253,200630/Unknown/104_WSCT/WSCT2718.JPG
200630,Unknown,20200629,174330,78,1,0,20,115,111,200630/Unknown/104_WSCT/WSCT2718.JPG
200630,Unknown,20200629,175430,32,1,0,1638,46,1708,200630/Unknown/104_WSCT/WSCT2729.JPG
200630,Unknown,20200629,175630,30,1,993,847,1048,894,200630/Unknown/104_WSCT/WSCT2731.JPG
200630,Unknown,20200629,175930,39,1,2238,62,2331,120,200630/Unknown/104_WSCT/WSCT2734.JPG
200630,Unknown,20200629,175930,86,1,2566,719,2659,838,200630/Unknown/104_WSCT/WSCT2734.JPG
200630,Unknown,20200629,181030,46,1,2363,1144,2418,1192,200630/Unknown/104_WSCT/WSCT2745.JPG
200630,Unknown,20200629,181330,27,1,2584,726,2664,825,200630/Unknown/104_WSCT/WSCT2748.JPG
200630,Unknown,20200629,181930,76,1,2562,693,2661,841,200630/Unknown/104_WSCT/WSCT2754.JPG
200630,Unknown,20200629,182130,80,1,2563,707,2661,842,200630/Unknown/104_WSCT/WSCT2756.JPG
200630,Unknown,20200629,182230,42,1,758,2229,834,2290,200630/Unknown/104_WSCT/WSCT2757.JPG
200630,Unknown,20200629,182530,47,1,2520,1396,2578,1459,200630/Unknown/104_WSCT/WSCT2760.JPG
200630,Unknown,20200629,182730,33,1,2636,1054,2703,1105,200630/Unknown/104_WSCT/WSCT2762.JPG
200630,Unknown,20200629,183330,76,1,2189,2183,2269,2249,200630/Unknown/104_WSCT/WSCT2768.JPG
200630,Unknown,20200629,183730,28,1,2317,1514,2375,1561,200630/Unknown/104_WSCT/WSCT2772.JPG
200630,Unknown,20200629,183830,33,1,1,2177,44,2242,200630/Unknown/104_WSCT/WSCT2773.JPG
200630,Unknown,20200629,183930,56,1,450,566,584,683,200630/Unknown/104_WSCT/WSCT2774.JPG
200630,Unknown,20200629,184130,25,1,2592,1161,2651,1219,200630/Unknown/104_WSCT/WSCT2776.JPG
200630,Unknown,20200629,184230,38,1,444,565,590,684,200630/Unknown/104_WSCT/WSCT2777.JPG
200630,Unknown,20200629,185430,60,1,2219,1166,2281,1234,200630/Unknown/104_WSCT/WSCT2789.JPG
200630,Unknown,20200629,190030,26,1,2199,1231,2259,1277,200630/Unknown/104_WSCT/WSCT2795.JPG
200630,Unknown,20200629,190230,27,1,2158,1620,2250,1692,200630/Unknown/104_WSCT/WSCT2797.JPG
200630,Unknown,20200629,190630,25,1,938,2280,1071,2353,200630/Unknown/104_WSCT/WSCT2801.JPG
200630,Unknown,20200629,191230,31,1,2559,700,2663,848,200630/Unknown/104_WSCT/WSCT2807.JPG
200630,Unknown,20200629,192930,35,1,1894,733,1967,801,200630/Unknown/104_WSCT/WSCT2824.JPG
200630,Unknown,20200629,194230,26,1,1827,943,1927,1014,200630/Unknown/104_WSCT/WSCT2837.JPG
200630,Unknown,20200629,194230,34,1,2206,1166,2261,1217,200630/Unknown/104_WSCT/WSCT2837.JPG
200630,Unknown,20200629,194330,49,1,1827,964,1893,1035,200630/Unknown/104_WSCT/WSCT2838.JPG
200630,Unknown,20200629,194830,60,1,239,237,301,295,200630/Unknown/104_WSCT/WSCT2843.JPG
200630,Unknown,20200629,194930,26,1,4186,1421,4224,1510,200630/Unknown/104_WSCT/WSCT2844.JPG
200630,Unknown,20200629,195130,32,1,593,1666,659,1717,200630/Unknown/104_WSCT/WSCT2846.JPG
200630,Unknown,20200629,195130,39,1,434,1302,505,1366,200630/Unknown/104_WSCT/WSCT2846.JPG
200630,Unknown,20200629,195430,71,1,2971,1211,3054,1285,200630/Unknown/104_WSCT/WSCT2849.JPG
200630,Unknown,20200629,195730,26,1,2271,2130,2335,2175,200630/Unknown/104_WSCT/WSCT2852.JPG
200630,Unknown,20200629,195830,56,1,2426,1106,2479,1162,200630/Unknown/104_WSCT/WSCT2853.JPG
200630,Unknown,20200629,200430,27,1,0,2169,37,2238,200630/Unknown/104_WSCT/WSCT2859.JPG
200630,Unknown,20200629,201030,34,1,2030,862,2087,918,200630/Unknown/104_WSCT/WSCT2865.JPG
200630,Unknown,20200629,201130,42,1,2027,862,2084,920,200630/Unknown/104_WSCT/WSCT2866.JPG
200630,Unknown,20200629,201630,27,1,24,2176,98,2224,200630/Unknown/104_WSCT/WSCT2871.JPG
200630,Unknown,20200629,201930,26,1,1791,891,1859,943,200630/Unknown/104_WSCT/WSCT2874.JPG
200630,Unknown,20200629,202030,26,1,0,2219,35,2299,200630/Unknown/104_WSCT/WSCT2875.JPG
200630,Unknown,20200629,202130,31,1,3,2233,48,2281,200630/Unknown/104_WSCT/WSCT2876.JPG
200630,Unknown,20200629,202630,41,1,2495,1216,2547,1263,200630/Unknown/104_WSCT/WSCT2881.JPG
200630,Unknown,20200629,203130,34,1,3382,2206,3460,2261,200630/Unknown/104_WSCT/WSCT2886.JPG
200630,Unknown,20200629,203130,55,1,2276,405,2334,468,200630/Unknown/104_WSCT/WSCT2886.JPG
200630,Unknown,20200629,203230,31,1,0,1843,34,1916,200630/Unknown/104_WSCT/WSCT2887.JPG
200630,Unknown,20200629,203230,34,1,1989,606,2043,656,200630/Unknown/104_WSCT/WSCT2887.JPG
200630,Unknown,20200629,203330,27,1,200,72,264,127,200630/Unknown/104_WSCT/WSCT2888.JPG
200630,Unknown,20200629,204030,56,1,3012,2232,3151,2351,200630/Unknown/104_WSCT/WSCT2895.JPG
200630,Unknown,20200629,204130,35,1,1997,853,2069,924,200630/Unknown/104_WSCT/WSCT2896.JPG
200630,Unknown,20200629,204130,51,1,2964,2235,3145,2355,200630/Unknown/104_WSCT/WSCT2896.JPG
200630,Unknown,20200629,204230,28,1,2718,1096,2788,1156,200630/Unknown/104_WSCT/WSCT2897.JPG
200630,Unknown,20200629,204230,57,1,2837,2186,2998,2289,200630/Unknown/104_WSCT/WSCT2897.JPG
200630,Unknown,20200629,204330,80,1,2547,2139,2774,2255,200630/Unknown/104_WSCT/WSCT2898.JPG
200630,Unknown,20200629,204430,88,1,2481,2093,2695,2249,200630/Unknown/104_WSCT/WSCT2899.JPG
200630,Unknown,20200629,204530,77,1,2378,2205,2524,2373,200630/Unknown/104_WSCT/WSCT2900.JPG
200630,Unknown,20200629,205030,25,1,2164,2104,2218,2160,200630/Unknown/104_WSCT/WSCT2905.JPG
200630,Unknown,20200629,205030,30,1,1952,942,2022,995,200630/Unknown/104_WSCT/WSCT2905.JPG
200630,Unknown,20200629,205130,32,1,2173,2089,2230,2144,200630/Unknown/104_WSCT/WSCT2906.JPG
200630,Unknown,20200629,205230,26,1,2003,858,2073,929,200630/Unknown/104_WSCT/WSCT2907.JPG
200630,Unknown,20200629,205230,30,1,2562,1118,2622,1174,200630/Unknown/104_WSCT/WSCT2907.JPG
200630,Unknown,20200629,205330,74,1,1901,1457,1994,1546,200630/Unknown/104_WSCT/WSCT2908.JPG
200630,Unknown,20200629,205738,53,1,2269,403,2325,456,200630/Unknown/104_WSCT/WSCT2912.JPG
200630,Unknown,20200629,210136,33,1,938,2289,1069,2358,200630/Unknown/104_WSCT/WSCT2916.JPG
200630,Unknown,20200629,212236,34,1,2165,1793,2427,2013,200630/Unknown/104_WSCT/WSCT2937.JPG
200630,Unknown,20200629,213836,28,1,2066,1216,2145,1278,200630/Unknown/104_WSCT/WSCT2953.JPG
200630,Unknown,20200629,214036,35,1,2057,1224,2133,1277,200630/Unknown/104_WSCT/WSCT2955.JPG
200630,Unknown,20200629,215036,63,1,410,1848,538,1941,200630/Unknown/104_WSCT/WSCT2965.JPG
200630,Unknown,20200629,215244,60,1,414,1853,540,1941,200630/Unknown/104_WSCT/WSCT2967.JPG
200630,Unknown,20200630,060502,27,1,2695,1175,2768,1229,200630/Unknown/104_WSCT/WSCT2980.JPG
200630,Unknown,20200630,063802,55,1,3210,694,3285,775,200630/Unknown/104_WSCT/WSCT3013.JPG
200630,Unknown,20200630,064202,71,1,2188,1625,2279,1695,200630/Unknown/104_WSCT/WSCT3017.JPG
200630,Unknown,20200630,064302,66,1,2437,1238,2509,1335,200630/Unknown/104_WSCT/WSCT3018.JPG
200630,Unknown,20200630,065502,40,1,3228,1161,3324,1225,200630/Unknown/104_WSCT/WSCT3030.JPG
200630,Unknown,20200630,070302,48,1,1961,864,2027,941,200630/Unknown/104_WSCT/WSCT3038.JPG
200630,Unknown,20200630,070708,34,1,1982,1007,2043,1076,200630/Unknown/104_WSCT/WSCT3042.JPG
200630,Unknown,20200630,070708,49,1,2064,132,2136,223,200630/Unknown/104_WSCT/WSCT3042.JPG
200630,Unknown,20200630,071008,47,1,50,2126,135,2208,200630/Unknown/104_WSCT/WSCT3045.JPG
200630,Unknown,20200630,071810,29,1,66,2120,138,2173,200630/Unknown/104_WSCT/WSCT3053.JPG
200630,Unknown,20200630,072210,25,1,479,615,775,842,200630/Unknown/104_WSCT/WSCT3057.JPG
200630,Unknown,20200630,072210,55,1,859,2143,916,2194,200630/Unknown/104_WSCT/WSCT3057.JPG
200630,Unknown,20200630,072310,54,1,855,2140,913,2195,200630/Unknown/104_WSCT/WSCT3058.JPG
200630,Unknown,20200630,072408,26,1,1797,1083,1858,1127,200630/Unknown/104_WSCT/WSCT3059.JPG
200630,Unknown,20200630,072408,56,1,854,2141,910,2197,200630/Unknown/104_WSCT/WSCT3059.JPG
200630,Unknown,20200630,072508,55,1,855,2141,909,2193,200630/Unknown/104_WSCT/WSCT3060.JPG
200630,Unknown,20200630,073608,37,1,2826,1126,2904,1178,200630/Unknown/104_WSCT/WSCT3071.JPG
200630,Unknown,20200630,073708,34,1,2826,1124,2905,1179,200630/Unknown/104_WSCT/WSCT3072.JPG
200630,Unknown,20200630,073708,72,1,2552,1283,2629,1372,200630/Unknown/104_WSCT/WSCT3072.JPG
200630,Unknown,20200630,073808,27,1,2816,1117,2900,1198,200630/Unknown/104_WSCT/WSCT3073.JPG
200630,Unknown,20200630,080108,43,1,166,1761,233,1822,200630/Unknown/104_WSCT/WSCT3096.JPG
200630,Unknown,20200630,080408,26,1,2506,786,2580,852,200630/Unknown/104_WSCT/WSCT3099.JPG
200630,Unknown,20200630,080908,39,1,1177,301,1262,424,200630/Unknown/104_WSCT/WSCT3104.JPG
200630,Unknown,20200630,081608,48,1,1983,939,2069,1028,200630/Unknown/104_WSCT/WSCT3111.JPG
200630,Unknown,20200630,082408,62,1,1975,1004,2048,1082,200630/Unknown/104_WSCT/WSCT3119.JPG
200630,Unknown,20200630,083208,44,1,69,1973,140,2075,200630/Unknown/104_WSCT/WSCT3127.JPG
200630,Unknown,20200630,083510,65,1,2014,808,2104,864,200630/Unknown/104_WSCT/WSCT3130.JPG
200630,Unknown,20200630,083608,60,1,3254,2051,3337,2101,200630/Unknown/104_WSCT/WSCT3131.JPG
200630,Unknown,20200630,084208,33,1,97,2163,165,2206,200630/Unknown/104_WSCT/WSCT3137.JPG
200630,Unknown,20200630,085110,37,1,2209,1163,2323,1232,200630/Unknown/104_WSCT/WSCT3146.JPG
200630,Unknown,20200630,085308,34,1,2207,1211,2282,1286,200630/Unknown/104_WSCT/WSCT3148.JPG
200630,Unknown,20200630,090608,28,1,2031,843,2105,921,200630/Unknown/104_WSCT/WSCT3161.JPG
200630,Unknown,20200630,090808,69,1,3459,1681,3540,1773,200630/Unknown/104_WSCT/WSCT3163.JPG
200630,Unknown,20200630,090908,68,1,2725,2006,2804,2078,200630/Unknown/104_WSCT/WSCT3164.JPG
200630,Unknown,20200630,091008,29,1,425,206,509,261,200630/Unknown/104_WSCT/WSCT3165.JPG
200630,Unknown,20200630,091008,68,1,2520,2052,2594,2138,200630/Unknown/104_WSCT/WSCT3165.JPG
200630,Unknown,20200630,091408,30,1,2492,997,2549,1056,200630/Unknown/104_WSCT/WSCT3169.JPG
200630,Unknown,20200630,091608,73,1,2013,842,2100,918,200630/Unknown/104_WSCT/WSCT3171.JPG
200630,Unknown,20200630,092908,44,1,2489,535,2572,592,200630/Unknown/104_WSCT/WSCT3184.JPG
200630,Unknown,20200630,093408,32,1,2062,553,2116,607,200630/Unknown/104_WSCT/WSCT3189.JPG
200630,Unknown,20200630,094008,31,1,2800,650,2860,710,200630/Unknown/104_WSCT/WSCT3195.JPG
200630,Unknown,20200630,094208,40,1,1648,1191,1745,1256,200630/Unknown/104_WSCT/WSCT3197.JPG
200630,Unknown,20200630,094708,31,1,1767,1684,1846,1764,200630/Unknown/104_WSCT/WSCT3202.JPG
200630,Unknown,20200630,095108,27,1,2402,1550,2472,1600,200630/Unknown/104_WSCT/WSCT3206.JPG
200630,Unknown,20200630,095208,26,1,1979,517,2045,566,200630/Unknown/104_WSCT/WSCT3207.JPG
200630,Unknown,20200630,095408,28,1,1990,1812,2044,1872,200630/Unknown/104_WSCT/WSCT3209.JPG
200630,Unknown,20200630,095908,39,1,2844,715,2908,777,200630/Unknown/104_WSCT/WSCT3214.JPG
200630,Unknown,20200630,100008,27,1,688,1480,756,1555,200630/Unknown/104_WSCT/WSCT3215.JPG
200630,Unknown,20200630,100108,35,1,3310,2046,3378,2103,200630/Unknown/104_WSCT/WSCT3216.JPG
200630,Unknown,20200630,100608,32,1,957,158,1033,231,200630/Unknown/104_WSCT/WSCT3221.JPG
200630,Unknown,20200630,100708,28,1,2218,697,2283,746,200630/Unknown/104_WSCT/WSCT3222.JPG
200630,Unknown,20200630,101308,49,1,1907,742,1983,796,200630/Unknown/104_WSCT/WSCT3228.JPG
200630,Unknown,20200630,101508,27,1,2011,920,2069,972,200630/Unknown/104_WSCT/WSCT3230.JPG
200630,Unknown,20200630,101608,53,1,2124,495,2196,566,200630/Unknown/104_WSCT/WSCT3231.JPG
200630,Unknown,20200630,102008,30,1,2117,836,2193,906,200630/Unknown/104_WSCT/WSCT3235.JPG
200630,Unknown,20200630,102108,54,1,2231,14,2299,57,200630/Unknown/104_WSCT/WSCT3236.JPG
200630,Unknown,20200630,102208,40,1,2029,480,2104,529,200630/Unknown/104_WSCT/WSCT3237.JPG
200630,Unknown,20200630,102408,34,1,2115,836,2191,906,200630/Unknown/104_WSCT/WSCT3239.JPG
200630,Unknown,20200630,103510,63,1,1891,1458,1980,1552,200630/Unknown/104_WSCT/WSCT3250.JPG
200630,Unknown,20200630,103908,31,1,2631,366,2698,415,200630/Unknown/104_WSCT/WSCT3254.JPG
200630,Unknown,20200630,104508,68,1,2240,1167,2318,1240,200630/Unknown/104_WSCT/WSCT3260.JPG
200630,Unknown,20200630,104708,25,1,4191,1790,4224,1881,200630/Unknown/104_WSCT/WSCT3262.JPG
200630,Unknown,20200630,104908,35,1,2747,2201,2808,2250,200630/Unknown/104_WSCT/WSCT3264.JPG
200630,Unknown,20200630,111108,26,1,2916,806,3012,889,200630/Unknown/104_WSCT/WSCT3286.JPG
200630,Unknown,20200630,111108,45,1,2113,834,2206,897,200630/Unknown/104_WSCT/WSCT3286.JPG
200630,Unknown,20200630,111208,30,1,2112,832,2211,895,200630/Unknown/104_WSCT/WSCT3287.JPG
200630,Unknown,20200630,111416,26,1,2910,170,2988,226,200630/Unknown/104_WSCT/WSCT3289.JPG
200630,Unknown,20200630,112216,58,1,2111,832,2224,904,200630/Unknown/104_WSCT/WSCT3297.JPG
200630,Unknown,20200630,113016,32,1,752,1611,832,1680,200630/Unknown/104_WSCT/WSCT3305.JPG
200630,Unknown,20200630,113216,32,1,2110,834,2210,904,200630/Unknown/104_WSCT/WSCT3307.JPG
200630,Unknown,20200630,114216,25,1,2496,1068,2582,1129,200630/Unknown/104_WSCT/WSCT3317.JPG
200630,Unknown,20200630,114316,30,1,703,2074,773,2144,200630/Unknown/104_WSCT/WSCT3318.JPG
200630,Unknown,20200630,120016,77,1,2285,846,2410,931,200630/Unknown/104_WSCT/WSCT3335.JPG
200630,Unknown,20200630,120116,86,1,2555,555,2638,650,200630/Unknown/104_WSCT/WSCT3336.JPG
200630,Unknown,20200630,125116,37,1,1393,1055,1499,1130,200630/Unknown/104_WSCT/WSCT3386.JPG
200630,Unknown,20200630,125516,46,1,1390,1055,1500,1130,200630/Unknown/104_WSCT/WSCT3390.JPG
200630,Unknown,20200630,125816,61,1,1389,1060,1501,1136,200630/Unknown/104_WSCT/WSCT3393.JPG
200630,Unknown,20200630,130316,80,1,2973,1692,3056,1753,200630/Unknown/104_WSCT/WSCT3398.JPG
200630,Unknown,20200630,130416,52,1,3318,1851,3396,1935,200630/Unknown/104_WSCT/WSCT3399.JPG
200630,Unknown,20200630,130516,29,1,1940,934,1999,983,200630/Unknown/104_WSCT/WSCT3400.JPG
200630,Unknown,20200630,131116,31,1,2914,1232,2976,1279,200630/Unknown/104_WSCT/WSCT3406.JPG
200630,Unknown,20200630,131116,62,1,2101,2191,2168,2240,200630/Unknown/104_WSCT/WSCT3406.JPG
200630,Unknown,20200630,132416,44,1,1385,1042,1503,1120,200630/Unknown/104_WSCT/WSCT3419.JPG
200630,Unknown,20200630,142022,30,1,3347,1892,3416,1943,200630/Unknown/104_WSCT/WSCT3475.JPG
200630,Unknown,20200630,142022,32,1,2531,1832,2596,1883,200630/Unknown/104_WSCT/WSCT3475.JPG
200630,Unknown,20200630,142222,37,1,824,1915,927,1981,200630/Unknown/104_WSCT/WSCT3477.JPG
200630,Unknown,20200630,143222,29,1,2300,255,2364,306,200630/Unknown/104_WSCT/WSCT3487.JPG
200630,Unknown,20200630,144322,51,1,2099,2190,2170,2259,200630/Unknown/104_WSCT/WSCT3498.JPG
200630,Unknown,20200630,144522,28,1,1904,726,1973,800,200630/Unknown/104_WSCT/WSCT3500.JPG
200630,Unknown,20200630,144922,72,1,1928,720,2005,788,200630/Unknown/104_WSCT/WSCT3504.JPG
200630,Unknown,20200630,145022,69,1,13,251,126,363,200630/Unknown/104_WSCT/WSCT3505.JPG
200630,Unknown,20200630,150822,25,1,4188,1682,4224,1775,200630/Unknown/104_WSCT/WSCT3523.JPG
200630,Unknown,20200630,153724,32,1,2347,651,2411,698,200630/Unknown/104_WSCT/WSCT3552.JPG
200630,Unknown,20200630,154222,53,1,793,922,875,1017,200630/Unknown/104_WSCT/WSCT3557.JPG
200630,Unknown,20200630,154622,54,1,2599,1131,2672,1184,200630/Unknown/104_WSCT/WSCT3561.JPG
200630,Unknown,20200630,155822,25,1,831,1721,896,1768,200630/Unknown/104_WSCT/WSCT3573.JPG
200630,Unknown,20200630,161722,72,1,2231,1799,2305,1875,200630/Unknown/104_WSCT/WSCT3592.JPG
