200717,DISK-11,20200630,124656,46,1,4089,1961,4162,2022,200717/DISK-11/101_WSCT/WSCT6996.JPG
200717,DISK-11,20200630,124756,62,1,3298,740,3494,894,200717/DISK-11/101_WSCT/WSCT6997.JPG
200717,DISK-11,20200630,124856,74,1,3270,711,3466,849,200717/DISK-11/101_WSCT/WSCT6998.JPG
200717,DISK-11,20200630,125756,36,1,3402,1997,3515,2084,200717/DISK-11/101_WSCT/WSCT7007.JPG
200717,DISK-11,20200630,125856,53,1,3322,1993,3424,2064,200717/DISK-11/101_WSCT/WSCT7008.JPG
200717,DISK-11,20200630,125856,64,1,3650,794,3733,845,200717/DISK-11/101_WSCT/WSCT7008.JPG
200717,DISK-11,20200630,125956,46,1,3427,593,3499,649,200717/DISK-11/101_WSCT/WSCT7009.JPG
200717,DISK-11,20200630,131756,51,1,1620,1773,1692,1833,200717/DISK-11/101_WSCT/WSCT7027.JPG
200717,DISK-11,20200630,132356,31,1,2102,1424,2181,1485,200717/DISK-11/101_WSCT/WSCT7033.JPG
200717,DISK-11,20200630,132456,35,1,4162,215,4222,281,200717/DISK-11/101_WSCT/WSCT7034.JPG
200717,DISK-11,20200630,133256,37,1,2440,1574,2513,1665,200717/DISK-11/101_WSCT/WSCT7042.JPG
200717,DISK-11,20200630,133556,47,1,105,285,176,338,200717/DISK-11/101_WSCT/WSCT7045.JPG
200717,DISK-11,20200630,133556,59,1,2711,1651,2813,1719,200717/DISK-11/101_WSCT/WSCT7045.JPG
200717,DISK-11,20200630,133956,38,1,2634,1622,2744,1699,200717/DISK-11/101_WSCT/WSCT7049.JPG
200717,DISK-11,20200630,134156,64,1,2967,1361,3039,1460,200717/DISK-11/101_WSCT/WSCT7051.JPG
200717,DISK-11,20200630,134556,26,1,2874,1568,2989,1650,200717/DISK-11/101_WSCT/WSCT7055.JPG
200717,DISK-11,20200630,134656,69,1,2828,1496,2926,1587,200717/DISK-11/101_WSCT/WSCT7056.JPG
200717,DISK-11,20200630,134756,70,1,2209,1042,2295,1136,200717/DISK-11/101_WSCT/WSCT7057.JPG
200717,DISK-11,20200630,134956,80,1,2031,1402,2111,1526,200717/DISK-11/101_WSCT/WSCT7059.JPG
200717,DISK-11,20200630,135156,67,1,2489,1498,2563,1567,200717/DISK-11/101_WSCT/WSCT7061.JPG
200717,DISK-11,20200630,135356,43,1,1486,1432,1561,1487,200717/DISK-11/101_WSCT/WSCT7063.JPG
200717,DISK-11,20200630,135756,30,1,2461,448,2521,510,200717/DISK-11/101_WSCT/WSCT7067.JPG
200717,DISK-11,20200630,135756,32,1,3793,1680,3889,1749,200717/DISK-11/101_WSCT/WSCT7067.JPG
200717,DISK-11,20200630,135956,30,1,2071,658,2230,770,200717/DISK-11/101_WSCT/WSCT7069.JPG
200717,DISK-11,20200630,140756,27,1,1137,278,1209,327,200717/DISK-11/101_WSCT/WSCT7077.JPG
200717,DISK-11,20200630,140856,39,1,3392,2013,3484,2072,200717/DISK-11/101_WSCT/WSCT7078.JPG
200717,DISK-11,20200630,141056,69,1,1873,1002,1940,1107,200717/DISK-11/101_WSCT/WSCT7080.JPG
200717,DISK-11,20200630,141556,26,1,2518,1607,2607,1668,200717/DISK-11/101_WSCT/WSCT7085.JPG
200717,DISK-11,20200630,141556,53,1,3189,1786,3309,1862,200717/DISK-11/101_WSCT/WSCT7085.JPG
200717,DISK-11,20200630,141656,70,1,3164,680,3228,762,200717/DISK-11/101_WSCT/WSCT7086.JPG
200717,DISK-11,20200630,141856,51,1,3685,1837,3771,1899,200717/DISK-11/101_WSCT/WSCT7088.JPG
200717,DISK-11,20200630,141956,37,1,4052,1439,4108,1509,200717/DISK-11/101_WSCT/WSCT7089.JPG
200717,DISK-11,20200630,142156,27,1,1611,2055,1668,2111,200717/DISK-11/101_WSCT/WSCT7091.JPG
200717,DISK-11,20200630,142256,57,1,3799,1521,3865,1608,200717/DISK-11/101_WSCT/WSCT7092.JPG
200717,DISK-11,20200630,142356,69,1,62,1708,167,1780,200717/DISK-11/101_WSCT/WSCT7093.JPG
200717,DISK-11,20200630,142456,35,1,2709,1520,2804,1608,200717/DISK-11/101_WSCT/WSCT7094.JPG
200717,DISK-11,20200630,142556,66,1,2752,1186,2833,1290,200717/DISK-11/101_WSCT/WSCT7095.JPG
200717,DISK-11,20200630,143256,52,1,2501,1924,2570,1990,200717/DISK-11/101_WSCT/WSCT7102.JPG
200717,DISK-11,20200630,143356,25,1,3068,1124,3134,1201,200717/DISK-11/101_WSCT/WSCT7103.JPG
200717,DISK-11,20200630,143956,65,1,1302,395,1368,475,200717/DISK-11/101_WSCT/WSCT7109.JPG
200717,DISK-11,20200630,144056,35,1,1620,872,1685,961,200717/DISK-11/101_WSCT/WSCT7110.JPG
200717,DISK-11,20200630,145456,47,1,1205,2284,1300,2371,200717/DISK-11/101_WSCT/WSCT7124.JPG
200717,DISK-11,20200630,150156,68,1,1982,2027,2093,2103,200717/DISK-11/101_WSCT/WSCT7131.JPG
200717,DISK-11,20200630,150856,25,1,4168,2096,4222,2156,200717/DISK-11/101_WSCT/WSCT7138.JPG
200717,DISK-11,20200630,151956,31,1,1742,807,1821,877,200717/DISK-11/101_WSCT/WSCT7149.JPG
200717,DISK-11,20200630,152156,35,1,1154,1298,1225,1355,200717/DISK-11/101_WSCT/WSCT7151.JPG
200717,DISK-11,20200630,152256,39,1,2031,1397,2117,1482,200717/DISK-11/101_WSCT/WSCT7152.JPG
200717,DISK-11,20200630,152356,31,1,1953,197,2046,282,200717/DISK-11/101_WSCT/WSCT7153.JPG
200717,DISK-11,20200630,152656,28,1,1863,530,1926,590,200717/DISK-11/101_WSCT/WSCT7156.JPG
200717,DISK-11,20200630,152856,44,1,1935,1341,2011,1430,200717/DISK-11/101_WSCT/WSCT7158.JPG
200717,DISK-11,20200630,153456,32,1,4023,1925,4092,2027,200717/DISK-11/101_WSCT/WSCT7164.JPG
200717,DISK-11,20200630,153456,34,1,2965,1628,3022,1708,200717/DISK-11/101_WSCT/WSCT7164.JPG
200717,DISK-11,20200630,153856,28,1,2462,218,2524,272,200717/DISK-11/101_WSCT/WSCT7168.JPG
200717,DISK-11,20200630,154256,36,1,1725,801,1830,874,200717/DISK-11/101_WSCT/WSCT7172.JPG
200717,DISK-11,20200630,155056,36,1,2465,1571,2525,1650,200717/DISK-11/101_WSCT/WSCT7180.JPG
200717,DISK-11,20200630,160556,32,1,1884,870,1969,924,200717/DISK-11/101_WSCT/WSCT7195.JPG
200717,DISK-11,20200630,160556,44,1,2263,1428,2347,1479,200717/DISK-11/101_WSCT/WSCT7195.JPG
200717,DISK-11,20200630,161156,58,1,2486,1510,2564,1594,200717/DISK-11/101_WSCT/WSCT7201.JPG
200717,DISK-11,20200630,162356,27,1,2341,744,2403,835,200717/DISK-11/101_WSCT/WSCT7213.JPG
200717,DISK-11,20200630,165656,27,1,1739,819,1815,889,200717/DISK-11/101_WSCT/WSCT7246.JPG
200717,DISK-11,20200630,165956,48,1,1025,1589,1104,1643,200717/DISK-11/101_WSCT/WSCT7249.JPG
200717,DISK-11,20200630,170656,43,1,2006,1409,2084,1475,200717/DISK-11/101_WSCT/WSCT7256.JPG
200717,DISK-11,20200630,170856,50,1,4138,1571,4224,1681,200717/DISK-11/101_WSCT/WSCT7258.JPG
200717,DISK-11,20200630,170956,48,1,2017,1471,2095,1531,200717/DISK-11/101_WSCT/WSCT7259.JPG
200717,DISK-11,20200630,171056,73,1,1702,817,1794,915,200717/DISK-11/101_WSCT/WSCT7260.JPG
200717,DISK-11,20200630,171556,29,1,1479,722,1548,820,200717/DISK-11/101_WSCT/WSCT7265.JPG
200717,DISK-11,20200630,172756,28,1,1756,811,1826,886,200717/DISK-11/101_WSCT/WSCT7277.JPG
200717,DISK-11,20200630,173456,27,1,2052,1395,2137,1463,200717/DISK-11/101_WSCT/WSCT7284.JPG
200717,DISK-11,20200630,173756,60,1,1480,752,1546,841,200717/DISK-11/101_WSCT/WSCT7287.JPG
200717,DISK-11,20200630,174256,25,1,2129,499,2232,568,200717/DISK-11/101_WSCT/WSCT7292.JPG
200717,DISK-11,20200630,174656,28,1,1478,749,1545,833,200717/DISK-11/101_WSCT/WSCT7296.JPG
200717,DISK-11,20200630,174656,39,1,2012,2017,2090,2094,200717/DISK-11/101_WSCT/WSCT7296.JPG
200717,DISK-11,20200630,174856,27,1,2125,533,2217,589,200717/DISK-11/101_WSCT/WSCT7298.JPG
200717,DISK-11,20200630,175256,40,1,1660,160,1720,221,200717/DISK-11/101_WSCT/WSCT7302.JPG
200717,DISK-11,20200630,175456,43,1,2130,902,2195,978,200717/DISK-11/101_WSCT/WSCT7304.JPG
200717,DISK-11,20200630,181324,36,1,2003,2024,2087,2106,200717/DISK-11/101_WSCT/WSCT7322.JPG
200717,DISK-11,20200630,181428,66,1,986,859,1170,988,200717/DISK-11/101_WSCT/WSCT7323.JPG
200717,DISK-11,20200630,181948,73,1,2178,483,2277,542,200717/DISK-11/101_WSCT/WSCT7328.JPG
200717,DISK-11,20200630,182052,37,1,2177,482,2278,541,200717/DISK-11/101_WSCT/WSCT7329.JPG
200717,DISK-11,20200630,182156,27,1,2167,486,2278,552,200717/DISK-11/101_WSCT/WSCT7330.JPG
200717,DISK-11,20200630,182300,70,1,2161,485,2271,550,200717/DISK-11/101_WSCT/WSCT7331.JPG
200717,DISK-11,20200630,182404,58,1,2164,490,2273,555,200717/DISK-11/101_WSCT/WSCT7332.JPG
200717,DISK-11,20200630,182508,51,1,2165,499,2266,560,200717/DISK-11/101_WSCT/WSCT7333.JPG
200717,DISK-11,20200630,182612,31,1,2166,488,2278,553,200717/DISK-11/101_WSCT/WSCT7334.JPG
200717,DISK-11,20200630,182716,36,1,2169,495,2276,558,200717/DISK-11/101_WSCT/WSCT7335.JPG
200717,DISK-11,20200630,182924,41,1,2162,491,2268,551,200717/DISK-11/101_WSCT/WSCT7337.JPG
200717,DISK-11,20200630,183236,54,1,2163,491,2269,552,200717/DISK-11/101_WSCT/WSCT7340.JPG
200717,DISK-11,20200630,183340,46,1,3502,2112,3641,2205,200717/DISK-11/101_WSCT/WSCT7341.JPG
200717,DISK-11,20200630,183548,56,1,4116,2088,4185,2147,200717/DISK-11/101_WSCT/WSCT7343.JPG
200717,DISK-11,20200630,183548,75,1,2170,501,2279,565,200717/DISK-11/101_WSCT/WSCT7343.JPG
200717,DISK-11,20200630,183652,46,1,2181,487,2292,553,200717/DISK-11/101_WSCT/WSCT7344.JPG
200717,DISK-11,20200630,183900,51,1,2965,250,3035,298,200717/DISK-11/101_WSCT/WSCT7346.JPG
200717,DISK-11,20200630,183900,61,1,2164,500,2271,566,200717/DISK-11/101_WSCT/WSCT7346.JPG
200717,DISK-11,20200630,184212,29,1,2138,516,2226,573,200717/DISK-11/101_WSCT/WSCT7349.JPG
200717,DISK-11,20200630,184316,60,1,2158,499,2269,564,200717/DISK-11/101_WSCT/WSCT7350.JPG
200717,DISK-11,20200630,184420,52,1,2145,515,2251,578,200717/DISK-11/101_WSCT/WSCT7351.JPG
200717,DISK-11,20200630,184524,25,1,2153,500,2260,564,200717/DISK-11/101_WSCT/WSCT7352.JPG
200717,DISK-11,20200630,184730,33,1,2139,502,2260,571,200717/DISK-11/101_WSCT/WSCT7354.JPG
200717,DISK-11,20200630,185252,52,1,4042,2058,4115,2121,200717/DISK-11/101_WSCT/WSCT7359.JPG
200717,DISK-11,20200630,185458,28,1,2153,501,2250,562,200717/DISK-11/101_WSCT/WSCT7361.JPG
200717,DISK-11,20200630,185458,41,1,2108,1187,2208,1310,200717/DISK-11/101_WSCT/WSCT7361.JPG
200717,DISK-11,20200630,192036,48,1,2004,2021,2090,2109,200717/DISK-11/101_WSCT/WSCT7385.JPG
200717,DISK-11,20200630,192036,54,1,3055,268,3124,329,200717/DISK-11/101_WSCT/WSCT7385.JPG
200717,DISK-11,20200630,192140,42,1,2006,2023,2086,2108,200717/DISK-11/101_WSCT/WSCT7386.JPG
200717,DISK-11,20200630,192348,33,1,2005,2024,2086,2109,200717/DISK-11/101_WSCT/WSCT7388.JPG
200717,DISK-11,20200630,192452,34,1,2006,2024,2085,2107,200717/DISK-11/101_WSCT/WSCT7389.JPG
200717,DISK-11,20200630,192452,56,1,1795,1171,1897,1233,200717/DISK-11/101_WSCT/WSCT7389.JPG
200717,DISK-11,20200630,192556,29,1,2006,2022,2086,2107,200717/DISK-11/101_WSCT/WSCT7390.JPG
200717,DISK-11,20200630,192700,32,1,2006,2025,2087,2109,200717/DISK-11/101_WSCT/WSCT7391.JPG
200717,DISK-11,20200630,192804,27,1,2007,2024,2086,2109,200717/DISK-11/101_WSCT/WSCT7392.JPG
200717,DISK-11,20200630,192804,28,1,1040,880,1150,982,200717/DISK-11/101_WSCT/WSCT7392.JPG
200717,DISK-11,20200630,192908,26,1,0,1049,44,1093,200717/DISK-11/101_WSCT/WSCT7393.JPG
200717,DISK-11,20200630,193116,41,1,3944,97,4007,169,200717/DISK-11/101_WSCT/WSCT7395.JPG
200717,DISK-11,20200630,193220,31,1,15,2106,118,2189,200717/DISK-11/101_WSCT/WSCT7396.JPG
200717,DISK-11,20200630,193220,36,1,3942,95,4007,175,200717/DISK-11/101_WSCT/WSCT7396.JPG
200717,DISK-11,20200630,193220,52,1,2006,2021,2089,2109,200717/DISK-11/101_WSCT/WSCT7396.JPG
200717,DISK-11,20200630,193328,32,1,2006,2023,2085,2108,200717/DISK-11/101_WSCT/WSCT7397.JPG
200717,DISK-11,20200630,193850,33,1,2006,2023,2087,2107,200717/DISK-11/101_WSCT/WSCT7402.JPG
200717,DISK-11,20200630,194202,28,1,1722,896,1795,960,200717/DISK-11/101_WSCT/WSCT7405.JPG
200717,DISK-11,20200630,194202,57,1,2006,2021,2087,2108,200717/DISK-11/101_WSCT/WSCT7405.JPG
200717,DISK-11,20200630,194306,30,1,986,867,1169,991,200717/DISK-11/101_WSCT/WSCT7406.JPG
200717,DISK-11,20200630,194410,47,1,2006,2022,2087,2108,200717/DISK-11/101_WSCT/WSCT7407.JPG
200717,DISK-11,20200630,194514,30,1,2008,2024,2086,2106,200717/DISK-11/101_WSCT/WSCT7408.JPG
200717,DISK-11,20200630,194618,28,1,2004,2023,2089,2107,200717/DISK-11/101_WSCT/WSCT7409.JPG
200717,DISK-11,20200630,194722,32,1,2008,2022,2088,2104,200717/DISK-11/101_WSCT/WSCT7410.JPG
200717,DISK-11,20200630,194826,37,1,2009,2024,2086,2106,200717/DISK-11/101_WSCT/WSCT7411.JPG
200717,DISK-11,20200630,194930,29,1,17,2105,119,2188,200717/DISK-11/101_WSCT/WSCT7412.JPG
200717,DISK-11,20200630,195138,25,1,2844,1149,2929,1205,200717/DISK-11/101_WSCT/WSCT7414.JPG
200717,DISK-11,20200630,195242,32,1,2008,2022,2089,2103,200717/DISK-11/101_WSCT/WSCT7415.JPG
200717,DISK-11,20200630,195346,39,1,2007,2024,2087,2104,200717/DISK-11/101_WSCT/WSCT7416.JPG
200717,DISK-11,20200630,195554,26,1,569,2190,642,2237,200717/DISK-11/101_WSCT/WSCT7418.JPG
200717,DISK-11,20200630,200426,46,1,2008,2023,2087,2106,200717/DISK-11/101_WSCT/WSCT7426.JPG
200717,DISK-11,20200630,200634,45,1,2006,2024,2086,2107,200717/DISK-11/101_WSCT/WSCT7428.JPG
200717,DISK-11,20200630,200738,37,1,2005,2024,2086,2107,200717/DISK-11/101_WSCT/WSCT7429.JPG
200717,DISK-11,20200630,200842,38,1,2006,2025,2085,2106,200717/DISK-11/101_WSCT/WSCT7430.JPG
200717,DISK-11,20200630,200946,47,1,2007,2024,2088,2108,200717/DISK-11/101_WSCT/WSCT7431.JPG
200717,DISK-11,20200630,201052,60,1,2009,2022,2089,2105,200717/DISK-11/101_WSCT/WSCT7432.JPG
200717,DISK-11,20200630,201154,37,1,2007,2024,2086,2106,200717/DISK-11/101_WSCT/WSCT7433.JPG
200717,DISK-11,20200630,201258,35,1,2008,2023,2087,2104,200717/DISK-11/101_WSCT/WSCT7434.JPG
200717,DISK-11,20200630,201610,32,1,2006,2025,2084,2105,200717/DISK-11/101_WSCT/WSCT7437.JPG
200717,DISK-11,20200630,201714,42,1,2007,2021,2089,2107,200717/DISK-11/101_WSCT/WSCT7438.JPG
200717,DISK-11,20200630,202026,44,1,2007,2024,2086,2108,200717/DISK-11/101_WSCT/WSCT7441.JPG
200717,DISK-11,20200630,202130,26,1,2006,2024,2086,2104,200717/DISK-11/101_WSCT/WSCT7442.JPG
200717,DISK-11,20200630,202234,29,1,2006,2024,2085,2107,200717/DISK-11/101_WSCT/WSCT7443.JPG
200717,DISK-11,20200630,202650,28,1,2003,2022,2086,2108,200717/DISK-11/101_WSCT/WSCT7447.JPG
200717,DISK-11,20200630,202858,61,1,2006,2025,2085,2106,200717/DISK-11/101_WSCT/WSCT7449.JPG
200717,DISK-11,20200630,203314,30,1,2006,2027,2084,2109,200717/DISK-11/101_WSCT/WSCT7453.JPG
200717,DISK-11,20200630,203418,27,1,2008,2025,2087,2107,200717/DISK-11/101_WSCT/WSCT7454.JPG
200717,DISK-11,20200630,204458,26,1,2008,2027,2083,2106,200717/DISK-11/101_WSCT/WSCT7464.JPG
200717,DISK-11,20200630,204602,33,1,2006,2026,2084,2107,200717/DISK-11/101_WSCT/WSCT7465.JPG
200717,DISK-11,20200630,205226,39,1,2626,454,2708,546,200717/DISK-11/101_WSCT/WSCT7471.JPG
200717,DISK-11,20200630,205330,26,1,2626,455,2709,547,200717/DISK-11/101_WSCT/WSCT7472.JPG
200717,DISK-11,20200630,205746,49,1,2624,451,2707,546,200717/DISK-11/101_WSCT/WSCT7476.JPG
200717,DISK-11,20200630,205850,32,1,2358,527,2418,597,200717/DISK-11/101_WSCT/WSCT7477.JPG
200717,DISK-11,20200630,205954,26,1,2006,2026,2084,2107,200717/DISK-11/101_WSCT/WSCT7478.JPG
200717,DISK-11,20200630,210058,44,1,2005,2024,2087,2108,200717/DISK-11/101_WSCT/WSCT7479.JPG
200717,DISK-11,20200630,210058,62,1,3610,1381,3670,1451,200717/DISK-11/101_WSCT/WSCT7479.JPG
200717,DISK-11,20200630,210410,38,1,2002,2027,2082,2110,200717/DISK-11/101_WSCT/WSCT7482.JPG
200717,DISK-11,20200630,210930,42,1,4102,2114,4165,2165,200717/DISK-11/101_WSCT/WSCT7487.JPG
200717,DISK-11,20200630,211034,29,1,2000,2023,2088,2108,200717/DISK-11/101_WSCT/WSCT7488.JPG
200717,DISK-11,20200630,211138,51,1,2002,2024,2086,2108,200717/DISK-11/101_WSCT/WSCT7489.JPG
200717,DISK-11,20200630,211242,35,1,2001,2024,2089,2109,200717/DISK-11/101_WSCT/WSCT7490.JPG
200717,DISK-11,20200630,211346,37,1,2002,2022,2089,2110,200717/DISK-11/101_WSCT/WSCT7491.JPG
200717,DISK-11,20200630,211554,38,1,2003,2026,2085,2108,200717/DISK-11/101_WSCT/WSCT7493.JPG
200717,DISK-11,20200630,211802,33,1,19,2110,114,2181,200717/DISK-11/101_WSCT/WSCT7495.JPG
200717,DISK-11,20200630,211802,40,1,2003,2025,2083,2109,200717/DISK-11/101_WSCT/WSCT7495.JPG
200717,DISK-11,20200630,212010,41,1,2003,2026,2085,2108,200717/DISK-11/101_WSCT/WSCT7497.JPG
200717,DISK-11,20200630,212114,32,1,2004,2027,2083,2107,200717/DISK-11/101_WSCT/WSCT7498.JPG
200717,DISK-11,20200630,212218,47,1,2004,2026,2084,2107,200717/DISK-11/101_WSCT/WSCT7499.JPG
200717,DISK-11,20200630,212322,33,1,2004,2026,2085,2107,200717/DISK-11/101_WSCT/WSCT7500.JPG
200717,DISK-11,20200630,212322,49,1,4033,2082,4107,2157,200717/DISK-11/101_WSCT/WSCT7500.JPG
200717,DISK-11,20200630,212426,31,1,2006,2025,2086,2107,200717/DISK-11/101_WSCT/WSCT7501.JPG
200717,DISK-11,20200630,212530,48,1,2006,2025,2084,2106,200717/DISK-11/101_WSCT/WSCT7502.JPG
200717,DISK-11,20200630,213050,52,1,2006,2025,2086,2109,200717/DISK-11/101_WSCT/WSCT7507.JPG
200717,DISK-11,20200630,213402,28,1,17,2109,116,2183,200717/DISK-11/101_WSCT/WSCT7510.JPG
200717,DISK-11,20200630,213402,50,1,4090,1301,4161,1378,200717/DISK-11/101_WSCT/WSCT7510.JPG
200717,DISK-11,20200630,213610,30,1,3086,993,3149,1051,200717/DISK-11/101_WSCT/WSCT7512.JPG
200717,DISK-11,20200630,213714,45,1,2969,999,3080,1093,200717/DISK-11/101_WSCT/WSCT7513.JPG
200717,DISK-11,20200630,214442,35,1,2311,1896,2366,1946,200717/DISK-11/101_WSCT/WSCT7520.JPG
200717,DISK-11,20200630,214442,41,1,2005,2025,2084,2108,200717/DISK-11/101_WSCT/WSCT7520.JPG
200717,DISK-11,20200630,214546,35,1,2008,2025,2084,2106,200717/DISK-11/101_WSCT/WSCT7521.JPG
200717,DISK-11,20200630,214754,25,1,2007,2024,2085,2106,200717/DISK-11/101_WSCT/WSCT7523.JPG
200717,DISK-11,20200630,215106,59,1,2006,2024,2086,2108,200717/DISK-11/101_WSCT/WSCT7526.JPG
200717,DISK-11,20200630,215210,55,1,2005,2023,2087,2108,200717/DISK-11/101_WSCT/WSCT7527.JPG
200717,DISK-11,20200630,215314,27,1,1950,1440,2024,1531,200717/DISK-11/101_WSCT/WSCT7528.JPG
200717,DISK-11,20200630,215314,34,1,2004,2024,2086,2107,200717/DISK-11/101_WSCT/WSCT7528.JPG
200717,DISK-11,20200630,215418,37,1,2004,2026,2083,2108,200717/DISK-11/101_WSCT/WSCT7529.JPG
200717,DISK-11,20200630,215522,71,1,2007,2024,2085,2105,200717/DISK-11/101_WSCT/WSCT7530.JPG
200717,DISK-11,20200630,215626,64,1,2006,2025,2086,2106,200717/DISK-11/101_WSCT/WSCT7531.JPG
200717,DISK-11,20200630,215730,25,1,16,2110,114,2184,200717/DISK-11/101_WSCT/WSCT7532.JPG
200717,DISK-11,20200630,215730,47,1,2007,2027,2082,2106,200717/DISK-11/101_WSCT/WSCT7532.JPG
200717,DISK-11,20200630,215834,55,1,984,864,1178,994,200717/DISK-11/101_WSCT/WSCT7533.JPG
200717,DISK-11,20200630,215834,56,1,2005,2026,2083,2109,200717/DISK-11/101_WSCT/WSCT7533.JPG
200717,DISK-11,20200630,215938,41,1,2007,2024,2087,2106,200717/DISK-11/101_WSCT/WSCT7534.JPG
200717,DISK-11,20200701,061606,33,1,13,2116,121,2201,200717/DISK-11/101_WSCT/WSCT7550.JPG
200717,DISK-11,20200701,062022,36,1,11,2116,121,2199,200717/DISK-11/101_WSCT/WSCT7554.JPG
200717,DISK-11,20200701,062750,43,1,1721,1491,1798,1538,200717/DISK-11/101_WSCT/WSCT7561.JPG
200717,DISK-11,20200701,062750,49,1,3936,1137,4002,1208,200717/DISK-11/101_WSCT/WSCT7561.JPG
200717,DISK-11,20200701,062854,46,1,4120,1953,4195,2008,200717/DISK-11/101_WSCT/WSCT7562.JPG
200717,DISK-11,20200701,063518,34,1,2485,996,2545,1066,200717/DISK-11/101_WSCT/WSCT7568.JPG
200717,DISK-11,20200701,064702,26,1,2759,2221,2839,2323,200717/DISK-11/101_WSCT/WSCT7579.JPG
200717,DISK-11,20200701,064806,30,1,2626,477,2705,567,200717/DISK-11/101_WSCT/WSCT7580.JPG
200717,DISK-11,20200701,064806,70,1,2489,984,2553,1064,200717/DISK-11/101_WSCT/WSCT7580.JPG
200717,DISK-11,20200701,064910,25,1,3876,1755,3963,1814,200717/DISK-11/101_WSCT/WSCT7581.JPG
200717,DISK-11,20200701,070510,34,1,206,2227,330,2312,200717/DISK-11/101_WSCT/WSCT7596.JPG
200717,DISK-11,20200701,071902,39,1,2508,1219,2568,1296,200717/DISK-11/101_WSCT/WSCT7609.JPG
200717,DISK-11,20200701,072316,27,1,4188,700,4224,773,200717/DISK-11/101_WSCT/WSCT7613.JPG
200717,DISK-11,20200701,072316,35,1,860,2237,939,2282,200717/DISK-11/101_WSCT/WSCT7613.JPG
200717,DISK-11,20200701,074542,28,1,3945,1424,4045,1481,200717/DISK-11/101_WSCT/WSCT7634.JPG
200717,DISK-11,20200701,075622,34,1,3773,1136,3843,1216,200717/DISK-11/101_WSCT/WSCT7644.JPG
200717,DISK-11,20200701,081540,47,1,1293,857,1373,922,200717/DISK-11/101_WSCT/WSCT7662.JPG
200717,DISK-11,20200701,082620,38,1,1702,1764,1828,1853,200717/DISK-11/101_WSCT/WSCT7672.JPG
200717,DISK-11,20200701,082828,49,1,3192,2247,3262,2322,200717/DISK-11/101_WSCT/WSCT7674.JPG
200717,DISK-11,20200701,082828,50,1,3197,317,3267,366,200717/DISK-11/101_WSCT/WSCT7674.JPG
200717,DISK-11,20200701,082932,45,1,2259,1839,2331,1899,200717/DISK-11/101_WSCT/WSCT7675.JPG
200717,DISK-11,20200701,083700,31,1,2339,1870,2409,1928,200717/DISK-11/101_WSCT/WSCT7682.JPG
200717,DISK-11,20200701,083908,33,1,2003,2040,2081,2116,200717/DISK-11/101_WSCT/WSCT7684.JPG
200717,DISK-11,20200701,084740,52,1,4000,1969,4067,2058,200717/DISK-11/101_WSCT/WSCT7692.JPG
200717,DISK-11,20200701,084844,30,1,3998,1985,4071,2092,200717/DISK-11/101_WSCT/WSCT7693.JPG
200717,DISK-11,20200701,090444,55,1,3733,806,3795,888,200717/DISK-11/101_WSCT/WSCT7708.JPG
200717,DISK-11,20200701,092356,69,1,2076,760,2145,844,200717/DISK-11/101_WSCT/WSCT7726.JPG
200717,DISK-11,20200701,093956,29,1,1315,2130,1366,2174,200717/DISK-11/101_WSCT/WSCT7741.JPG
200717,DISK-11,20200701,094620,92,1,2014,1625,2185,1730,200717/DISK-11/101_WSCT/WSCT7747.JPG
200717,DISK-11,20200701,094724,89,1,2871,1618,3024,1734,200717/DISK-11/101_WSCT/WSCT7748.JPG
200717,DISK-11,20200701,094932,47,1,968,1114,1048,1193,200717/DISK-11/101_WSCT/WSCT7750.JPG
200717,DISK-11,20200701,094932,48,1,1705,1761,1829,1856,200717/DISK-11/101_WSCT/WSCT7750.JPG
200717,DISK-11,20200701,094932,85,1,3018,861,3233,1013,200717/DISK-11/101_WSCT/WSCT7750.JPG
200717,DISK-11,20200701,095036,27,1,3894,1020,3974,1072,200717/DISK-11/101_WSCT/WSCT7751.JPG
200717,DISK-11,20200701,095140,28,1,1702,1764,1821,1854,200717/DISK-11/101_WSCT/WSCT7752.JPG
200717,DISK-11,20200701,095140,67,1,3017,867,3226,1018,200717/DISK-11/101_WSCT/WSCT7752.JPG
200717,DISK-11,20200701,095700,33,1,18,2125,120,2210,200717/DISK-11/101_WSCT/WSCT7757.JPG
200717,DISK-11,20200701,095700,52,1,2896,251,2981,303,200717/DISK-11/101_WSCT/WSCT7757.JPG
200717,DISK-11,20200701,100324,84,1,1645,1396,1774,1489,200717/DISK-11/101_WSCT/WSCT7763.JPG
200717,DISK-11,20200701,100428,69,1,2100,505,2194,614,200717/DISK-11/101_WSCT/WSCT7764.JPG
200717,DISK-11,20200701,100532,81,1,2478,603,2581,708,200717/DISK-11/101_WSCT/WSCT7765.JPG
200717,DISK-11,20200701,100636,83,1,987,442,1067,561,200717/DISK-11/101_WSCT/WSCT7766.JPG
200717,DISK-11,20200701,101156,79,1,1427,1939,1590,2034,200717/DISK-11/101_WSCT/WSCT7771.JPG
200717,DISK-11,20200701,101156,88,1,3089,2273,3273,2376,200717/DISK-11/101_WSCT/WSCT7771.JPG
200717,DISK-11,20200701,102756,75,1,3567,859,3645,912,200717/DISK-11/101_WSCT/WSCT7786.JPG
200717,DISK-11,20200701,102900,32,1,1853,1197,1932,1251,200717/DISK-11/101_WSCT/WSCT7787.JPG
200717,DISK-11,20200701,104916,26,1,2012,173,2076,253,200717/DISK-11/101_WSCT/WSCT7806.JPG
200717,DISK-11,20200701,105228,39,1,2413,774,2487,845,200717/DISK-11/101_WSCT/WSCT7809.JPG
200717,DISK-11,20200701,105644,54,1,699,1228,792,1333,200717/DISK-11/101_WSCT/WSCT7813.JPG
200717,DISK-11,20200701,110412,56,1,3908,1109,3983,1159,200717/DISK-11/101_WSCT/WSCT7820.JPG
200717,DISK-11,20200701,111140,32,1,1462,687,1528,778,200717/DISK-11/101_WSCT/WSCT7827.JPG
200717,DISK-11,20200701,111348,44,1,2511,210,2591,305,200717/DISK-11/101_WSCT/WSCT7829.JPG
200717,DISK-11,20200701,111556,57,1,1464,676,1532,769,200717/DISK-11/101_WSCT/WSCT7831.JPG
200717,DISK-11,20200701,111908,44,1,1990,1454,2078,1514,200717/DISK-11/101_WSCT/WSCT7834.JPG
200717,DISK-11,20200701,111908,47,1,2417,758,2523,834,200717/DISK-11/101_WSCT/WSCT7834.JPG
200717,DISK-11,20200701,112428,26,1,1024,872,1128,974,200717/DISK-11/101_WSCT/WSCT7839.JPG
200717,DISK-11,20200701,112532,26,1,2255,744,2322,805,200717/DISK-11/101_WSCT/WSCT7840.JPG
200717,DISK-11,20200701,113052,43,1,2507,2134,2573,2205,200717/DISK-11/101_WSCT/WSCT7845.JPG
200717,DISK-11,20200701,113300,28,1,3920,118,3993,191,200717/DISK-11/101_WSCT/WSCT7847.JPG
200717,DISK-11,20200701,113508,63,1,719,1555,849,1651,200717/DISK-11/101_WSCT/WSCT7849.JPG
200717,DISK-11,20200701,113612,45,1,1058,710,1155,835,200717/DISK-11/101_WSCT/WSCT7850.JPG
200717,DISK-11,20200701,113716,59,1,1070,399,1160,534,200717/DISK-11/101_WSCT/WSCT7851.JPG
200717,DISK-11,20200701,121020,28,1,1461,716,1521,780,200717/DISK-11/101_WSCT/WSCT7882.JPG
200717,DISK-11,20200701,121436,32,1,21,2126,106,2220,200717/DISK-11/101_WSCT/WSCT7886.JPG
200717,DISK-11,20200701,122100,52,1,3571,490,3705,592,200717/DISK-11/101_WSCT/WSCT7892.JPG
200717,DISK-11,20200701,123244,73,1,2011,1449,2117,1513,200717/DISK-11/101_WSCT/WSCT7903.JPG
200717,DISK-11,20200701,123804,43,1,2002,1450,2084,1504,200717/DISK-11/101_WSCT/WSCT7908.JPG
200717,DISK-11,20200701,124844,47,1,2794,444,2865,510,200717/DISK-11/101_WSCT/WSCT7918.JPG
200717,DISK-11,20200701,124948,29,1,1996,1457,2074,1513,200717/DISK-11/101_WSCT/WSCT7919.JPG
200717,DISK-11,20200701,125052,45,1,3187,1858,3273,1911,200717/DISK-11/101_WSCT/WSCT7920.JPG
200717,DISK-11,20200701,125404,40,1,990,872,1146,1003,200717/DISK-11/101_WSCT/WSCT7923.JPG
200717,DISK-11,20200701,125716,63,1,898,1486,969,1575,200717/DISK-11/101_WSCT/WSCT7926.JPG
200717,DISK-11,20200701,130132,31,1,1877,1122,1984,1224,200717/DISK-11/101_WSCT/WSCT7930.JPG
200717,DISK-11,20200701,130236,29,1,1886,1132,1964,1217,200717/DISK-11/101_WSCT/WSCT7931.JPG
200717,DISK-11,20200701,130236,50,1,373,304,439,357,200717/DISK-11/101_WSCT/WSCT7931.JPG
200717,DISK-11,20200701,130340,76,1,173,220,261,272,200717/DISK-11/101_WSCT/WSCT7932.JPG
200717,DISK-11,20200701,130444,60,1,171,221,258,273,200717/DISK-11/101_WSCT/WSCT7933.JPG
200717,DISK-11,20200701,130548,33,1,1445,707,1502,770,200717/DISK-11/101_WSCT/WSCT7934.JPG
200717,DISK-11,20200701,130548,72,1,170,223,236,302,200717/DISK-11/101_WSCT/WSCT7934.JPG
200717,DISK-11,20200701,130652,74,1,169,222,235,293,200717/DISK-11/101_WSCT/WSCT7935.JPG
200717,DISK-11,20200701,131420,49,1,2261,1772,2329,1846,200717/DISK-11/101_WSCT/WSCT7942.JPG
200717,DISK-11,20200701,131836,26,1,2027,1778,2090,1848,200717/DISK-11/101_WSCT/WSCT7946.JPG
200717,DISK-11,20200701,132356,28,1,1999,1448,2081,1506,200717/DISK-11/101_WSCT/WSCT7951.JPG
200717,DISK-11,20200701,132500,27,1,1994,1457,2075,1513,200717/DISK-11/101_WSCT/WSCT7952.JPG
200717,DISK-11,20200701,133332,26,1,1806,1150,1903,1214,200717/DISK-11/101_WSCT/WSCT7960.JPG
200717,DISK-11,20200701,133436,32,1,1950,1402,2043,1465,200717/DISK-11/101_WSCT/WSCT7961.JPG
200717,DISK-11,20200701,133644,38,1,830,1565,934,1650,200717/DISK-11/101_WSCT/WSCT7963.JPG
200717,DISK-11,20200701,133748,26,1,777,1471,949,1579,200717/DISK-11/101_WSCT/WSCT7964.JPG
200717,DISK-11,20200701,133748,26,1,12,2126,119,2209,200717/DISK-11/101_WSCT/WSCT7964.JPG
200717,DISK-11,20200701,133852,42,1,8,2129,108,2196,200717/DISK-11/101_WSCT/WSCT7965.JPG
200717,DISK-11,20200701,133852,58,1,3979,2140,4063,2255,200717/DISK-11/101_WSCT/WSCT7965.JPG
200717,DISK-11,20200701,133956,31,1,1934,1198,1996,1262,200717/DISK-11/101_WSCT/WSCT7966.JPG
200717,DISK-11,20200701,133956,85,1,2143,1494,2217,1591,200717/DISK-11/101_WSCT/WSCT7966.JPG
200717,DISK-11,20200701,134204,27,1,1810,1138,1900,1196,200717/DISK-11/101_WSCT/WSCT7968.JPG
200717,DISK-11,20200701,134308,45,1,1750,7,1828,68,200717/DISK-11/101_WSCT/WSCT7969.JPG
200717,DISK-11,20200701,134516,26,1,1470,690,1529,755,200717/DISK-11/101_WSCT/WSCT7971.JPG
200717,DISK-11,20200701,134724,56,1,1834,1017,1901,1098,200717/DISK-11/101_WSCT/WSCT7973.JPG
200717,DISK-11,20200701,141052,27,1,3629,1458,3710,1513,200717/DISK-11/101_WSCT/WSCT7995.JPG
200717,DISK-11,20200701,141156,71,1,3169,456,3249,512,200717/DISK-11/101_WSCT/WSCT7996.JPG
200717,DISK-11,20200701,143628,31,1,1973,1433,2048,1488,200717/DISK-11/101_WSCT/WSCT8019.JPG
200717,DISK-11,20200701,143836,56,1,2547,1739,2635,1821,200717/DISK-11/101_WSCT/WSCT8021.JPG
200717,DISK-11,20200701,143940,52,1,3020,1839,3083,1918,200717/DISK-11/101_WSCT/WSCT8022.JPG
200717,DISK-11,20200701,144044,38,1,3021,1956,3142,2033,200717/DISK-11/101_WSCT/WSCT8023.JPG
200717,DISK-11,20200701,144148,45,1,3114,2151,3217,2238,200717/DISK-11/101_WSCT/WSCT8024.JPG
200717,DISK-11,20200701,144356,71,1,1503,1518,1578,1600,200717/DISK-11/101_WSCT/WSCT8026.JPG
200717,DISK-11,20200701,144500,40,1,973,1356,1049,1445,200717/DISK-11/101_WSCT/WSCT8027.JPG
200717,DISK-11,20200701,144604,66,1,2429,1500,2539,1569,200717/DISK-11/101_WSCT/WSCT8028.JPG
200717,DISK-11,20200701,145956,81,1,2047,1242,2118,1357,200717/DISK-11/101_WSCT/WSCT8041.JPG
200717,DISK-11,20200701,150100,28,1,1968,1438,2049,1500,200717/DISK-11/101_WSCT/WSCT8042.JPG
200717,DISK-11,20200701,150412,49,1,1466,685,1530,757,200717/DISK-11/101_WSCT/WSCT8045.JPG
200717,DISK-11,20200701,151452,54,1,1005,369,1080,451,200717/DISK-11/101_WSCT/WSCT8055.JPG
200717,DISK-11,20200701,151804,45,1,1465,684,1528,758,200717/DISK-11/101_WSCT/WSCT8058.JPG
200717,DISK-11,20200701,152428,38,1,302,1114,373,1187,200717/DISK-11/101_WSCT/WSCT8064.JPG
200717,DISK-11,20200701,153612,30,1,1968,1431,2056,1489,200717/DISK-11/101_WSCT/WSCT8075.JPG
200717,DISK-11,20200701,154444,67,1,2880,287,2959,344,200717/DISK-11/101_WSCT/WSCT8083.JPG
200717,DISK-11,20200701,155108,52,1,1970,1442,2050,1498,200717/DISK-11/101_WSCT/WSCT8089.JPG
200717,DISK-11,20200701,155316,28,1,1963,1438,2052,1497,200717/DISK-11/101_WSCT/WSCT8091.JPG
200717,DISK-11,20200701,155420,26,1,83,242,145,309,200717/DISK-11/101_WSCT/WSCT8092.JPG
200717,DISK-11,20200701,155420,50,1,1968,1443,2052,1497,200717/DISK-11/101_WSCT/WSCT8092.JPG
200717,DISK-11,20200701,155836,41,1,3337,501,3410,553,200717/DISK-11/101_WSCT/WSCT8096.JPG
200717,DISK-11,20200701,155940,42,1,1964,1442,2050,1502,200717/DISK-11/101_WSCT/WSCT8097.JPG
200717,DISK-11,20200701,160148,30,1,1972,1442,2050,1498,200717/DISK-11/101_WSCT/WSCT8099.JPG
200717,DISK-11,20200701,160356,66,1,1817,1181,1883,1244,200717/DISK-11/101_WSCT/WSCT8101.JPG
200717,DISK-11,20200701,160604,42,1,1949,1250,2019,1314,200717/DISK-11/101_WSCT/WSCT8103.JPG
200717,DISK-11,20200701,160916,42,1,703,33,797,85,200717/DISK-11/101_WSCT/WSCT8106.JPG
200717,DISK-11,20200701,161124,44,1,1969,1432,2054,1484,200717/DISK-11/101_WSCT/WSCT8108.JPG
200717,DISK-11,20200701,161436,42,1,1973,1431,2056,1483,200717/DISK-11/101_WSCT/WSCT8111.JPG
200717,DISK-11,20200701,162932,26,1,3599,640,3669,691,200717/DISK-11/101_WSCT/WSCT8125.JPG
200717,DISK-11,20200701,163036,38,1,1945,1217,2006,1283,200717/DISK-11/101_WSCT/WSCT8126.JPG
200717,DISK-11,20200701,163556,41,1,3859,2032,3933,2116,200717/DISK-11/101_WSCT/WSCT8131.JPG
200717,DISK-11,20200701,163908,26,1,2023,424,2080,492,200717/DISK-11/101_WSCT/WSCT8134.JPG
200717,DISK-11,20200701,164220,34,1,2986,2211,3070,2262,200717/DISK-11/101_WSCT/WSCT8137.JPG
200717,DISK-11,20200701,164324,75,1,510,240,579,288,200717/DISK-11/101_WSCT/WSCT8138.JPG
200717,DISK-11,20200701,164532,42,1,1642,2105,1710,2164,200717/DISK-11/101_WSCT/WSCT8140.JPG
200717,DISK-11,20200701,164948,48,1,2997,1092,3058,1164,200717/DISK-11/101_WSCT/WSCT8144.JPG
200717,DISK-11,20200701,165820,32,1,815,1556,883,1624,200717/DISK-11/101_WSCT/WSCT8152.JPG
200717,DISK-11,20200701,170236,28,1,2272,713,2343,760,200717/DISK-11/101_WSCT/WSCT8156.JPG
200717,DISK-11,20200701,170756,51,1,2381,540,2438,597,200717/DISK-11/101_WSCT/WSCT8161.JPG
200717,DISK-11,20200701,171108,63,1,1928,1722,2019,1782,200717/DISK-11/101_WSCT/WSCT8164.JPG
200717,DISK-11,20200701,171108,74,1,3614,853,3691,906,200717/DISK-11/101_WSCT/WSCT8164.JPG
200717,DISK-11,20200701,172356,42,1,802,159,869,220,200717/DISK-11/101_WSCT/WSCT8176.JPG
200717,DISK-11,20200701,172604,72,1,1007,1824,1084,1891,200717/DISK-11/101_WSCT/WSCT8178.JPG
200717,DISK-11,20200701,172708,26,1,369,679,446,729,200717/DISK-11/101_WSCT/WSCT8179.JPG
200717,DISK-11,20200701,172708,46,1,2657,1870,2725,1927,200717/DISK-11/101_WSCT/WSCT8179.JPG
200717,DISK-11,20200701,174620,25,1,3487,1722,3553,1788,200717/DISK-11/101_WSCT/WSCT8197.JPG
200717,DISK-11,20200701,175244,46,1,2575,751,2629,817,200717/DISK-11/101_WSCT/WSCT8203.JPG
200717,DISK-11,20200701,175348,32,1,2273,1748,2352,1855,200717/DISK-11/101_WSCT/WSCT8204.JPG
200717,DISK-11,20200701,175556,30,1,1936,1215,1998,1283,200717/DISK-11/101_WSCT/WSCT8206.JPG
200717,DISK-11,20200701,175556,51,1,1982,227,2042,298,200717/DISK-11/101_WSCT/WSCT8206.JPG
200717,DISK-11,20200701,180324,53,1,3530,849,3605,904,200717/DISK-11/101_WSCT/WSCT8213.JPG
200717,DISK-11,20200701,180428,35,1,2269,1611,2341,1674,200717/DISK-11/101_WSCT/WSCT8214.JPG
200717,DISK-11,20200701,180636,25,1,3608,498,3686,564,200717/DISK-11/101_WSCT/WSCT8216.JPG
200717,DISK-11,20200701,180636,36,1,1875,1417,1955,1467,200717/DISK-11/101_WSCT/WSCT8216.JPG
200717,DISK-11,20200701,180948,40,1,1910,1958,1969,2013,200717/DISK-11/101_WSCT/WSCT8219.JPG
200717,DISK-11,20200701,181156,55,1,2507,1125,2569,1183,200717/DISK-11/101_WSCT/WSCT8221.JPG
200717,DISK-11,20200701,182548,27,1,1940,1192,1998,1264,200717/DISK-11/101_WSCT/WSCT8234.JPG
200717,DISK-11,20200701,182756,28,1,2378,544,2431,596,200717/DISK-11/101_WSCT/WSCT8236.JPG
200717,DISK-11,20200701,183012,29,1,1932,1211,1994,1276,200717/DISK-11/101_WSCT/WSCT8238.JPG
200717,DISK-11,20200701,183324,26,1,1944,1202,2000,1250,200717/DISK-11/101_WSCT/WSCT8241.JPG
200717,DISK-11,20200701,183636,56,1,1966,1409,2051,1467,200717/DISK-11/101_WSCT/WSCT8244.JPG
200717,DISK-11,20200701,183738,34,1,2827,1431,2898,1478,200717/DISK-11/101_WSCT/WSCT8245.JPG
200717,DISK-11,20200701,185028,36,1,3560,1831,3618,1889,200717/DISK-11/101_WSCT/WSCT8257.JPG
200717,DISK-11,20200701,185236,28,1,1937,1216,1997,1280,200717/DISK-11/101_WSCT/WSCT8259.JPG
200717,DISK-11,20200701,185900,34,1,2509,1118,2568,1187,200717/DISK-11/101_WSCT/WSCT8265.JPG
200717,DISK-11,20200701,190212,47,1,2390,548,2455,590,200717/DISK-11/101_WSCT/WSCT8268.JPG
200717,DISK-11,20200701,190732,57,1,4102,2094,4174,2165,200717/DISK-11/101_WSCT/WSCT8273.JPG
200717,DISK-11,20200701,191148,37,1,4177,1953,4224,2030,200717/DISK-11/101_WSCT/WSCT8277.JPG
200717,DISK-11,20200701,191500,51,1,1790,1156,1866,1216,200717/DISK-11/101_WSCT/WSCT8280.JPG
200717,DISK-11,20200701,192020,51,1,1905,1776,1980,1832,200717/DISK-11/101_WSCT/WSCT8285.JPG
200717,DISK-11,20200701,192228,31,1,2118,1793,2189,1880,200717/DISK-11/101_WSCT/WSCT8287.JPG
200717,DISK-11,20200701,192332,58,1,2004,1651,2101,1723,200717/DISK-11/101_WSCT/WSCT8288.JPG
200717,DISK-11,20200701,192436,68,1,1685,1570,1797,1633,200717/DISK-11/101_WSCT/WSCT8289.JPG
200717,DISK-11,20200701,192644,26,1,1930,1208,1991,1272,200717/DISK-11/101_WSCT/WSCT8291.JPG
200717,DISK-11,20200701,192644,78,1,4041,1658,4127,1779,200717/DISK-11/101_WSCT/WSCT8291.JPG
200717,DISK-11,20200701,192748,32,1,2101,947,2156,1010,200717/DISK-11/101_WSCT/WSCT8292.JPG
200717,DISK-11,20200701,192748,73,1,3932,1506,4023,1593,200717/DISK-11/101_WSCT/WSCT8292.JPG
200717,DISK-11,20200701,192852,41,1,2305,1153,2362,1226,200717/DISK-11/101_WSCT/WSCT8293.JPG
200717,DISK-11,20200701,193100,51,1,2156,1316,2241,1371,200717/DISK-11/101_WSCT/WSCT8295.JPG
200717,DISK-11,20200701,193100,57,1,1960,1418,2045,1472,200717/DISK-11/101_WSCT/WSCT8295.JPG
200717,DISK-11,20200701,193516,29,1,3050,1731,3113,1804,200717/DISK-11/101_WSCT/WSCT8299.JPG
200717,DISK-11,20200701,193620,86,1,847,1486,986,1591,200717/DISK-11/101_WSCT/WSCT8300.JPG
200717,DISK-11,20200701,193724,88,1,1089,570,1180,711,200717/DISK-11/101_WSCT/WSCT8301.JPG
200717,DISK-11,20200701,193828,70,1,1801,1143,1885,1196,200717/DISK-11/101_WSCT/WSCT8302.JPG
200717,DISK-11,20200701,193932,27,1,1952,1416,2031,1471,200717/DISK-11/101_WSCT/WSCT8303.JPG
200717,DISK-11,20200701,194036,51,1,1934,1201,1996,1278,200717/DISK-11/101_WSCT/WSCT8304.JPG
200717,DISK-11,20200701,194348,36,1,1932,1201,1997,1280,200717/DISK-11/101_WSCT/WSCT8307.JPG
200717,DISK-11,20200701,195116,37,1,1817,1141,1883,1219,200717/DISK-11/101_WSCT/WSCT8314.JPG
200717,DISK-11,20200701,200050,36,1,3020,651,3077,722,200717/DISK-11/101_WSCT/WSCT8323.JPG
200717,DISK-11,20200701,200506,52,1,1773,1161,1846,1220,200717/DISK-11/101_WSCT/WSCT8327.JPG
200717,DISK-11,20200701,201652,59,1,1933,1203,1995,1274,200717/DISK-11/101_WSCT/WSCT8338.JPG
200717,DISK-11,20200701,201900,36,1,1944,1211,2009,1280,200717/DISK-11/101_WSCT/WSCT8340.JPG
200717,DISK-11,20200701,202212,31,1,3039,1926,3120,1992,200717/DISK-11/101_WSCT/WSCT8343.JPG
200717,DISK-11,20200701,202316,33,1,1966,1944,2039,2024,200717/DISK-11/101_WSCT/WSCT8344.JPG
200717,DISK-11,20200701,202524,25,1,4187,2172,4224,2241,200717/DISK-11/101_WSCT/WSCT8346.JPG
200717,DISK-11,20200701,202628,26,1,2921,508,2977,577,200717/DISK-11/101_WSCT/WSCT8347.JPG
200717,DISK-11,20200701,202836,39,1,3609,1788,3678,1834,200717/DISK-11/101_WSCT/WSCT8349.JPG
200717,DISK-11,20200701,202836,66,1,2139,180,2203,250,200717/DISK-11/101_WSCT/WSCT8349.JPG
200717,DISK-11,20200701,202940,57,1,2139,179,2204,250,200717/DISK-11/101_WSCT/WSCT8350.JPG
200717,DISK-11,20200701,203044,27,1,4165,2003,4222,2066,200717/DISK-11/101_WSCT/WSCT8351.JPG
200717,DISK-11,20200701,203044,33,1,1927,1191,1990,1269,200717/DISK-11/101_WSCT/WSCT8351.JPG
200717,DISK-11,20200701,203044,52,1,2592,280,2713,356,200717/DISK-11/101_WSCT/WSCT8351.JPG
200717,DISK-11,20200701,203044,60,1,2132,181,2210,260,200717/DISK-11/101_WSCT/WSCT8351.JPG
200717,DISK-11,20200701,203148,86,1,2374,174,2456,287,200717/DISK-11/101_WSCT/WSCT8352.JPG
200717,DISK-11,20200701,203356,29,1,3655,163,3706,209,200717/DISK-11/101_WSCT/WSCT8354.JPG
200717,DISK-11,20200701,203500,66,1,3417,2237,3564,2322,200717/DISK-11/101_WSCT/WSCT8355.JPG
200717,DISK-11,20200701,203500,80,1,2777,635,2843,727,200717/DISK-11/101_WSCT/WSCT8355.JPG
200717,DISK-11,20200701,203604,37,1,3395,2224,3553,2318,200717/DISK-11/101_WSCT/WSCT8356.JPG
200717,DISK-11,20200701,203604,48,1,2527,529,2585,602,200717/DISK-11/101_WSCT/WSCT8356.JPG
200717,DISK-11,20200701,203916,33,1,1833,1157,1904,1208,200717/DISK-11/101_WSCT/WSCT8359.JPG
200717,DISK-11,20200701,204332,32,1,4014,1226,4074,1291,200717/DISK-11/101_WSCT/WSCT8363.JPG
200717,DISK-11,20200701,204332,71,1,4126,1233,4224,1316,200717/DISK-11/101_WSCT/WSCT8363.JPG
200717,DISK-11,20200701,204436,70,1,4110,950,4191,1066,200717/DISK-11/101_WSCT/WSCT8364.JPG
200717,DISK-11,20200701,205412,34,1,4165,2025,4223,2110,200717/DISK-11/101_WSCT/WSCT8373.JPG
200717,DISK-11,20200701,205516,74,1,2471,1198,2575,1290,200717/DISK-11/101_WSCT/WSCT8374.JPG
200717,DISK-11,20200701,205620,48,1,2496,1203,2571,1304,200717/DISK-11/101_WSCT/WSCT8375.JPG
200717,DISK-11,20200701,205724,50,1,2520,1138,2593,1208,200717/DISK-11/101_WSCT/WSCT8376.JPG
200717,DISK-11,20200701,205828,84,1,2546,1170,2627,1293,200717/DISK-11/101_WSCT/WSCT8377.JPG
200717,DISK-11,20200701,210036,46,1,1817,1134,1884,1182,200717/DISK-11/101_WSCT/WSCT8379.JPG
200717,DISK-11,20200701,210036,78,1,2819,1382,2961,1472,200717/DISK-11/101_WSCT/WSCT8379.JPG
200717,DISK-11,20200701,210700,56,1,2018,1600,2084,1678,200717/DISK-11/101_WSCT/WSCT8385.JPG
200717,DISK-11,20200701,210804,87,1,2089,1254,2173,1372,200717/DISK-11/101_WSCT/WSCT8386.JPG
200717,DISK-11,20200701,210908,41,1,2374,1289,2479,1354,200717/DISK-11/101_WSCT/WSCT8387.JPG
200717,DISK-11,20200701,210908,83,1,1992,1440,2070,1549,200717/DISK-11/101_WSCT/WSCT8387.JPG
200717,DISK-11,20200701,211220,42,1,2679,2177,2755,2242,200717/DISK-11/101_WSCT/WSCT8390.JPG
200717,DISK-11,20200701,211532,31,1,4157,1595,4223,1665,200717/DISK-11/101_WSCT/WSCT8393.JPG
200717,DISK-11,20200701,211844,36,1,2580,2226,2644,2290,200717/DISK-11/101_WSCT/WSCT8396.JPG
200717,DISK-11,20200701,212052,54,1,2702,1337,2790,1388,200717/DISK-11/101_WSCT/WSCT8398.JPG
200717,DISK-11,20200701,212300,29,1,1710,886,1758,929,200717/DISK-11/101_WSCT/WSCT8400.JPG
200717,DISK-11,20200701,212404,40,1,571,2127,634,2171,200717/DISK-11/101_WSCT/WSCT8401.JPG
200717,DISK-11,20200701,212404,51,1,1905,1567,1969,1649,200717/DISK-11/101_WSCT/WSCT8401.JPG
200717,DISK-11,20200701,212508,31,1,2382,483,2453,543,200717/DISK-11/101_WSCT/WSCT8402.JPG
200717,DISK-11,20200701,212612,40,1,3869,1793,3954,1847,200717/DISK-11/101_WSCT/WSCT8403.JPG
200717,DISK-11,20200701,213028,36,1,1938,1202,2004,1276,200717/DISK-11/101_WSCT/WSCT8407.JPG
200717,DISK-11,20200701,213756,33,1,2407,754,2487,809,200717/DISK-11/101_WSCT/WSCT8414.JPG
200717,DISK-11,20200701,214212,26,1,3160,454,3225,529,200717/DISK-11/101_WSCT/WSCT8418.JPG
200717,DISK-11,20200701,214316,41,1,1928,1194,1993,1267,200717/DISK-11/101_WSCT/WSCT8419.JPG
200717,DISK-11,20200701,214940,48,1,1824,1138,1898,1185,200717/DISK-11/101_WSCT/WSCT8425.JPG
200717,DISK-11,20200701,215356,47,1,3747,1889,3848,2008,200717/DISK-11/101_WSCT/WSCT8429.JPG
200717,DISK-11,20200701,215604,43,1,3746,1891,3846,2005,200717/DISK-11/101_WSCT/WSCT8431.JPG
200717,DISK-11,20200702,060526,42,1,1898,1373,2019,1460,200717/DISK-11/101_WSCT/WSCT8440.JPG
200717,DISK-11,20200702,061046,36,1,1947,1404,2035,1460,200717/DISK-11/101_WSCT/WSCT8445.JPG
200717,DISK-11,20200702,062126,41,1,1800,980,1863,1054,200717/DISK-11/101_WSCT/WSCT8455.JPG
200717,DISK-11,20200702,062126,42,1,1770,1149,1847,1201,200717/DISK-11/101_WSCT/WSCT8455.JPG
200717,DISK-11,20200702,062334,54,1,2543,1093,2609,1141,200717/DISK-11/101_WSCT/WSCT8457.JPG
200717,DISK-11,20200702,062542,71,1,2334,2071,2444,2162,200717/DISK-11/101_WSCT/WSCT8459.JPG
200717,DISK-11,20200702,063310,28,1,3764,1736,3858,1799,200717/DISK-11/101_WSCT/WSCT8466.JPG
200717,DISK-11,20200702,064252,33,1,3973,1954,4038,2019,200717/DISK-11/101_WSCT/WSCT8475.JPG
200717,DISK-11,20200702,064812,34,1,1938,1410,2026,1464,200717/DISK-11/101_WSCT/WSCT8480.JPG
200717,DISK-11,20200702,064916,29,1,2283,1522,2359,1587,200717/DISK-11/101_WSCT/WSCT8481.JPG
200717,DISK-11,20200702,065020,67,1,1775,1143,1860,1196,200717/DISK-11/101_WSCT/WSCT8482.JPG
200717,DISK-11,20200702,065852,32,1,1747,1150,1825,1207,200717/DISK-11/101_WSCT/WSCT8490.JPG
200717,DISK-11,20200702,070100,33,1,3756,1165,3825,1254,200717/DISK-11/101_WSCT/WSCT8492.JPG
200717,DISK-11,20200702,070100,71,1,2361,1577,2431,1634,200717/DISK-11/101_WSCT/WSCT8492.JPG
200717,DISK-11,20200702,071452,56,1,1944,1411,2037,1467,200717/DISK-11/101_WSCT/WSCT8505.JPG
200717,DISK-11,20200702,071556,65,1,1939,1407,2031,1465,200717/DISK-11/101_WSCT/WSCT8506.JPG
200717,DISK-11,20200702,071700,36,1,3294,1018,3352,1087,200717/DISK-11/101_WSCT/WSCT8507.JPG
200717,DISK-11,20200702,071804,30,1,1461,711,1519,770,200717/DISK-11/101_WSCT/WSCT8508.JPG
200717,DISK-11,20200702,071908,33,1,1465,702,1523,770,200717/DISK-11/101_WSCT/WSCT8509.JPG
200717,DISK-11,20200702,071908,56,1,1943,1410,2032,1468,200717/DISK-11/101_WSCT/WSCT8509.JPG
200717,DISK-11,20200702,072012,31,1,1943,1412,2025,1465,200717/DISK-11/101_WSCT/WSCT8510.JPG
200717,DISK-11,20200702,072012,60,1,1464,710,1521,767,200717/DISK-11/101_WSCT/WSCT8510.JPG
200717,DISK-11,20200702,072220,48,1,1463,708,1522,769,200717/DISK-11/101_WSCT/WSCT8512.JPG
200717,DISK-11,20200702,072740,31,1,1944,1414,2021,1469,200717/DISK-11/101_WSCT/WSCT8517.JPG
200717,DISK-11,20200702,072948,38,1,1946,1404,2028,1458,200717/DISK-11/101_WSCT/WSCT8519.JPG
200717,DISK-11,20200702,073404,40,1,1944,1404,2030,1459,200717/DISK-11/101_WSCT/WSCT8523.JPG
200717,DISK-11,20200702,073508,40,1,1950,1404,2046,1462,200717/DISK-11/101_WSCT/WSCT8524.JPG
200717,DISK-11,20200702,073932,30,1,809,716,888,769,200717/DISK-11/101_WSCT/WSCT8528.JPG
200717,DISK-11,20200702,074036,29,1,1942,1406,2024,1460,200717/DISK-11/101_WSCT/WSCT8529.JPG
200717,DISK-11,20200702,074556,42,1,1667,1428,1731,1488,200717/DISK-11/101_WSCT/WSCT8534.JPG
200717,DISK-11,20200702,074908,35,1,1939,1408,2026,1464,200717/DISK-11/101_WSCT/WSCT8537.JPG
200717,DISK-11,20200702,075012,32,1,1943,1407,2025,1461,200717/DISK-11/101_WSCT/WSCT8538.JPG
200717,DISK-11,20200702,075012,34,1,4156,2141,4223,2215,200717/DISK-11/101_WSCT/WSCT8538.JPG
200717,DISK-11,20200702,075532,27,1,4113,1539,4169,1604,200717/DISK-11/101_WSCT/WSCT8543.JPG
200717,DISK-11,20200702,075532,56,1,1947,1404,2036,1460,200717/DISK-11/101_WSCT/WSCT8543.JPG
200717,DISK-11,20200702,075740,51,1,1037,497,1115,551,200717/DISK-11/101_WSCT/WSCT8545.JPG
200717,DISK-11,20200702,075948,32,1,1525,1408,1606,1467,200717/DISK-11/101_WSCT/WSCT8547.JPG
200717,DISK-11,20200702,080202,47,1,1922,1167,2001,1249,200717/DISK-11/101_WSCT/WSCT8549.JPG
200717,DISK-11,20200702,081034,37,1,3502,808,3579,866,200717/DISK-11/101_WSCT/WSCT8557.JPG
200717,DISK-11,20200702,081554,28,1,493,246,562,309,200717/DISK-11/101_WSCT/WSCT8562.JPG
200717,DISK-11,20200702,083818,67,1,1369,1824,1451,1883,200717/DISK-11/101_WSCT/WSCT8583.JPG
200717,DISK-11,20200702,084026,34,1,3884,1301,3959,1375,200717/DISK-11/101_WSCT/WSCT8585.JPG
200717,DISK-11,20200702,084130,41,1,961,759,1084,843,200717/DISK-11/101_WSCT/WSCT8586.JPG
200717,DISK-11,20200702,085418,42,1,1429,849,1494,899,200717/DISK-11/101_WSCT/WSCT8598.JPG
200717,DISK-11,20200702,092514,47,1,1581,1929,1648,2009,200717/DISK-11/101_WSCT/WSCT8627.JPG
200717,DISK-11,20200702,092722,59,1,3834,1165,3912,1218,200717/DISK-11/101_WSCT/WSCT8629.JPG
200717,DISK-11,20200702,092826,45,1,2409,853,2489,940,200717/DISK-11/101_WSCT/WSCT8630.JPG
200717,DISK-11,20200702,093450,48,1,1912,1197,1986,1261,200717/DISK-11/101_WSCT/WSCT8636.JPG
200717,DISK-11,20200702,093914,64,1,1585,2066,1657,2119,200717/DISK-11/101_WSCT/WSCT8640.JPG
200717,DISK-11,20200702,094018,26,1,1952,1506,2039,1615,200717/DISK-11/101_WSCT/WSCT8641.JPG
200717,DISK-11,20200702,094018,72,1,2494,199,2606,301,200717/DISK-11/101_WSCT/WSCT8641.JPG
200717,DISK-11,20200702,094538,27,1,2260,1758,2351,1830,200717/DISK-11/101_WSCT/WSCT8646.JPG
200717,DISK-11,20200702,094642,28,1,983,1327,1065,1397,200717/DISK-11/101_WSCT/WSCT8647.JPG
200717,DISK-11,20200702,094850,30,1,937,826,1023,897,200717/DISK-11/101_WSCT/WSCT8649.JPG
200717,DISK-11,20200702,095058,49,1,3943,544,4078,688,200717/DISK-11/101_WSCT/WSCT8651.JPG
200717,DISK-11,20200702,095624,41,1,1926,1165,2002,1258,200717/DISK-11/101_WSCT/WSCT8656.JPG
200717,DISK-11,20200702,100352,51,1,3693,35,3981,203,200717/DISK-11/101_WSCT/WSCT8663.JPG
200717,DISK-11,20200702,101744,42,1,4175,1245,4224,1353,200717/DISK-11/101_WSCT/WSCT8676.JPG
200717,DISK-11,20200702,102200,45,1,1945,1506,2033,1610,200717/DISK-11/101_WSCT/WSCT8680.JPG
200717,DISK-11,20200702,102304,72,1,3010,1193,3092,1308,200717/DISK-11/101_WSCT/WSCT8681.JPG
200717,DISK-11,20200702,102408,80,1,3002,1283,3112,1484,200717/DISK-11/101_WSCT/WSCT8682.JPG
200717,DISK-11,20200702,102824,80,1,3961,2241,4137,2365,200717/DISK-11/101_WSCT/WSCT8686.JPG
200717,DISK-11,20200702,103240,37,1,3909,1443,4062,1563,200717/DISK-11/101_WSCT/WSCT8690.JPG
200717,DISK-11,20200702,103344,46,1,4005,1344,4196,1520,200717/DISK-11/101_WSCT/WSCT8691.JPG
200717,DISK-11,20200702,103904,75,1,4147,672,4224,841,200717/DISK-11/101_WSCT/WSCT8696.JPG
200717,DISK-11,20200702,104112,62,1,173,11,281,125,200717/DISK-11/101_WSCT/WSCT8698.JPG
200717,DISK-11,20200702,104216,58,1,900,868,1006,982,200717/DISK-11/101_WSCT/WSCT8699.JPG
200717,DISK-11,20200702,104320,46,1,651,660,783,760,200717/DISK-11/101_WSCT/WSCT8700.JPG
200717,DISK-11,20200702,104320,79,1,3046,1101,3193,1203,200717/DISK-11/101_WSCT/WSCT8700.JPG
200717,DISK-11,20200702,104424,73,1,2866,1967,3033,2095,200717/DISK-11/101_WSCT/WSCT8701.JPG
200717,DISK-11,20200702,104840,44,1,3445,727,3522,805,200717/DISK-11/101_WSCT/WSCT8705.JPG
200717,DISK-11,20200702,104944,62,1,3446,727,3542,795,200717/DISK-11/101_WSCT/WSCT8706.JPG
200717,DISK-11,20200702,105400,55,1,1945,1504,2027,1611,200717/DISK-11/101_WSCT/WSCT8710.JPG
200717,DISK-11,20200702,105712,34,1,2060,1193,2144,1304,200717/DISK-11/101_WSCT/WSCT8713.JPG
200717,DISK-11,20200702,111112,28,1,1447,718,1505,778,200717/DISK-11/101_WSCT/WSCT8726.JPG
200717,DISK-11,20200702,112920,35,1,1976,1500,2056,1603,200717/DISK-11/101_WSCT/WSCT8743.JPG
200717,DISK-11,20200702,113238,33,1,1133,370,1195,448,200717/DISK-11/101_WSCT/WSCT8746.JPG
200717,DISK-11,20200702,113550,28,1,2846,1430,2914,1502,200717/DISK-11/101_WSCT/WSCT8749.JPG
200717,DISK-11,20200702,114630,36,1,1722,1433,1805,1563,200717/DISK-11/101_WSCT/WSCT8759.JPG
200717,DISK-11,20200702,114630,59,1,1925,1485,2010,1601,200717/DISK-11/101_WSCT/WSCT8759.JPG
200717,DISK-11,20200702,115046,81,1,3018,2068,3104,2174,200717/DISK-11/101_WSCT/WSCT8763.JPG
200717,DISK-11,20200702,115606,40,1,156,441,250,502,200717/DISK-11/101_WSCT/WSCT8768.JPG
200717,DISK-11,20200702,115606,89,1,2772,1617,2907,1733,200717/DISK-11/101_WSCT/WSCT8768.JPG
200717,DISK-11,20200702,115814,45,1,2157,1330,2232,1427,200717/DISK-11/101_WSCT/WSCT8770.JPG
200717,DISK-11,20200702,115814,46,1,772,1272,861,1388,200717/DISK-11/101_WSCT/WSCT8770.JPG
200717,DISK-11,20200702,115918,62,1,1786,1627,1907,1705,200717/DISK-11/101_WSCT/WSCT8771.JPG
200717,DISK-11,20200702,120022,69,1,809,1377,882,1483,200717/DISK-11/101_WSCT/WSCT8772.JPG
200717,DISK-11,20200702,120334,40,1,2542,562,2616,659,200717/DISK-11/101_WSCT/WSCT8775.JPG
200717,DISK-11,20200702,120438,66,1,4040,1313,4171,1421,200717/DISK-11/101_WSCT/WSCT8776.JPG
200717,DISK-11,20200702,121206,77,1,705,1486,793,1577,200717/DISK-11/101_WSCT/WSCT8783.JPG
200717,DISK-11,20200702,121518,30,1,2984,238,3043,295,200717/DISK-11/101_WSCT/WSCT8786.JPG
200717,DISK-11,20200702,121622,45,1,2405,437,2497,550,200717/DISK-11/101_WSCT/WSCT8787.JPG
200717,DISK-11,20200702,121830,35,1,1766,1461,1850,1587,200717/DISK-11/101_WSCT/WSCT8789.JPG
200717,DISK-11,20200702,122038,56,1,3590,509,3680,589,200717/DISK-11/101_WSCT/WSCT8791.JPG
200717,DISK-11,20200702,122454,32,1,1950,1503,2030,1594,200717/DISK-11/101_WSCT/WSCT8795.JPG
200717,DISK-11,20200702,122454,44,1,1250,2271,1342,2356,200717/DISK-11/101_WSCT/WSCT8795.JPG
200717,DISK-11,20200702,122454,77,1,1746,1442,1831,1574,200717/DISK-11/101_WSCT/WSCT8795.JPG
200717,DISK-11,20200702,122806,37,1,2659,1798,2772,1871,200717/DISK-11/101_WSCT/WSCT8798.JPG
200717,DISK-11,20200702,123118,49,1,1735,1432,1838,1581,200717/DISK-11/101_WSCT/WSCT8801.JPG
200717,DISK-11,20200702,123742,48,1,2190,857,2272,919,200717/DISK-11/101_WSCT/WSCT8807.JPG
200717,DISK-11,20200702,123846,82,1,639,1451,730,1587,200717/DISK-11/101_WSCT/WSCT8808.JPG
200717,DISK-11,20200702,123950,47,1,280,1357,407,1451,200717/DISK-11/101_WSCT/WSCT8809.JPG
200717,DISK-11,20200702,124510,34,1,1441,720,1495,779,200717/DISK-11/101_WSCT/WSCT8814.JPG
200717,DISK-11,20200702,124510,48,1,1752,1428,1835,1561,200717/DISK-11/101_WSCT/WSCT8814.JPG
200717,DISK-11,20200702,124926,45,1,1417,688,1475,755,200717/DISK-11/101_WSCT/WSCT8818.JPG
200717,DISK-11,20200702,125030,39,1,753,865,836,976,200717/DISK-11/101_WSCT/WSCT8819.JPG
200717,DISK-11,20200702,125238,27,1,1404,693,1459,750,200717/DISK-11/101_WSCT/WSCT8821.JPG
200717,DISK-11,20200702,125446,32,1,3032,1763,3124,1835,200717/DISK-11/101_WSCT/WSCT8823.JPG
200717,DISK-11,20200702,125758,58,1,1751,1428,1837,1562,200717/DISK-11/101_WSCT/WSCT8826.JPG
200717,DISK-11,20200702,130214,81,1,3963,1684,4066,1834,200717/DISK-11/101_WSCT/WSCT8830.JPG
200717,DISK-11,20200702,130318,29,1,4080,1640,4208,1761,200717/DISK-11/101_WSCT/WSCT8831.JPG
200717,DISK-11,20200702,130526,76,1,3999,1369,4194,1546,200717/DISK-11/101_WSCT/WSCT8833.JPG
200717,DISK-11,20200702,130630,31,1,3632,1295,3700,1382,200717/DISK-11/101_WSCT/WSCT8834.JPG
200717,DISK-11,20200702,130942,62,1,3171,1706,3270,1761,200717/DISK-11/101_WSCT/WSCT8837.JPG
200717,DISK-11,20200702,131502,29,1,3272,1715,3337,1783,200717/DISK-11/101_WSCT/WSCT8842.JPG
200717,DISK-11,20200702,131814,31,1,888,261,986,324,200717/DISK-11/101_WSCT/WSCT8845.JPG
200717,DISK-11,20200702,132126,29,1,2494,185,2594,285,200717/DISK-11/101_WSCT/WSCT8848.JPG
200717,DISK-11,20200702,132542,35,1,3154,1109,3227,1180,200717/DISK-11/101_WSCT/WSCT8852.JPG
200717,DISK-11,20200702,132646,70,1,3163,1106,3257,1168,200717/DISK-11/101_WSCT/WSCT8853.JPG
200717,DISK-11,20200702,132854,45,1,1782,1752,1847,1815,200717/DISK-11/101_WSCT/WSCT8855.JPG
200717,DISK-11,20200702,133102,36,1,1415,697,1470,759,200717/DISK-11/101_WSCT/WSCT8857.JPG
200717,DISK-11,20200702,133310,34,1,1402,692,1459,757,200717/DISK-11/101_WSCT/WSCT8859.JPG
200717,DISK-11,20200702,133414,26,1,1395,695,1450,760,200717/DISK-11/101_WSCT/WSCT8860.JPG
200717,DISK-11,20200702,134038,27,1,1408,709,1463,769,200717/DISK-11/101_WSCT/WSCT8866.JPG
200717,DISK-11,20200702,134038,51,1,3940,1650,4044,1709,200717/DISK-11/101_WSCT/WSCT8866.JPG
200717,DISK-11,20200702,134806,27,1,1402,696,1461,763,200717/DISK-11/101_WSCT/WSCT8873.JPG
200717,DISK-11,20200702,134910,47,1,1917,1176,2001,1237,200717/DISK-11/101_WSCT/WSCT8874.JPG
200717,DISK-11,20200702,135846,28,1,1408,701,1462,760,200717/DISK-11/101_WSCT/WSCT8883.JPG
200717,DISK-11,20200702,135950,78,1,2761,1496,2924,1592,200717/DISK-11/101_WSCT/WSCT8884.JPG
200717,DISK-11,20200702,140054,34,1,1405,704,1459,765,200717/DISK-11/101_WSCT/WSCT8885.JPG
200717,DISK-11,20200702,140302,25,1,2475,711,2574,837,200717/DISK-11/101_WSCT/WSCT8887.JPG
200717,DISK-11,20200702,140718,26,1,1407,694,1462,760,200717/DISK-11/101_WSCT/WSCT8891.JPG
200717,DISK-11,20200702,140822,34,1,1406,705,1459,763,200717/DISK-11/101_WSCT/WSCT8892.JPG
200717,DISK-11,20200702,142838,40,1,1392,703,1446,763,200717/DISK-11/101_WSCT/WSCT8911.JPG
200717,DISK-11,20200702,142838,43,1,2411,1282,2483,1384,200717/DISK-11/101_WSCT/WSCT8911.JPG
200717,DISK-11,20200702,143814,57,1,1400,696,1457,758,200717/DISK-11/101_WSCT/WSCT8920.JPG
200717,DISK-11,20200702,144126,48,1,1406,678,1459,734,200717/DISK-11/101_WSCT/WSCT8923.JPG
200717,DISK-11,20200702,145518,43,1,766,2300,887,2374,200717/DISK-11/101_WSCT/WSCT8936.JPG
200717,DISK-11,20200702,145622,69,1,1585,1584,1670,1726,200717/DISK-11/101_WSCT/WSCT8937.JPG
200717,DISK-11,20200702,150702,40,1,1935,1364,2050,1467,200717/DISK-11/101_WSCT/WSCT8947.JPG
200717,DISK-11,20200702,151118,28,1,4159,2170,4222,2229,200717/DISK-11/101_WSCT/WSCT8951.JPG
200717,DISK-11,20200702,151326,27,1,3848,1134,3926,1203,200717/DISK-11/101_WSCT/WSCT8953.JPG
200717,DISK-11,20200702,153238,49,1,1393,703,1449,767,200717/DISK-11/101_WSCT/WSCT8971.JPG
200717,DISK-11,20200702,154214,31,1,1769,1147,1862,1204,200717/DISK-11/101_WSCT/WSCT8980.JPG
200717,DISK-11,20200702,154318,83,1,3683,587,3801,719,200717/DISK-11/101_WSCT/WSCT8981.JPG
200717,DISK-11,20200702,160126,37,1,2467,1672,2534,1748,200717/DISK-11/101_WSCT/WSCT8998.JPG
200717,DISK-11,20200702,160542,29,1,2376,2047,2439,2103,200717/DISK-11/101_WSCT/WSCT9002.JPG
200717,DISK-11,20200702,161206,45,1,3025,2086,3092,2152,200717/DISK-11/101_WSCT/WSCT9008.JPG
200717,DISK-11,20200702,162142,36,1,4158,2181,4224,2236,200717/DISK-11/101_WSCT/WSCT9017.JPG
200717,DISK-11,20200702,162558,49,1,1793,987,1866,1061,200717/DISK-11/101_WSCT/WSCT9021.JPG
200717,DISK-11,20200702,163014,28,1,3017,809,3090,892,200717/DISK-11/101_WSCT/WSCT9025.JPG
200717,DISK-11,20200702,163118,76,1,2923,794,3111,987,200717/DISK-11/101_WSCT/WSCT9026.JPG
200717,DISK-11,20200702,163222,26,1,1609,855,1709,928,200717/DISK-11/101_WSCT/WSCT9027.JPG
200717,DISK-11,20200702,163950,50,1,1399,690,1459,764,200717/DISK-11/101_WSCT/WSCT9034.JPG
200717,DISK-11,20200702,164302,41,1,2002,1915,2073,1965,200717/DISK-11/101_WSCT/WSCT9037.JPG
200717,DISK-11,20200702,164614,59,1,2748,2192,2826,2288,200717/DISK-11/101_WSCT/WSCT9040.JPG
200717,DISK-11,20200702,164718,31,1,2747,2196,2823,2288,200717/DISK-11/101_WSCT/WSCT9041.JPG
200717,DISK-11,20200702,164926,28,1,1948,1512,2025,1604,200717/DISK-11/101_WSCT/WSCT9043.JPG
200717,DISK-11,20200702,171254,31,1,4180,195,4224,262,200717/DISK-11/101_WSCT/WSCT9065.JPG
200717,DISK-11,20200702,171254,34,1,15,2096,114,2173,200717/DISK-11/101_WSCT/WSCT9065.JPG
200717,DISK-11,20200702,175846,25,1,190,39,253,83,200717/DISK-11/101_WSCT/WSCT9108.JPG
200717,DISK-11,20200702,175950,30,1,4187,344,4224,430,200717/DISK-11/101_WSCT/WSCT9109.JPG
200717,DISK-11,20200702,175950,53,1,4168,2168,4224,2243,200717/DISK-11/101_WSCT/WSCT9109.JPG
200717,DISK-11,20200702,180158,31,1,4093,1012,4224,1112,200717/DISK-11/101_WSCT/WSCT9111.JPG
200717,DISK-11,20200702,180406,48,1,1792,989,1862,1051,200717/DISK-11/101_WSCT/WSCT9113.JPG
200717,DISK-11,20200702,181240,25,1,1644,499,1705,572,200717/DISK-11/101_WSCT/WSCT9121.JPG
200717,DISK-11,20200702,181240,27,1,3739,1248,3828,1303,200717/DISK-11/101_WSCT/WSCT9121.JPG
200717,DISK-11,20200702,181550,51,1,939,2139,1022,2191,200717/DISK-11/101_WSCT/WSCT9124.JPG
200717,DISK-11,20200702,181654,36,1,1401,700,1460,767,200717/DISK-11/101_WSCT/WSCT9125.JPG
200717,DISK-11,20200702,181758,29,1,1816,977,1886,1060,200717/DISK-11/101_WSCT/WSCT9126.JPG
200717,DISK-11,20200702,181758,72,1,2636,1408,2743,1487,200717/DISK-11/101_WSCT/WSCT9126.JPG
200717,DISK-11,20200702,181902,38,1,1626,114,1686,185,200717/DISK-11/101_WSCT/WSCT9127.JPG
200717,DISK-11,20200702,182110,41,1,1398,688,1456,754,200717/DISK-11/101_WSCT/WSCT9129.JPG
200717,DISK-11,20200702,182526,33,1,1402,701,1460,766,200717/DISK-11/101_WSCT/WSCT9133.JPG
200717,DISK-11,20200702,182630,33,1,1401,692,1460,764,200717/DISK-11/101_WSCT/WSCT9134.JPG
200717,DISK-11,20200702,182630,39,1,1788,981,1858,1064,200717/DISK-11/101_WSCT/WSCT9134.JPG
200717,DISK-11,20200702,182942,28,1,3188,82,3255,133,200717/DISK-11/101_WSCT/WSCT9137.JPG
200717,DISK-11,20200702,183254,39,1,2291,1522,2353,1597,200717/DISK-11/101_WSCT/WSCT9140.JPG
200717,DISK-11,20200702,183358,25,1,0,1977,46,2041,200717/DISK-11/101_WSCT/WSCT9141.JPG
200717,DISK-11,20200702,183710,55,1,1823,967,1888,1049,200717/DISK-11/101_WSCT/WSCT9144.JPG
200717,DISK-11,20200702,184438,26,1,1401,697,1459,764,200717/DISK-11/101_WSCT/WSCT9151.JPG
200717,DISK-11,20200702,184646,27,1,1398,697,1455,761,200717/DISK-11/101_WSCT/WSCT9153.JPG
200717,DISK-11,20200702,184854,47,1,1402,699,1460,765,200717/DISK-11/101_WSCT/WSCT9155.JPG
200717,DISK-11,20200702,185310,72,1,1758,1653,1835,1753,200717/DISK-11/101_WSCT/WSCT9159.JPG
200717,DISK-11,20200702,185518,41,1,4169,2164,4223,2230,200717/DISK-11/101_WSCT/WSCT9161.JPG
200717,DISK-11,20200702,185622,32,1,1401,700,1460,766,200717/DISK-11/101_WSCT/WSCT9162.JPG
200717,DISK-11,20200702,185934,32,1,2363,1739,2442,1795,200717/DISK-11/101_WSCT/WSCT9165.JPG
200717,DISK-11,20200702,185934,36,1,2993,281,3077,334,200717/DISK-11/101_WSCT/WSCT9165.JPG
200717,DISK-11,20200702,190358,28,1,1400,700,1458,765,200717/DISK-11/101_WSCT/WSCT9169.JPG
200717,DISK-11,20200702,190358,29,1,3831,1890,3893,1961,200717/DISK-11/101_WSCT/WSCT9169.JPG
200717,DISK-11,20200702,190502,40,1,2935,959,3005,1053,200717/DISK-11/101_WSCT/WSCT9170.JPG
200717,DISK-11,20200702,190606,28,1,3976,96,4044,165,200717/DISK-11/101_WSCT/WSCT9171.JPG
200717,DISK-11,20200702,190606,48,1,1801,987,1863,1051,200717/DISK-11/101_WSCT/WSCT9171.JPG
200717,DISK-11,20200702,190814,29,1,1398,690,1459,763,200717/DISK-11/101_WSCT/WSCT9173.JPG
200717,DISK-11,20200702,191438,34,1,1796,995,1866,1071,200717/DISK-11/101_WSCT/WSCT9179.JPG
200717,DISK-11,20200702,191542,26,1,1400,713,1457,774,200717/DISK-11/101_WSCT/WSCT9180.JPG
200717,DISK-11,20200702,191542,34,1,2930,2090,3007,2143,200717/DISK-11/101_WSCT/WSCT9180.JPG
200717,DISK-11,20200702,191542,53,1,4184,2161,4224,2235,200717/DISK-11/101_WSCT/WSCT9180.JPG
200717,DISK-11,20200702,192622,68,1,2451,186,2544,267,200717/DISK-11/101_WSCT/WSCT9190.JPG
200717,DISK-11,20200702,192726,31,1,2275,1592,2351,1670,200717/DISK-11/101_WSCT/WSCT9191.JPG
200717,DISK-11,20200702,192726,68,1,2627,477,2716,571,200717/DISK-11/101_WSCT/WSCT9191.JPG
200717,DISK-11,20200702,192830,45,1,0,1944,46,2021,200717/DISK-11/101_WSCT/WSCT9192.JPG
200717,DISK-11,20200702,192830,84,1,2430,819,2541,886,200717/DISK-11/101_WSCT/WSCT9192.JPG
200717,DISK-11,20200702,192934,31,1,2148,1476,2215,1545,200717/DISK-11/101_WSCT/WSCT9193.JPG
200717,DISK-11,20200702,192934,79,1,2140,774,2249,840,200717/DISK-11/101_WSCT/WSCT9193.JPG
200717,DISK-11,20200702,193558,64,1,600,973,682,1025,200717/DISK-11/101_WSCT/WSCT9199.JPG
200717,DISK-11,20200702,194846,42,1,1802,986,1875,1066,200717/DISK-11/101_WSCT/WSCT9211.JPG
200717,DISK-11,20200702,195516,44,1,1807,987,1879,1063,200717/DISK-11/101_WSCT/WSCT9217.JPG
200717,DISK-11,20200702,195620,32,1,3896,1945,3963,1996,200717/DISK-11/101_WSCT/WSCT9218.JPG
200717,DISK-11,20200702,195828,75,1,2275,1528,2344,1605,200717/DISK-11/101_WSCT/WSCT9220.JPG
200717,DISK-11,20200702,195932,35,1,2519,1967,2585,2013,200717/DISK-11/101_WSCT/WSCT9221.JPG
200717,DISK-11,20200702,200140,40,1,1794,1129,1860,1192,200717/DISK-11/101_WSCT/WSCT9223.JPG
200717,DISK-11,20200702,200452,75,1,1790,989,1860,1059,200717/DISK-11/101_WSCT/WSCT9226.JPG
200717,DISK-11,20200702,200556,28,1,3255,298,3315,341,200717/DISK-11/101_WSCT/WSCT9227.JPG
200717,DISK-11,20200702,202156,41,1,1401,697,1461,766,200717/DISK-11/101_WSCT/WSCT9242.JPG
200717,DISK-11,20200702,204732,26,1,1838,1016,1898,1079,200717/DISK-11/101_WSCT/WSCT9266.JPG
200717,DISK-11,20200702,204940,41,1,1825,1023,1894,1086,200717/DISK-11/101_WSCT/WSCT9268.JPG
200717,DISK-11,20200702,205252,31,1,1402,702,1459,766,200717/DISK-11/101_WSCT/WSCT9271.JPG
200717,DISK-11,20200702,205708,43,1,4184,2163,4224,2236,200717/DISK-11/101_WSCT/WSCT9275.JPG
200717,DISK-11,20200702,210436,34,1,1403,695,1462,766,200717/DISK-11/101_WSCT/WSCT9282.JPG
200717,DISK-11,20200702,210748,28,1,1807,972,1873,1047,200717/DISK-11/101_WSCT/WSCT9285.JPG
200717,DISK-11,20200702,210956,30,1,2192,1444,2262,1497,200717/DISK-11/101_WSCT/WSCT9287.JPG
200717,DISK-11,20200702,211412,31,1,4157,2162,4222,2218,200717/DISK-11/101_WSCT/WSCT9291.JPG
200717,DISK-11,20200702,211620,41,1,1854,1044,1913,1108,200717/DISK-11/101_WSCT/WSCT9293.JPG
200717,DISK-11,20200702,211828,45,1,4174,2161,4223,2237,200717/DISK-11/101_WSCT/WSCT9295.JPG
200717,DISK-11,20200702,212038,32,1,1403,690,1462,759,200717/DISK-11/101_WSCT/WSCT9297.JPG
200717,DISK-11,20200702,212908,43,1,1404,697,1463,763,200717/DISK-11/101_WSCT/WSCT9305.JPG
200717,DISK-11,20200702,213220,38,1,1801,992,1872,1067,200717/DISK-11/101_WSCT/WSCT9308.JPG
200717,DISK-11,20200702,214404,42,1,4176,2154,4223,2221,200717/DISK-11/101_WSCT/WSCT9319.JPG
200717,DISK-11,20200702,214508,45,1,4161,2150,4221,2209,200717/DISK-11/101_WSCT/WSCT9320.JPG
200717,DISK-11,20200702,214924,49,1,3180,40,3254,97,200717/DISK-11/101_WSCT/WSCT9324.JPG
200717,DISK-11,20200702,215028,29,1,3180,44,3245,99,200717/DISK-11/101_WSCT/WSCT9325.JPG
200717,DISK-11,20200702,215028,59,1,4165,1385,4224,1471,200717/DISK-11/101_WSCT/WSCT9325.JPG
200717,DISK-11,20200702,215132,28,1,1402,700,1462,766,200717/DISK-11/101_WSCT/WSCT9326.JPG
200717,DISK-11,20200702,215132,39,1,3168,33,3236,104,200717/DISK-11/101_WSCT/WSCT9326.JPG
200717,DISK-11,20200702,215132,42,1,3943,1247,4072,1357,200717/DISK-11/101_WSCT/WSCT9326.JPG
200717,DISK-11,20200702,215132,45,1,1796,1140,1883,1198,200717/DISK-11/101_WSCT/WSCT9326.JPG
200717,DISK-11,20200702,215236,37,1,3170,25,3245,96,200717/DISK-11/101_WSCT/WSCT9327.JPG
200717,DISK-11,20200702,215340,32,1,3194,37,3260,100,200717/DISK-11/101_WSCT/WSCT9328.JPG
200717,DISK-11,20200702,215340,36,1,1402,698,1463,765,200717/DISK-11/101_WSCT/WSCT9328.JPG
200717,DISK-11,20200702,215340,86,1,3925,1222,4056,1348,200717/DISK-11/101_WSCT/WSCT9328.JPG
200717,DISK-11,20200702,215444,56,1,3772,1368,3853,1489,200717/DISK-11/101_WSCT/WSCT9329.JPG
200717,DISK-11,20200702,215548,46,1,3767,1374,3860,1500,200717/DISK-11/101_WSCT/WSCT9330.JPG
200717,DISK-11,20200702,215652,78,1,3764,1366,3889,1497,200717/DISK-11/101_WSCT/WSCT9331.JPG
200717,DISK-11,20200702,215756,85,1,3958,1280,4041,1394,200717/DISK-11/101_WSCT/WSCT9332.JPG
200717,DISK-11,20200702,215900,87,1,3824,1262,3951,1377,200717/DISK-11/101_WSCT/WSCT9333.JPG
200717,DISK-11,20200702,220004,34,1,3819,1360,3959,1439,200717/DISK-11/101_WSCT/WSCT9334.JPG
200717,DISK-11,20200703,060214,38,1,1191,494,1259,573,200717/DISK-11/101_WSCT/WSCT9337.JPG
200717,DISK-11,20200703,060214,45,1,3144,1457,3227,1543,200717/DISK-11/101_WSCT/WSCT9337.JPG
200717,DISK-11,20200703,060422,37,1,1111,540,1189,635,200717/DISK-11/101_WSCT/WSCT9339.JPG
200717,DISK-11,20200703,060734,52,1,3206,1214,3288,1312,200717/DISK-11/101_WSCT/WSCT9342.JPG
200717,DISK-11,20200703,061046,53,1,1813,1120,1891,1169,200717/DISK-11/101_WSCT/WSCT9345.JPG
200717,DISK-11,20200703,061254,51,1,1115,536,1189,629,200717/DISK-11/101_WSCT/WSCT9347.JPG
200717,DISK-11,20200703,061358,36,1,1112,546,1181,642,200717/DISK-11/101_WSCT/WSCT9348.JPG
200717,DISK-11,20200703,061606,47,1,1113,545,1183,643,200717/DISK-11/101_WSCT/WSCT9350.JPG
200717,DISK-11,20200703,061814,58,1,1208,502,1315,580,200717/DISK-11/101_WSCT/WSCT9352.JPG
200717,DISK-11,20200703,062022,35,1,1657,511,1738,579,200717/DISK-11/101_WSCT/WSCT9354.JPG
200717,DISK-11,20200703,062230,30,1,2414,272,2470,337,200717/DISK-11/101_WSCT/WSCT9356.JPG
200717,DISK-11,20200703,062334,35,1,1644,499,1718,572,200717/DISK-11/101_WSCT/WSCT9357.JPG
200717,DISK-11,20200703,062438,72,1,1639,337,1729,422,200717/DISK-11/101_WSCT/WSCT9358.JPG
200717,DISK-11,20200703,062542,77,1,1619,215,1691,310,200717/DISK-11/101_WSCT/WSCT9359.JPG
200717,DISK-11,20200703,062646,33,1,1614,90,1687,180,200717/DISK-11/101_WSCT/WSCT9360.JPG
200717,DISK-11,20200703,062750,36,1,1617,92,1688,187,200717/DISK-11/101_WSCT/WSCT9361.JPG
200717,DISK-11,20200703,062958,40,1,1622,88,1699,191,200717/DISK-11/101_WSCT/WSCT9363.JPG
200717,DISK-11,20200703,063310,41,1,1094,298,1191,381,200717/DISK-11/101_WSCT/WSCT9366.JPG
200717,DISK-11,20200703,063414,55,1,968,239,1038,324,200717/DISK-11/101_WSCT/WSCT9367.JPG
200717,DISK-11,20200703,063726,40,1,1813,1014,1898,1083,200717/DISK-11/101_WSCT/WSCT9370.JPG
200717,DISK-11,20200703,063830,37,1,2859,1073,2937,1163,200717/DISK-11/101_WSCT/WSCT9371.JPG
200717,DISK-11,20200703,063830,44,1,2906,333,2981,396,200717/DISK-11/101_WSCT/WSCT9371.JPG
200717,DISK-11,20200703,063934,45,1,1723,1133,1794,1182,200717/DISK-11/101_WSCT/WSCT9372.JPG
200717,DISK-11,20200703,063934,61,1,2733,84,2803,178,200717/DISK-11/101_WSCT/WSCT9372.JPG
200717,DISK-11,20200703,063934,73,1,1807,993,1882,1062,200717/DISK-11/101_WSCT/WSCT9372.JPG
200717,DISK-11,20200703,064246,38,1,3695,1581,3763,1656,200717/DISK-11/101_WSCT/WSCT9375.JPG
200717,DISK-11,20200703,064454,25,1,1974,972,2031,1032,200717/DISK-11/101_WSCT/WSCT9377.JPG
200717,DISK-11,20200703,065014,45,1,3948,1718,4045,1792,200717/DISK-11/101_WSCT/WSCT9382.JPG
200717,DISK-11,20200703,065222,42,1,0,154,40,217,200717/DISK-11/101_WSCT/WSCT9384.JPG
200717,DISK-11,20200703,065638,58,1,2338,1281,2409,1336,200717/DISK-11/101_WSCT/WSCT9388.JPG
200717,DISK-11,20200703,070054,35,1,2281,723,2342,782,200717/DISK-11/101_WSCT/WSCT9392.JPG
200717,DISK-11,20200703,070718,43,1,2492,1682,2563,1744,200717/DISK-11/101_WSCT/WSCT9398.JPG
200717,DISK-11,20200703,071446,31,1,1799,1129,1892,1185,200717/DISK-11/101_WSCT/WSCT9405.JPG
200717,DISK-11,20200703,071446,32,1,3951,1626,4048,1691,200717/DISK-11/101_WSCT/WSCT9405.JPG
200717,DISK-11,20200703,071446,36,1,2284,717,2348,783,200717/DISK-11/101_WSCT/WSCT9405.JPG
200717,DISK-11,20200703,071902,25,1,2317,1836,2397,1889,200717/DISK-11/101_WSCT/WSCT9409.JPG
200717,DISK-11,20200703,072214,59,1,3829,1766,3911,1831,200717/DISK-11/101_WSCT/WSCT9412.JPG
200717,DISK-11,20200703,072318,28,1,3978,2048,4038,2109,200717/DISK-11/101_WSCT/WSCT9413.JPG
200717,DISK-11,20200703,073046,38,1,3135,1410,3191,1479,200717/DISK-11/101_WSCT/WSCT9420.JPG
200717,DISK-11,20200703,073358,31,1,862,2066,947,2140,200717/DISK-11/101_WSCT/WSCT9423.JPG
200717,DISK-11,20200703,073710,74,1,1812,1008,1903,1084,200717/DISK-11/101_WSCT/WSCT9426.JPG
200717,DISK-11,20200703,074126,44,1,1835,1009,1912,1077,200717/DISK-11/101_WSCT/WSCT9430.JPG
200717,DISK-11,20200703,074438,35,1,3932,1998,4021,2067,200717/DISK-11/101_WSCT/WSCT9433.JPG
200717,DISK-11,20200703,074750,47,1,627,2222,697,2294,200717/DISK-11/101_WSCT/WSCT9436.JPG
200717,DISK-11,20200703,074854,50,1,818,2148,902,2236,200717/DISK-11/101_WSCT/WSCT9437.JPG
200717,DISK-11,20200703,075622,31,1,1816,945,1871,1009,200717/DISK-11/101_WSCT/WSCT9444.JPG
200717,DISK-11,20200703,080038,47,1,1812,954,1871,1023,200717/DISK-11/101_WSCT/WSCT9448.JPG
200717,DISK-11,20200703,080246,53,1,1799,1134,1879,1190,200717/DISK-11/101_WSCT/WSCT9450.JPG
200717,DISK-11,20200703,080350,35,1,1,2042,85,2165,200717/DISK-11/101_WSCT/WSCT9451.JPG
200717,DISK-11,20200703,080454,66,1,3863,1472,3927,1550,200717/DISK-11/101_WSCT/WSCT9452.JPG
200717,DISK-11,20200703,080806,62,1,3267,646,3341,708,200717/DISK-11/101_WSCT/WSCT9455.JPG
200717,DISK-11,20200703,080910,69,1,1573,1297,1650,1371,200717/DISK-11/101_WSCT/WSCT9456.JPG
200717,DISK-11,20200703,082302,48,1,4156,1921,4224,2001,200717/DISK-11/101_WSCT/WSCT9469.JPG
200717,DISK-11,20200703,082718,58,1,1797,1007,1900,1080,200717/DISK-11/101_WSCT/WSCT9473.JPG
200717,DISK-11,20200703,083654,35,1,1821,1162,1888,1213,200717/DISK-11/101_WSCT/WSCT9482.JPG
200717,DISK-11,20200703,084734,26,1,1811,942,1870,1009,200717/DISK-11/101_WSCT/WSCT9492.JPG
200717,DISK-11,20200703,084734,70,1,3447,1014,3517,1070,200717/DISK-11/101_WSCT/WSCT9492.JPG
200717,DISK-11,20200703,090022,57,1,697,165,774,218,200717/DISK-11/101_WSCT/WSCT9504.JPG
200717,DISK-11,20200703,090750,45,1,3558,23,3637,122,200717/DISK-11/101_WSCT/WSCT9511.JPG
200717,DISK-11,20200703,091206,31,1,4153,189,4223,245,200717/DISK-11/101_WSCT/WSCT9515.JPG
200717,DISK-11,20200703,092350,31,1,2750,2191,2822,2270,200717/DISK-11/101_WSCT/WSCT9526.JPG
200717,DISK-11,20200703,092702,39,1,3157,1683,3251,1741,200717/DISK-11/101_WSCT/WSCT9529.JPG
200717,DISK-11,20200703,093950,34,1,2746,2186,2828,2272,200717/DISK-11/101_WSCT/WSCT9541.JPG
200717,DISK-11,20200703,093950,62,1,1783,996,1873,1057,200717/DISK-11/101_WSCT/WSCT9541.JPG
200717,DISK-11,20200703,100630,80,1,2119,1370,2194,1466,200717/DISK-11/101_WSCT/WSCT9566.JPG
200717,DISK-11,20200703,100838,42,1,2860,238,2934,285,200717/DISK-11/101_WSCT/WSCT9568.JPG
200717,DISK-11,20200703,102542,34,1,1996,557,2079,610,200717/DISK-11/101_WSCT/WSCT9584.JPG
200717,DISK-11,20200703,104702,47,1,1808,1137,1897,1200,200717/DISK-11/101_WSCT/WSCT9604.JPG
200717,DISK-11,20200703,110926,69,1,2917,789,3072,933,200717/DISK-11/101_WSCT/WSCT9625.JPG
200717,DISK-11,20200703,111030,28,1,1757,1735,1825,1811,200717/DISK-11/101_WSCT/WSCT9626.JPG
200717,DISK-11,20200703,111134,43,1,2915,796,3070,936,200717/DISK-11/101_WSCT/WSCT9627.JPG
200717,DISK-11,20200703,111238,49,1,1404,713,1461,778,200717/DISK-11/101_WSCT/WSCT9628.JPG
200717,DISK-11,20200703,112838,73,1,1811,1004,1895,1083,200717/DISK-11/101_WSCT/WSCT9643.JPG
200717,DISK-11,20200703,113814,35,1,1805,949,1879,1045,200717/DISK-11/101_WSCT/WSCT9652.JPG
200717,DISK-11,20200703,114334,66,1,2141,765,2204,839,200717/DISK-11/101_WSCT/WSCT9657.JPG
200717,DISK-11,20200703,114646,25,1,3007,341,3068,415,200717/DISK-11/101_WSCT/WSCT9660.JPG
200717,DISK-11,20200703,114646,33,1,1764,1149,1824,1221,200717/DISK-11/101_WSCT/WSCT9660.JPG
200717,DISK-11,20200703,114646,64,1,1803,990,1867,1059,200717/DISK-11/101_WSCT/WSCT9660.JPG
200717,DISK-11,20200703,115108,37,1,1786,997,1852,1056,200717/DISK-11/101_WSCT/WSCT9664.JPG
200717,DISK-11,20200703,115108,74,1,750,825,889,1020,200717/DISK-11/101_WSCT/WSCT9664.JPG
200717,DISK-11,20200703,120500,47,1,1807,984,1867,1057,200717/DISK-11/101_WSCT/WSCT9677.JPG
200717,DISK-11,20200703,120500,81,1,750,518,918,674,200717/DISK-11/101_WSCT/WSCT9677.JPG
200717,DISK-11,20200703,120604,48,1,2483,1758,2606,1912,200717/DISK-11/101_WSCT/WSCT9678.JPG
200717,DISK-11,20200703,120708,84,1,4028,1281,4172,1369,200717/DISK-11/101_WSCT/WSCT9679.JPG
200717,DISK-11,20200703,121436,33,1,1817,1161,1885,1215,200717/DISK-11/101_WSCT/WSCT9686.JPG
200717,DISK-11,20200703,121436,78,1,957,243,1055,426,200717/DISK-11/101_WSCT/WSCT9686.JPG
200717,DISK-11,20200703,121540,33,1,3892,1858,3961,1913,200717/DISK-11/101_WSCT/WSCT9687.JPG
200717,DISK-11,20200703,121540,83,1,2521,1617,2681,1789,200717/DISK-11/101_WSCT/WSCT9687.JPG
200717,DISK-11,20200703,121956,34,1,1782,994,1846,1060,200717/DISK-11/101_WSCT/WSCT9691.JPG
200717,DISK-11,20200703,122412,36,1,2617,2025,2684,2069,200717/DISK-11/101_WSCT/WSCT9695.JPG
200717,DISK-11,20200703,123348,33,1,1404,496,1462,555,200717/DISK-11/101_WSCT/WSCT9704.JPG
200717,DISK-11,20200703,123348,46,1,3812,1686,3916,1747,200717/DISK-11/101_WSCT/WSCT9704.JPG
200717,DISK-11,20200703,124428,27,1,1810,1011,1888,1078,200717/DISK-11/101_WSCT/WSCT9714.JPG
200717,DISK-11,20200703,124636,39,1,1802,975,1864,1050,200717/DISK-11/101_WSCT/WSCT9716.JPG
200717,DISK-11,20200703,124740,42,1,1791,1001,1862,1066,200717/DISK-11/101_WSCT/WSCT9717.JPG
200717,DISK-11,20200703,124740,59,1,1446,539,1529,591,200717/DISK-11/101_WSCT/WSCT9717.JPG
200717,DISK-11,20200703,125156,29,1,1813,977,1874,1046,200717/DISK-11/101_WSCT/WSCT9721.JPG
200717,DISK-11,20200703,125300,32,1,364,2285,429,2330,200717/DISK-11/101_WSCT/WSCT9722.JPG
200717,DISK-11,20200703,125820,27,1,2393,651,2452,716,200717/DISK-11/101_WSCT/WSCT9727.JPG
200717,DISK-11,20200703,125924,26,1,0,1921,36,2000,200717/DISK-11/101_WSCT/WSCT9728.JPG
200717,DISK-11,20200703,130548,63,1,1785,988,1862,1044,200717/DISK-11/101_WSCT/WSCT9734.JPG
200717,DISK-11,20200703,131212,38,1,3317,1553,3396,1604,200717/DISK-11/101_WSCT/WSCT9740.JPG
200717,DISK-11,20200703,131316,44,1,1824,1168,1892,1214,200717/DISK-11/101_WSCT/WSCT9741.JPG
200717,DISK-11,20200703,132252,28,1,2289,524,2343,592,200717/DISK-11/101_WSCT/WSCT9750.JPG
200717,DISK-11,20200703,133228,40,1,4124,239,4206,320,200717/DISK-11/101_WSCT/WSCT9759.JPG
200717,DISK-11,20200703,133436,26,1,1943,1395,2028,1458,200717/DISK-11/101_WSCT/WSCT9761.JPG
200717,DISK-11,20200703,133748,28,1,3132,1405,3196,1455,200717/DISK-11/101_WSCT/WSCT9764.JPG
200717,DISK-11,20200703,133748,35,1,2777,1184,2844,1243,200717/DISK-11/101_WSCT/WSCT9764.JPG
200717,DISK-11,20200703,133956,68,1,1794,977,1864,1063,200717/DISK-11/101_WSCT/WSCT9766.JPG
200717,DISK-11,20200703,134724,42,1,3990,2032,4071,2089,200717/DISK-11/101_WSCT/WSCT9773.JPG
200717,DISK-11,20200703,134828,56,1,2971,913,3062,972,200717/DISK-11/101_WSCT/WSCT9774.JPG
200717,DISK-11,20200703,135556,63,1,3418,718,3493,824,200717/DISK-11/101_WSCT/WSCT9781.JPG
200717,DISK-11,20200703,135806,28,1,3747,876,3808,935,200717/DISK-11/101_WSCT/WSCT9783.JPG
200717,DISK-11,20200703,140116,62,1,838,876,929,995,200717/DISK-11/101_WSCT/WSCT9786.JPG
200717,DISK-11,20200703,140220,25,1,2747,2158,2826,2237,200717/DISK-11/101_WSCT/WSCT9787.JPG
200717,DISK-11,20200703,140220,44,1,2311,76,2402,184,200717/DISK-11/101_WSCT/WSCT9787.JPG
200717,DISK-11,20200703,140324,65,1,1951,1208,2047,1274,200717/DISK-11/101_WSCT/WSCT9788.JPG
200717,DISK-11,20200703,140740,26,1,4107,613,4185,667,200717/DISK-11/101_WSCT/WSCT9792.JPG
200717,DISK-11,20200703,140844,44,1,243,2125,324,2173,200717/DISK-11/101_WSCT/WSCT9793.JPG
200717,DISK-11,20200703,141202,25,1,1184,1085,1259,1142,200717/DISK-11/101_WSCT/WSCT9796.JPG
200717,DISK-11,20200703,141308,29,1,1341,894,1398,942,200717/DISK-11/101_WSCT/WSCT9797.JPG
200717,DISK-11,20200703,141412,39,1,1879,967,1959,1055,200717/DISK-11/101_WSCT/WSCT9798.JPG
200717,DISK-11,20200703,141932,44,1,3651,969,3719,1020,200717/DISK-11/101_WSCT/WSCT9803.JPG
200717,DISK-11,20200703,142036,33,1,1815,972,1875,1040,200717/DISK-11/101_WSCT/WSCT9804.JPG
200717,DISK-11,20200703,142244,50,1,1824,1129,1897,1178,200717/DISK-11/101_WSCT/WSCT9806.JPG
200717,DISK-11,20200703,142908,48,1,1218,591,1401,689,200717/DISK-11/101_WSCT/WSCT9812.JPG
200717,DISK-11,20200703,143740,84,1,838,885,908,981,200717/DISK-11/101_WSCT/WSCT9820.JPG
200717,DISK-11,20200703,143844,28,1,1018,1316,1108,1384,200717/DISK-11/101_WSCT/WSCT9821.JPG
200717,DISK-11,20200703,144052,44,1,1650,1598,1720,1687,200717/DISK-11/101_WSCT/WSCT9823.JPG
200717,DISK-11,20200703,144404,72,1,1350,2037,1414,2089,200717/DISK-11/101_WSCT/WSCT9826.JPG
200717,DISK-11,20200703,144508,46,1,2387,2188,2452,2234,200717/DISK-11/101_WSCT/WSCT9827.JPG
200717,DISK-11,20200703,144612,46,1,4172,1342,4224,1415,200717/DISK-11/101_WSCT/WSCT9828.JPG
200717,DISK-11,20200703,144716,34,1,9,710,73,773,200717/DISK-11/101_WSCT/WSCT9829.JPG
200717,DISK-11,20200703,144820,51,1,4158,2140,4223,2201,200717/DISK-11/101_WSCT/WSCT9830.JPG
200717,DISK-11,20200703,145340,56,1,101,1781,174,1825,200717/DISK-11/101_WSCT/WSCT9835.JPG
200717,DISK-11,20200703,145340,61,1,4155,205,4221,277,200717/DISK-11/101_WSCT/WSCT9835.JPG
200717,DISK-11,20200703,150316,29,1,3686,1660,3755,1712,200717/DISK-11/101_WSCT/WSCT9844.JPG
200717,DISK-11,20200703,150836,25,1,1806,1003,1864,1062,200717/DISK-11/101_WSCT/WSCT9849.JPG
200717,DISK-11,20200703,151044,41,1,1570,1312,1643,1387,200717/DISK-11/101_WSCT/WSCT9851.JPG
200717,DISK-11,20200703,152020,33,1,2193,1824,2265,1882,200717/DISK-11/101_WSCT/WSCT9860.JPG
200717,DISK-11,20200703,152020,53,1,1794,985,1859,1053,200717/DISK-11/101_WSCT/WSCT9860.JPG
200717,DISK-11,20200703,152124,37,1,2280,715,2340,769,200717/DISK-11/101_WSCT/WSCT9861.JPG
200717,DISK-11,20200703,152228,56,1,2301,1182,2387,1234,200717/DISK-11/101_WSCT/WSCT9862.JPG
200717,DISK-11,20200703,152644,59,1,1797,980,1863,1057,200717/DISK-11/101_WSCT/WSCT9866.JPG
200717,DISK-11,20200703,153204,28,1,4183,2143,4223,2215,200717/DISK-11/101_WSCT/WSCT9871.JPG
200717,DISK-11,20200703,153308,57,1,2752,2170,2832,2264,200717/DISK-11/101_WSCT/WSCT9872.JPG
200717,DISK-11,20200703,153620,30,1,2251,451,2308,517,200717/DISK-11/101_WSCT/WSCT9875.JPG
200717,DISK-11,20200703,153724,25,1,2748,2164,2832,2263,200717/DISK-11/101_WSCT/WSCT9876.JPG
200717,DISK-11,20200703,154250,29,1,1470,80,1535,123,200717/DISK-11/101_WSCT/WSCT9881.JPG
200717,DISK-11,20200703,154354,27,1,1463,76,1531,123,200717/DISK-11/101_WSCT/WSCT9882.JPG
200717,DISK-11,20200703,154354,47,1,2746,2168,2825,2264,200717/DISK-11/101_WSCT/WSCT9882.JPG
200717,DISK-11,20200703,154458,26,1,1604,607,1656,665,200717/DISK-11/101_WSCT/WSCT9883.JPG
200717,DISK-11,20200703,154458,36,1,2748,2169,2825,2259,200717/DISK-11/101_WSCT/WSCT9883.JPG
200717,DISK-11,20200703,154706,27,1,1404,706,1461,769,200717/DISK-11/101_WSCT/WSCT9885.JPG
200717,DISK-11,20200703,154810,43,1,1404,704,1463,767,200717/DISK-11/101_WSCT/WSCT9886.JPG
200717,DISK-11,20200703,155642,38,1,4074,2072,4145,2127,200717/DISK-11/101_WSCT/WSCT9894.JPG
200717,DISK-11,20200703,155746,55,1,2264,1348,2329,1417,200717/DISK-11/101_WSCT/WSCT9895.JPG
200717,DISK-11,20200703,160058,37,1,2559,1164,2628,1210,200717/DISK-11/101_WSCT/WSCT9898.JPG
200717,DISK-11,20200703,160202,28,1,2747,2169,2824,2260,200717/DISK-11/101_WSCT/WSCT9899.JPG
200717,DISK-11,20200703,160306,33,1,2749,2167,2825,2261,200717/DISK-11/101_WSCT/WSCT9900.JPG
200717,DISK-11,20200703,160618,32,1,1818,946,1871,1001,200717/DISK-11/101_WSCT/WSCT9903.JPG
200717,DISK-11,20200703,160722,28,1,2814,1404,2880,1482,200717/DISK-11/101_WSCT/WSCT9904.JPG
200717,DISK-11,20200703,160826,51,1,3918,1112,3987,1159,200717/DISK-11/101_WSCT/WSCT9905.JPG
200717,DISK-11,20200703,161138,63,1,1795,995,1865,1057,200717/DISK-11/101_WSCT/WSCT9908.JPG
200717,DISK-11,20200703,161242,41,1,1805,985,1864,1049,200717/DISK-11/101_WSCT/WSCT9909.JPG
200717,DISK-11,20200703,161658,84,1,1552,1026,1653,1133,200717/DISK-11/101_WSCT/WSCT9913.JPG
200717,DISK-11,20200703,161802,73,1,2409,10,2481,81,200717/DISK-11/101_WSCT/WSCT9914.JPG
200717,DISK-11,20200703,162114,38,1,1403,707,1462,772,200717/DISK-11/101_WSCT/WSCT9917.JPG
200717,DISK-11,20200703,162738,50,1,1859,1082,1928,1149,200717/DISK-11/101_WSCT/WSCT9923.JPG
200717,DISK-11,20200703,163154,27,1,3840,1075,3909,1139,200717/DISK-11/101_WSCT/WSCT9927.JPG
200717,DISK-11,20200703,163610,58,1,603,2047,666,2112,200717/DISK-11/101_WSCT/WSCT9931.JPG
200717,DISK-11,20200703,163714,35,1,2450,1285,2514,1352,200717/DISK-11/101_WSCT/WSCT9932.JPG
200717,DISK-11,20200703,163714,45,1,2485,2257,2550,2305,200717/DISK-11/101_WSCT/WSCT9932.JPG
200717,DISK-11,20200703,163818,33,1,2593,1155,2663,1209,200717/DISK-11/101_WSCT/WSCT9933.JPG
200717,DISK-11,20200703,163818,34,1,1476,839,1547,900,200717/DISK-11/101_WSCT/WSCT9933.JPG
200717,DISK-11,20200703,164338,46,1,2558,2266,2627,2310,200717/DISK-11/101_WSCT/WSCT9938.JPG
200717,DISK-11,20200703,164546,51,1,2758,1136,2846,1206,200717/DISK-11/101_WSCT/WSCT9940.JPG
200717,DISK-11,20200703,164652,34,1,2629,1309,2707,1361,200717/DISK-11/101_WSCT/WSCT9941.JPG
200717,DISK-11,20200703,164754,64,1,2527,1348,2586,1415,200717/DISK-11/101_WSCT/WSCT9942.JPG
200717,DISK-11,20200703,164900,69,1,501,2188,571,2235,200717/DISK-11/101_WSCT/WSCT9943.JPG
200717,DISK-11,20200703,165002,29,1,3327,1928,3401,1989,200717/DISK-11/101_WSCT/WSCT9944.JPG
200717,DISK-11,20200703,165106,27,1,757,32,817,79,200717/DISK-11/101_WSCT/WSCT9945.JPG
200717,DISK-11,20200703,165210,32,1,3875,317,3943,371,200717/DISK-11/101_WSCT/WSCT9946.JPG
200717,DISK-11,20200703,165210,66,1,368,539,442,587,200717/DISK-11/101_WSCT/WSCT9946.JPG
200717,DISK-11,20200703,165418,29,1,712,1508,779,1588,200717/DISK-11/101_WSCT/WSCT9948.JPG
200717,DISK-11,20200703,165522,28,1,3891,1923,3958,1988,200717/DISK-11/101_WSCT/WSCT9949.JPG
200717,DISK-11,20200703,165626,54,1,1810,982,1871,1050,200717/DISK-11/101_WSCT/WSCT9950.JPG
200717,DISK-11,20200703,165730,29,1,2304,485,2362,567,200717/DISK-11/101_WSCT/WSCT9951.JPG
200717,DISK-11,20200703,165730,42,1,2456,1719,2521,1778,200717/DISK-11/101_WSCT/WSCT9951.JPG
200717,DISK-11,20200703,165730,60,1,3855,1929,3923,2003,200717/DISK-11/101_WSCT/WSCT9951.JPG
200717,DISK-11,20200703,165834,28,1,4091,166,4156,218,200717/DISK-11/101_WSCT/WSCT9952.JPG
200717,DISK-11,20200703,170042,27,1,1782,1542,1834,1597,200717/DISK-11/101_WSCT/WSCT9954.JPG
200717,DISK-11,20200703,170146,28,1,844,418,901,471,200717/DISK-11/101_WSCT/WSCT9955.JPG
200717,DISK-11,20200703,170250,29,1,1812,1142,1880,1191,200717/DISK-11/101_WSCT/WSCT9956.JPG
200717,DISK-11,20200703,170250,52,1,1170,1461,1253,1520,200717/DISK-11/101_WSCT/WSCT9956.JPG
200717,DISK-11,20200703,170458,28,1,2373,756,2445,802,200717/DISK-11/101_WSCT/WSCT9958.JPG
200717,DISK-11,20200703,170810,28,1,2544,1339,2606,1403,200717/DISK-11/101_WSCT/WSCT9961.JPG
200717,DISK-11,20200703,170810,46,1,2063,1849,2127,1925,200717/DISK-11/101_WSCT/WSCT9961.JPG
200717,DISK-11,20200703,170914,28,1,3536,2309,3608,2370,200717/DISK-11/101_WSCT/WSCT9962.JPG
200717,DISK-11,20200703,171330,38,1,2592,2171,2651,2212,200717/DISK-11/101_WSCT/WSCT9966.JPG
200717,DISK-11,20200703,171642,61,1,1005,1320,1099,1378,200717/DISK-11/101_WSCT/WSCT9969.JPG
200717,DISK-11,20200703,171746,32,1,1788,995,1865,1061,200717/DISK-11/101_WSCT/WSCT9970.JPG
200717,DISK-11,20200703,171850,46,1,2342,986,2423,1038,200717/DISK-11/101_WSCT/WSCT9971.JPG
200717,DISK-11,20200703,172058,45,1,2536,684,2597,741,200717/DISK-11/101_WSCT/WSCT9973.JPG
200717,DISK-11,20200703,172202,34,1,2382,1268,2442,1311,200717/DISK-11/101_WSCT/WSCT9974.JPG
200717,DISK-11,20200703,172202,58,1,2455,803,2526,847,200717/DISK-11/101_WSCT/WSCT9974.JPG
200717,DISK-11,20200703,172306,28,1,1792,998,1864,1068,200717/DISK-11/101_WSCT/WSCT9975.JPG
200717,DISK-11,20200703,172306,31,1,2325,747,2395,790,200717/DISK-11/101_WSCT/WSCT9975.JPG
200717,DISK-11,20200703,172410,50,1,1811,977,1884,1054,200717/DISK-11/101_WSCT/WSCT9976.JPG
200717,DISK-11,20200703,172410,72,1,3705,2078,3796,2177,200717/DISK-11/101_WSCT/WSCT9976.JPG
200717,DISK-11,20200703,172722,39,1,2364,1547,2423,1602,200717/DISK-11/101_WSCT/WSCT9979.JPG
200717,DISK-11,20200703,172826,49,1,2167,981,2223,1050,200717/DISK-11/101_WSCT/WSCT9980.JPG
200717,DISK-11,20200703,173034,42,1,2693,1376,2757,1450,200717/DISK-11/101_WSCT/WSCT9982.JPG
200717,DISK-11,20200703,173138,38,1,1821,975,1883,1046,200717/DISK-11/101_WSCT/WSCT9983.JPG
200717,DISK-11,20200703,173242,30,1,1795,983,1867,1056,200717/DISK-11/101_WSCT/WSCT9984.JPG
200717,DISK-11,20200703,173554,29,1,1462,911,1532,969,200717/DISK-11/101_WSCT/WSCT9987.JPG
200717,DISK-11,20200703,173658,38,1,1788,988,1859,1059,200717/DISK-11/101_WSCT/WSCT9988.JPG
200717,DISK-11,20200703,173802,64,1,3948,1339,4012,1410,200717/DISK-11/101_WSCT/WSCT9989.JPG
200717,DISK-11,20200703,173906,37,1,2305,490,2364,572,200717/DISK-11/101_WSCT/WSCT9990.JPG
200717,DISK-11,20200703,174010,33,1,1454,1950,1522,2000,200717/DISK-11/101_WSCT/WSCT9991.JPG
200717,DISK-11,20200703,174322,27,1,1520,687,1600,774,200717/DISK-11/101_WSCT/WSCT9994.JPG
200717,DISK-11,20200703,174322,30,1,1307,1022,1369,1095,200717/DISK-11/101_WSCT/WSCT9994.JPG
200717,DISK-11,20200703,174426,35,1,2359,788,2412,854,200717/DISK-11/101_WSCT/WSCT9995.JPG
200717,DISK-11,20200703,174530,30,1,3726,1282,3801,1334,200717/DISK-11/101_WSCT/WSCT9996.JPG
