200717,ECOS08,20200617,104146,64,1,963,868,1066,969,200717/ECOS08/101_WSCT/WSCT4131.JPG
200717,ECOS08,20200617,104446,37,1,962,867,1064,970,200717/ECOS08/101_WSCT/WSCT4134.JPG
200717,ECOS08,20200617,104646,29,1,963,869,1064,971,200717/ECOS08/101_WSCT/WSCT4136.JPG
200717,ECOS08,20200617,104746,27,1,965,869,1064,970,200717/ECOS08/101_WSCT/WSCT4137.JPG
200717,ECOS08,20200617,104846,37,1,963,869,1063,971,200717/ECOS08/101_WSCT/WSCT4138.JPG
200717,ECOS08,20200617,105346,26,1,3713,1804,3837,1920,200717/ECOS08/101_WSCT/WSCT4143.JPG
200717,ECOS08,20200617,105546,35,1,964,871,1063,969,200717/ECOS08/101_WSCT/WSCT4145.JPG
200717,ECOS08,20200617,105746,27,1,963,871,1065,971,200717/ECOS08/101_WSCT/WSCT4147.JPG
200717,ECOS08,20200617,105946,27,1,963,871,1064,971,200717/ECOS08/101_WSCT/WSCT4149.JPG
200717,ECOS08,20200617,110046,26,1,964,871,1064,971,200717/ECOS08/101_WSCT/WSCT4150.JPG
200717,ECOS08,20200617,110146,38,1,963,870,1066,973,200717/ECOS08/101_WSCT/WSCT4151.JPG
200717,ECOS08,20200617,110246,72,1,964,872,1064,972,200717/ECOS08/101_WSCT/WSCT4152.JPG
200717,ECOS08,20200617,111048,45,1,417,1490,559,1782,200717/ECOS08/101_WSCT/WSCT4160.JPG
200717,ECOS08,20200617,111146,33,1,436,1488,594,1779,200717/ECOS08/101_WSCT/WSCT4161.JPG
200717,ECOS08,20200617,111746,35,1,967,876,1064,976,200717/ECOS08/101_WSCT/WSCT4167.JPG
200717,ECOS08,20200617,112546,54,1,2392,656,2459,702,200717/ECOS08/101_WSCT/WSCT4175.JPG
200717,ECOS08,20200617,112646,31,1,2395,657,2457,706,200717/ECOS08/101_WSCT/WSCT4176.JPG
200717,ECOS08,20200617,112846,26,1,644,1963,711,2017,200717/ECOS08/101_WSCT/WSCT4178.JPG
200717,ECOS08,20200617,113346,35,1,1030,328,1102,400,200717/ECOS08/101_WSCT/WSCT4183.JPG
200717,ECOS08,20200617,113846,30,1,183,298,252,358,200717/ECOS08/101_WSCT/WSCT4188.JPG
200717,ECOS08,20200617,114846,44,1,4,767,108,837,200717/ECOS08/101_WSCT/WSCT4198.JPG
200717,ECOS08,20200617,115758,29,1,4102,1295,4171,1347,200717/ECOS08/101_WSCT/WSCT4207.JPG
200717,ECOS08,20200617,115858,42,1,845,2029,916,2072,200717/ECOS08/101_WSCT/WSCT4208.JPG
200717,ECOS08,20200617,120900,25,1,699,1179,797,1277,200717/ECOS08/101_WSCT/WSCT4218.JPG
200717,ECOS08,20200617,121400,43,1,964,883,1066,984,200717/ECOS08/101_WSCT/WSCT4223.JPG
200717,ECOS08,20200617,122100,28,1,605,203,653,252,200717/ECOS08/101_WSCT/WSCT4230.JPG
200717,ECOS08,20200617,122200,35,1,1449,1046,1529,1091,200717/ECOS08/101_WSCT/WSCT4231.JPG
200717,ECOS08,20200617,122500,54,1,965,886,1067,988,200717/ECOS08/101_WSCT/WSCT4234.JPG
200717,ECOS08,20200617,123800,37,1,695,1178,799,1289,200717/ECOS08/101_WSCT/WSCT4247.JPG
200717,ECOS08,20200617,123800,51,1,965,886,1066,989,200717/ECOS08/101_WSCT/WSCT4247.JPG
200717,ECOS08,20200617,123900,83,1,692,1181,799,1300,200717/ECOS08/101_WSCT/WSCT4248.JPG
200717,ECOS08,20200617,125400,51,1,790,1688,858,1735,200717/ECOS08/101_WSCT/WSCT4263.JPG
200717,ECOS08,20200617,130700,51,1,4109,1226,4163,1272,200717/ECOS08/101_WSCT/WSCT4276.JPG
200717,ECOS08,20200617,131000,36,1,563,1339,611,1391,200717/ECOS08/101_WSCT/WSCT4279.JPG
200717,ECOS08,20200617,131500,39,1,1507,204,1569,249,200717/ECOS08/101_WSCT/WSCT4284.JPG
200717,ECOS08,20200617,132458,49,1,0,263,94,337,200717/ECOS08/101_WSCT/WSCT4294.JPG
200717,ECOS08,20200617,134700,45,1,644,1558,724,1622,200717/ECOS08/101_WSCT/WSCT4316.JPG
200717,ECOS08,20200617,135700,52,1,2702,203,2765,246,200717/ECOS08/101_WSCT/WSCT4326.JPG
200717,ECOS08,20200617,135800,61,1,838,1917,929,2097,200717/ECOS08/101_WSCT/WSCT4327.JPG
200717,ECOS08,20200617,140800,31,1,1775,2127,1830,2178,200717/ECOS08/101_WSCT/WSCT4337.JPG
200717,ECOS08,20200617,142000,29,1,1590,964,1683,1028,200717/ECOS08/101_WSCT/WSCT4349.JPG
200717,ECOS08,20200617,142700,48,1,1590,964,1683,1027,200717/ECOS08/101_WSCT/WSCT4356.JPG
200717,ECOS08,20200617,143000,40,1,1587,963,1684,1026,200717/ECOS08/101_WSCT/WSCT4359.JPG
200717,ECOS08,20200617,143400,45,1,1592,964,1682,1028,200717/ECOS08/101_WSCT/WSCT4363.JPG
200717,ECOS08,20200617,144100,58,1,1706,529,1939,695,200717/ECOS08/101_WSCT/WSCT4370.JPG
200717,ECOS08,20200617,144200,27,1,1733,357,1808,405,200717/ECOS08/101_WSCT/WSCT4371.JPG
200717,ECOS08,20200617,144658,38,1,1893,1564,1950,1626,200717/ECOS08/101_WSCT/WSCT4376.JPG
200717,ECOS08,20200617,144958,27,1,1104,1005,1154,1050,200717/ECOS08/101_WSCT/WSCT4379.JPG
200717,ECOS08,20200617,145258,46,1,1052,1994,1138,2045,200717/ECOS08/101_WSCT/WSCT4382.JPG
200717,ECOS08,20200617,145358,27,1,2712,2246,2766,2306,200717/ECOS08/101_WSCT/WSCT4383.JPG
200717,ECOS08,20200617,145358,35,1,1588,965,1680,1032,200717/ECOS08/101_WSCT/WSCT4383.JPG
200717,ECOS08,20200617,145358,37,1,1893,1568,1949,1627,200717/ECOS08/101_WSCT/WSCT4383.JPG
200717,ECOS08,20200617,145558,32,1,2155,740,2219,779,200717/ECOS08/101_WSCT/WSCT4385.JPG
200717,ECOS08,20200617,145800,49,1,1734,967,1815,1037,200717/ECOS08/101_WSCT/WSCT4387.JPG
200717,ECOS08,20200617,145800,54,1,2101,1352,2214,1444,200717/ECOS08/101_WSCT/WSCT4387.JPG
200717,ECOS08,20200617,145800,63,1,892,1300,1041,1480,200717/ECOS08/101_WSCT/WSCT4387.JPG
200717,ECOS08,20200617,145900,37,1,2033,1432,2127,1529,200717/ECOS08/101_WSCT/WSCT4388.JPG
200717,ECOS08,20200617,145900,40,1,1445,1204,1547,1273,200717/ECOS08/101_WSCT/WSCT4388.JPG
200717,ECOS08,20200617,150000,40,1,2673,354,2745,423,200717/ECOS08/101_WSCT/WSCT4389.JPG
200717,ECOS08,20200617,150100,53,1,2009,1490,2116,1584,200717/ECOS08/101_WSCT/WSCT4390.JPG
200717,ECOS08,20200617,150200,60,1,1703,1152,1817,1213,200717/ECOS08/101_WSCT/WSCT4391.JPG
200717,ECOS08,20200617,150400,49,1,289,1947,565,2047,200717/ECOS08/101_WSCT/WSCT4393.JPG
200717,ECOS08,20200617,150400,58,1,1583,1427,1689,1512,200717/ECOS08/101_WSCT/WSCT4393.JPG
200717,ECOS08,20200617,150500,30,1,1268,1955,1333,2020,200717/ECOS08/101_WSCT/WSCT4394.JPG
200717,ECOS08,20200617,150500,37,1,1652,1238,1716,1295,200717/ECOS08/101_WSCT/WSCT4394.JPG
200717,ECOS08,20200617,151000,73,1,859,1050,1107,1325,200717/ECOS08/101_WSCT/WSCT4399.JPG
200717,ECOS08,20200617,151100,43,1,166,886,429,1193,200717/ECOS08/101_WSCT/WSCT4400.JPG
200717,ECOS08,20200617,151300,58,1,1889,1570,1949,1633,200717/ECOS08/101_WSCT/WSCT4402.JPG
200717,ECOS08,20200617,151400,73,1,2072,2019,2191,2091,200717/ECOS08/101_WSCT/WSCT4403.JPG
200717,ECOS08,20200617,151500,27,1,2065,2094,2158,2148,200717/ECOS08/101_WSCT/WSCT4404.JPG
200717,ECOS08,20200617,151500,59,1,2134,163,2230,228,200717/ECOS08/101_WSCT/WSCT4404.JPG
200717,ECOS08,20200617,151700,36,1,781,1855,914,1962,200717/ECOS08/101_WSCT/WSCT4406.JPG
200717,ECOS08,20200617,151800,34,1,2042,310,2131,391,200717/ECOS08/101_WSCT/WSCT4407.JPG
200717,ECOS08,20200617,151800,36,1,756,295,1131,426,200717/ECOS08/101_WSCT/WSCT4407.JPG
200717,ECOS08,20200617,151800,39,1,576,2171,773,2363,200717/ECOS08/101_WSCT/WSCT4407.JPG
200717,ECOS08,20200617,151800,53,1,675,1366,877,1724,200717/ECOS08/101_WSCT/WSCT4407.JPG
200717,ECOS08,20200617,151800,56,1,2190,1788,2402,2069,200717/ECOS08/101_WSCT/WSCT4407.JPG
200717,ECOS08,20200617,151900,40,1,434,2239,509,2309,200717/ECOS08/101_WSCT/WSCT4408.JPG
200717,ECOS08,20200617,152300,62,1,1277,505,1513,611,200717/ECOS08/101_WSCT/WSCT4412.JPG
200717,ECOS08,20200617,152400,28,1,2386,601,2671,838,200717/ECOS08/101_WSCT/WSCT4413.JPG
200717,ECOS08,20200617,152400,51,1,569,1072,895,1549,200717/ECOS08/101_WSCT/WSCT4413.JPG
200717,ECOS08,20200617,152600,34,1,3761,1435,4183,1572,200717/ECOS08/101_WSCT/WSCT4415.JPG
200717,ECOS08,20200617,152900,33,1,1590,144,1691,236,200717/ECOS08/101_WSCT/WSCT4418.JPG
200717,ECOS08,20200617,152900,38,1,4047,0,4161,73,200717/ECOS08/101_WSCT/WSCT4418.JPG
200717,ECOS08,20200617,152900,39,1,3663,156,3743,243,200717/ECOS08/101_WSCT/WSCT4418.JPG
200717,ECOS08,20200617,152900,44,1,2723,1766,2822,1844,200717/ECOS08/101_WSCT/WSCT4418.JPG
200717,ECOS08,20200617,153100,42,1,1607,145,1707,251,200717/ECOS08/101_WSCT/WSCT4420.JPG
200717,ECOS08,20200617,153100,48,1,3943,1363,4009,1447,200717/ECOS08/101_WSCT/WSCT4420.JPG
200717,ECOS08,20200617,153200,61,1,4134,5,4224,180,200717/ECOS08/101_WSCT/WSCT4421.JPG
200717,ECOS08,20200617,153300,31,1,202,1764,377,2031,200717/ECOS08/101_WSCT/WSCT4422.JPG
200717,ECOS08,20200617,153300,83,1,1442,1795,1782,2072,200717/ECOS08/101_WSCT/WSCT4422.JPG
200717,ECOS08,20200617,153400,53,1,1829,252,1981,363,200717/ECOS08/101_WSCT/WSCT4423.JPG
200717,ECOS08,20200617,153500,41,1,3375,125,3492,243,200717/ECOS08/101_WSCT/WSCT4424.JPG
200717,ECOS08,20200617,153500,44,1,2976,188,3107,296,200717/ECOS08/101_WSCT/WSCT4424.JPG
200717,ECOS08,20200617,153500,50,1,1141,3,1297,156,200717/ECOS08/101_WSCT/WSCT4424.JPG
200717,ECOS08,20200617,153600,27,1,1516,378,1610,453,200717/ECOS08/101_WSCT/WSCT4425.JPG
200717,ECOS08,20200617,153600,52,1,2004,258,2141,365,200717/ECOS08/101_WSCT/WSCT4425.JPG
200717,ECOS08,20200617,153700,37,1,1549,325,1666,437,200717/ECOS08/101_WSCT/WSCT4426.JPG
200717,ECOS08,20200617,153700,38,1,1897,318,2071,430,200717/ECOS08/101_WSCT/WSCT4426.JPG
200717,ECOS08,20200617,153700,40,1,189,1867,409,2211,200717/ECOS08/101_WSCT/WSCT4426.JPG
200717,ECOS08,20200617,153806,28,1,1796,410,1981,533,200717/ECOS08/101_WSCT/WSCT4427.JPG
200717,ECOS08,20200617,153806,50,1,1317,520,1435,625,200717/ECOS08/101_WSCT/WSCT4427.JPG
200717,ECOS08,20200617,153806,76,1,1965,1707,2315,2021,200717/ECOS08/101_WSCT/WSCT4427.JPG
200717,ECOS08,20200617,153912,82,1,2067,2013,2463,2366,200717/ECOS08/101_WSCT/WSCT4428.JPG
200717,ECOS08,20200617,154014,46,1,2611,2071,2770,2174,200717/ECOS08/101_WSCT/WSCT4429.JPG
200717,ECOS08,20200617,154014,59,1,1751,1492,2072,1835,200717/ECOS08/101_WSCT/WSCT4429.JPG
200717,ECOS08,20200617,154114,83,1,1895,483,2059,600,200717/ECOS08/101_WSCT/WSCT4430.JPG
200717,ECOS08,20200617,154214,68,1,1735,485,1894,589,200717/ECOS08/101_WSCT/WSCT4431.JPG
200717,ECOS08,20200617,154314,58,1,1753,595,1931,745,200717/ECOS08/101_WSCT/WSCT4432.JPG
200717,ECOS08,20200617,154314,64,1,3761,555,3870,656,200717/ECOS08/101_WSCT/WSCT4432.JPG
200717,ECOS08,20200617,154414,27,1,2060,2011,2428,2308,200717/ECOS08/101_WSCT/WSCT4433.JPG
200717,ECOS08,20200617,154814,49,1,4115,627,4224,753,200717/ECOS08/101_WSCT/WSCT4437.JPG
200717,ECOS08,20200617,155014,25,1,2034,1833,2088,1887,200717/ECOS08/101_WSCT/WSCT4439.JPG
200717,ECOS08,20200617,155014,36,1,2082,2192,2427,2376,200717/ECOS08/101_WSCT/WSCT4439.JPG
200717,ECOS08,20200617,155014,38,1,1345,1577,1700,1833,200717/ECOS08/101_WSCT/WSCT4439.JPG
200717,ECOS08,20200617,155014,41,1,1419,860,1560,956,200717/ECOS08/101_WSCT/WSCT4439.JPG
200717,ECOS08,20200617,155114,28,1,3207,2,3386,217,200717/ECOS08/101_WSCT/WSCT4440.JPG
200717,ECOS08,20200617,155114,43,1,1975,777,2119,883,200717/ECOS08/101_WSCT/WSCT4440.JPG
200717,ECOS08,20200617,155114,73,1,2226,1759,2497,2043,200717/ECOS08/101_WSCT/WSCT4440.JPG
200717,ECOS08,20200617,155114,74,1,1069,1626,1292,1952,200717/ECOS08/101_WSCT/WSCT4440.JPG
200717,ECOS08,20200617,155314,57,1,4099,868,4216,985,200717/ECOS08/101_WSCT/WSCT4442.JPG
200717,ECOS08,20200617,155614,42,1,4047,869,4149,965,200717/ECOS08/101_WSCT/WSCT4445.JPG
200717,ECOS08,20200617,155714,70,1,2433,1996,2612,2208,200717/ECOS08/101_WSCT/WSCT4446.JPG
200717,ECOS08,20200617,155814,70,1,1084,1769,1338,2098,200717/ECOS08/101_WSCT/WSCT4447.JPG
200717,ECOS08,20200617,155914,62,1,2272,2014,2497,2242,200717/ECOS08/101_WSCT/WSCT4448.JPG
200717,ECOS08,20200617,160314,27,1,4009,1354,4116,1466,200717/ECOS08/101_WSCT/WSCT4452.JPG
200717,ECOS08,20200617,160514,40,1,3994,1435,4112,1555,200717/ECOS08/101_WSCT/WSCT4454.JPG
200717,ECOS08,20200617,160614,48,1,3950,1468,4044,1556,200717/ECOS08/101_WSCT/WSCT4455.JPG
200717,ECOS08,20200617,160914,54,1,1302,356,1560,647,200717/ECOS08/101_WSCT/WSCT4458.JPG
200717,ECOS08,20200617,161114,27,1,944,615,1035,699,200717/ECOS08/101_WSCT/WSCT4460.JPG
200717,ECOS08,20200617,161114,78,1,3888,1736,4015,1854,200717/ECOS08/101_WSCT/WSCT4460.JPG
200717,ECOS08,20200617,161214,31,1,0,593,60,673,200717/ECOS08/101_WSCT/WSCT4461.JPG
200717,ECOS08,20200617,161314,57,1,3983,1809,4087,1920,200717/ECOS08/101_WSCT/WSCT4462.JPG
200717,ECOS08,20200617,161512,51,1,3967,1893,4088,2010,200717/ECOS08/101_WSCT/WSCT4464.JPG
200717,ECOS08,20200617,161712,26,1,1275,1928,1352,1998,200717/ECOS08/101_WSCT/WSCT4466.JPG
200717,ECOS08,20200617,162220,39,1,1617,1545,1693,1626,200717/ECOS08/101_WSCT/WSCT4471.JPG
200717,ECOS08,20200617,163220,30,1,4095,1643,4156,1703,200717/ECOS08/101_WSCT/WSCT4481.JPG
200717,ECOS08,20200617,173520,37,1,2766,100,2843,195,200717/ECOS08/101_WSCT/WSCT4544.JPG
200717,ECOS08,20200617,173920,25,1,237,927,326,994,200717/ECOS08/101_WSCT/WSCT4548.JPG
200717,ECOS08,20200617,175920,27,1,3989,1813,4049,1886,200717/ECOS08/101_WSCT/WSCT4568.JPG
200717,ECOS08,20200617,181220,25,1,3140,2162,3192,2230,200717/ECOS08/101_WSCT/WSCT4581.JPG
200717,ECOS08,20200617,181720,26,1,2137,187,2192,232,200717/ECOS08/101_WSCT/WSCT4586.JPG
200717,ECOS08,20200617,183420,31,1,1781,936,1851,980,200717/ECOS08/101_WSCT/WSCT4603.JPG
200717,ECOS08,20200617,184720,44,1,1902,1175,1970,1216,200717/ECOS08/101_WSCT/WSCT4616.JPG
200717,ECOS08,20200617,191520,32,1,82,1313,136,1353,200717/ECOS08/101_WSCT/WSCT4644.JPG
200717,ECOS08,20200617,193120,40,1,1420,981,1479,1037,200717/ECOS08/101_WSCT/WSCT4660.JPG
200717,ECOS08,20200617,194020,46,1,1291,1177,1364,1226,200717/ECOS08/101_WSCT/WSCT4669.JPG
200717,ECOS08,20200617,194120,27,1,3732,1921,3785,1968,200717/ECOS08/101_WSCT/WSCT4670.JPG
200717,ECOS08,20200617,194120,56,1,169,1093,235,1136,200717/ECOS08/101_WSCT/WSCT4670.JPG
200717,ECOS08,20200617,194220,29,1,1227,1828,1287,1875,200717/ECOS08/101_WSCT/WSCT4671.JPG
200717,ECOS08,20200617,194320,35,1,639,1698,714,1748,200717/ECOS08/101_WSCT/WSCT4672.JPG
200717,ECOS08,20200617,194320,52,1,1303,1144,1357,1186,200717/ECOS08/101_WSCT/WSCT4672.JPG
200717,ECOS08,20200617,194320,59,1,2035,156,2097,196,200717/ECOS08/101_WSCT/WSCT4672.JPG
200717,ECOS08,20200617,194420,32,1,3993,1964,4050,2007,200717/ECOS08/101_WSCT/WSCT4673.JPG
200717,ECOS08,20200617,194420,49,1,2034,156,2095,196,200717/ECOS08/101_WSCT/WSCT4673.JPG
200717,ECOS08,20200617,194420,57,1,1303,1143,1357,1184,200717/ECOS08/101_WSCT/WSCT4673.JPG
200717,ECOS08,20200617,194520,38,1,863,1280,937,1322,200717/ECOS08/101_WSCT/WSCT4674.JPG
200717,ECOS08,20200617,194520,38,1,4158,2077,4218,2133,200717/ECOS08/101_WSCT/WSCT4674.JPG
200717,ECOS08,20200617,194620,54,1,873,1278,943,1322,200717/ECOS08/101_WSCT/WSCT4675.JPG
200717,ECOS08,20200617,194920,29,1,4148,1192,4215,1239,200717/ECOS08/101_WSCT/WSCT4678.JPG
200717,ECOS08,20200617,195020,35,1,700,1782,764,1830,200717/ECOS08/101_WSCT/WSCT4679.JPG
200717,ECOS08,20200617,195020,36,1,1210,1940,1270,1991,200717/ECOS08/101_WSCT/WSCT4679.JPG
200717,ECOS08,20200617,195020,55,1,4051,1277,4119,1321,200717/ECOS08/101_WSCT/WSCT4679.JPG
200717,ECOS08,20200617,195120,32,1,1452,1093,1511,1136,200717/ECOS08/101_WSCT/WSCT4680.JPG
200717,ECOS08,20200617,195120,43,1,4048,1889,4103,1946,200717/ECOS08/101_WSCT/WSCT4680.JPG
200717,ECOS08,20200617,195120,49,1,2918,235,2978,289,200717/ECOS08/101_WSCT/WSCT4680.JPG
200717,ECOS08,20200617,195220,48,1,3052,79,3101,128,200717/ECOS08/101_WSCT/WSCT4681.JPG
200717,ECOS08,20200617,195320,45,1,1624,536,1696,581,200717/ECOS08/101_WSCT/WSCT4682.JPG
200717,ECOS08,20200617,195422,53,1,1624,536,1697,580,200717/ECOS08/101_WSCT/WSCT4683.JPG
200717,ECOS08,20200617,195520,37,1,1713,408,1790,455,200717/ECOS08/101_WSCT/WSCT4684.JPG
200717,ECOS08,20200617,195920,57,1,72,1005,127,1050,200717/ECOS08/101_WSCT/WSCT4688.JPG
200717,ECOS08,20200617,200020,32,1,2866,366,2936,413,200717/ECOS08/101_WSCT/WSCT4689.JPG
200717,ECOS08,20200617,200020,66,1,77,1013,143,1056,200717/ECOS08/101_WSCT/WSCT4689.JPG
200717,ECOS08,20200617,200120,40,1,1862,1435,1919,1472,200717/ECOS08/101_WSCT/WSCT4690.JPG
200717,ECOS08,20200617,200220,30,1,667,1446,723,1489,200717/ECOS08/101_WSCT/WSCT4691.JPG
200717,ECOS08,20200617,200320,26,1,2574,217,2636,264,200717/ECOS08/101_WSCT/WSCT4692.JPG
200717,ECOS08,20200617,200320,51,1,1460,1778,1524,1818,200717/ECOS08/101_WSCT/WSCT4692.JPG
200717,ECOS08,20200617,200420,49,1,1323,1179,1388,1220,200717/ECOS08/101_WSCT/WSCT4693.JPG
200717,ECOS08,20200617,200520,31,1,2575,217,2635,266,200717/ECOS08/101_WSCT/WSCT4694.JPG
200717,ECOS08,20200617,200520,60,1,1324,1179,1384,1219,200717/ECOS08/101_WSCT/WSCT4694.JPG
200717,ECOS08,20200617,200720,28,1,1846,334,1909,378,200717/ECOS08/101_WSCT/WSCT4696.JPG
200717,ECOS08,20200617,200820,34,1,1890,1099,1950,1143,200717/ECOS08/101_WSCT/WSCT4697.JPG
200717,ECOS08,20200617,200820,40,1,2992,327,3064,372,200717/ECOS08/101_WSCT/WSCT4697.JPG
200717,ECOS08,20200617,200820,50,1,1176,2003,1241,2051,200717/ECOS08/101_WSCT/WSCT4697.JPG
200717,ECOS08,20200617,200920,77,1,2029,1677,2121,1757,200717/ECOS08/101_WSCT/WSCT4698.JPG
200717,ECOS08,20200617,201120,46,1,2709,146,2767,202,200717/ECOS08/101_WSCT/WSCT4700.JPG
200717,ECOS08,20200617,201120,64,1,1669,243,1736,290,200717/ECOS08/101_WSCT/WSCT4700.JPG
200717,ECOS08,20200617,201220,28,1,1824,512,1894,555,200717/ECOS08/101_WSCT/WSCT4701.JPG
200717,ECOS08,20200617,201420,38,1,1632,372,1694,427,200717/ECOS08/101_WSCT/WSCT4703.JPG
200717,ECOS08,20200617,201520,42,1,1805,279,1870,325,200717/ECOS08/101_WSCT/WSCT4704.JPG
200717,ECOS08,20200617,201520,65,1,1915,1105,1984,1153,200717/ECOS08/101_WSCT/WSCT4704.JPG
200717,ECOS08,20200617,201620,45,1,3950,1265,4003,1324,200717/ECOS08/101_WSCT/WSCT4705.JPG
200717,ECOS08,20200617,201620,48,1,1441,960,1509,1008,200717/ECOS08/101_WSCT/WSCT4705.JPG
200717,ECOS08,20200617,201620,49,1,1806,275,1865,337,200717/ECOS08/101_WSCT/WSCT4705.JPG
200717,ECOS08,20200617,201720,53,1,3883,567,3941,625,200717/ECOS08/101_WSCT/WSCT4706.JPG
200717,ECOS08,20200617,201820,28,1,64,972,115,1026,200717/ECOS08/101_WSCT/WSCT4707.JPG
200717,ECOS08,20200617,201920,27,1,1459,1092,1520,1137,200717/ECOS08/101_WSCT/WSCT4708.JPG
200717,ECOS08,20200617,202120,34,1,2535,418,2591,459,200717/ECOS08/101_WSCT/WSCT4710.JPG
200717,ECOS08,20200617,202220,62,1,1486,1011,1559,1057,200717/ECOS08/101_WSCT/WSCT4711.JPG
200717,ECOS08,20200617,202420,43,1,1109,986,1173,1032,200717/ECOS08/101_WSCT/WSCT4713.JPG
200717,ECOS08,20200617,202520,40,1,3921,1524,3979,1589,200717/ECOS08/101_WSCT/WSCT4714.JPG
200717,ECOS08,20200617,202620,38,1,1684,999,1741,1058,200717/ECOS08/101_WSCT/WSCT4715.JPG
200717,ECOS08,20200617,202720,58,1,1655,1021,1731,1070,200717/ECOS08/101_WSCT/WSCT4716.JPG
200717,ECOS08,20200617,202820,34,1,1451,1119,1509,1158,200717/ECOS08/101_WSCT/WSCT4717.JPG
200717,ECOS08,20200617,202820,45,1,3924,692,3990,736,200717/ECOS08/101_WSCT/WSCT4717.JPG
200717,ECOS08,20200617,202820,47,1,1189,1957,1253,2005,200717/ECOS08/101_WSCT/WSCT4717.JPG
200717,ECOS08,20200617,202920,34,1,1468,1199,1544,1246,200717/ECOS08/101_WSCT/WSCT4718.JPG
200717,ECOS08,20200617,203020,27,1,1648,1060,1706,1110,200717/ECOS08/101_WSCT/WSCT4719.JPG
200717,ECOS08,20200617,203020,30,1,3830,1558,3885,1608,200717/ECOS08/101_WSCT/WSCT4719.JPG
200717,ECOS08,20200617,203020,41,1,3932,691,3995,735,200717/ECOS08/101_WSCT/WSCT4719.JPG
200717,ECOS08,20200617,203120,36,1,1330,901,1393,948,200717/ECOS08/101_WSCT/WSCT4720.JPG
200717,ECOS08,20200617,203120,45,1,4000,1297,4055,1347,200717/ECOS08/101_WSCT/WSCT4720.JPG
200717,ECOS08,20200617,203220,34,1,3998,1297,4050,1344,200717/ECOS08/101_WSCT/WSCT4721.JPG
200717,ECOS08,20200617,203220,43,1,1444,1020,1518,1069,200717/ECOS08/101_WSCT/WSCT4721.JPG
200717,ECOS08,20200617,203420,52,1,539,1825,612,1872,200717/ECOS08/101_WSCT/WSCT4723.JPG
200717,ECOS08,20200617,203420,59,1,1312,1171,1381,1213,200717/ECOS08/101_WSCT/WSCT4723.JPG
200717,ECOS08,20200617,203620,65,1,1663,1013,1727,1054,200717/ECOS08/101_WSCT/WSCT4725.JPG
200717,ECOS08,20200617,203720,40,1,1465,1141,1526,1185,200717/ECOS08/101_WSCT/WSCT4726.JPG
200717,ECOS08,20200617,203720,44,1,1456,977,1533,1023,200717/ECOS08/101_WSCT/WSCT4726.JPG
200717,ECOS08,20200617,203720,67,1,3986,905,4060,951,200717/ECOS08/101_WSCT/WSCT4726.JPG
200717,ECOS08,20200617,203820,45,1,1459,980,1531,1025,200717/ECOS08/101_WSCT/WSCT4727.JPG
200717,ECOS08,20200617,203920,34,1,770,2187,842,2237,200717/ECOS08/101_WSCT/WSCT4728.JPG
200717,ECOS08,20200617,203920,38,1,3843,1568,3899,1630,200717/ECOS08/101_WSCT/WSCT4728.JPG
200717,ECOS08,20200617,204020,71,1,4029,1811,4094,1874,200717/ECOS08/101_WSCT/WSCT4729.JPG
200717,ECOS08,20200617,204120,33,1,914,1234,990,1278,200717/ECOS08/101_WSCT/WSCT4730.JPG
200717,ECOS08,20200617,204120,67,1,4028,1814,4092,1873,200717/ECOS08/101_WSCT/WSCT4730.JPG
200717,ECOS08,20200617,204220,30,1,1611,1066,1675,1113,200717/ECOS08/101_WSCT/WSCT4731.JPG
200717,ECOS08,20200617,204220,45,1,839,2065,923,2115,200717/ECOS08/101_WSCT/WSCT4731.JPG
200717,ECOS08,20200617,204220,54,1,3785,468,3848,517,200717/ECOS08/101_WSCT/WSCT4731.JPG
200717,ECOS08,20200617,204320,37,1,1471,1073,1528,1115,200717/ECOS08/101_WSCT/WSCT4732.JPG
200717,ECOS08,20200617,204320,48,1,3784,468,3848,516,200717/ECOS08/101_WSCT/WSCT4732.JPG
200717,ECOS08,20200617,204820,62,1,4056,1862,4123,1908,200717/ECOS08/101_WSCT/WSCT4737.JPG
200717,ECOS08,20200617,204920,56,1,4055,1862,4123,1908,200717/ECOS08/101_WSCT/WSCT4738.JPG
200717,ECOS08,20200617,205020,53,1,4120,1788,4200,1841,200717/ECOS08/101_WSCT/WSCT4739.JPG
200717,ECOS08,20200617,205620,52,1,3669,1606,3733,1656,200717/ECOS08/101_WSCT/WSCT4745.JPG
200717,ECOS08,20200617,210420,59,1,3885,1253,3952,1316,200717/ECOS08/101_WSCT/WSCT4753.JPG
200717,ECOS08,20200617,210520,52,1,3945,1282,4009,1329,200717/ECOS08/101_WSCT/WSCT4754.JPG
200717,ECOS08,20200617,210620,30,1,3929,1278,4019,1333,200717/ECOS08/101_WSCT/WSCT4755.JPG
200717,ECOS08,20200617,210720,37,1,3928,1279,4018,1334,200717/ECOS08/101_WSCT/WSCT4756.JPG
200717,ECOS08,20200617,210820,43,1,3934,1280,4016,1334,200717/ECOS08/101_WSCT/WSCT4757.JPG
200717,ECOS08,20200617,211320,30,1,3952,1285,4002,1341,200717/ECOS08/101_WSCT/WSCT4762.JPG
200717,ECOS08,20200617,211420,38,1,1863,1113,1927,1157,200717/ECOS08/101_WSCT/WSCT4763.JPG
200717,ECOS08,20200617,211520,43,1,2683,364,2747,410,200717/ECOS08/101_WSCT/WSCT4764.JPG
200717,ECOS08,20200617,211620,57,1,2096,389,2164,432,200717/ECOS08/101_WSCT/WSCT4765.JPG
200717,ECOS08,20200617,212020,32,1,1498,485,1574,536,200717/ECOS08/101_WSCT/WSCT4769.JPG
200717,ECOS08,20200617,213220,27,1,1105,1888,1177,1933,200717/ECOS08/101_WSCT/WSCT4781.JPG
200717,ECOS08,20200617,213720,33,1,306,2092,356,2144,200717/ECOS08/101_WSCT/WSCT4786.JPG
200717,ECOS08,20200617,213920,29,1,306,2091,356,2143,200717/ECOS08/101_WSCT/WSCT4788.JPG
200717,ECOS08,20200617,214020,29,1,3987,1968,4038,2019,200717/ECOS08/101_WSCT/WSCT4789.JPG
200717,ECOS08,20200617,214420,47,1,3990,1969,4042,2019,200717/ECOS08/101_WSCT/WSCT4793.JPG
