201001,Extra_card,20200627,154016,84,1,503,515,632,658,201001/Extra_card/103_WSCT/WSCT0011.JPG
201001,Extra_card,20200627,154316,41,1,494,478,664,641,201001/Extra_card/103_WSCT/WSCT0014.JPG
201001,Extra_card,20200627,155316,31,1,2157,1167,2241,1224,201001/Extra_card/103_WSCT/WSCT0024.JPG
201001,Extra_card,20200627,155916,34,1,1807,1644,1875,1727,201001/Extra_card/103_WSCT/WSCT0030.JPG
201001,Extra_card,20200627,155916,38,1,1559,1401,1642,1457,201001/Extra_card/103_WSCT/WSCT0030.JPG
201001,Extra_card,20200627,160116,28,1,633,222,697,266,201001/Extra_card/103_WSCT/WSCT0032.JPG
201001,Extra_card,20200627,160116,46,1,3181,1238,3242,1305,201001/Extra_card/103_WSCT/WSCT0032.JPG
201001,Extra_card,20200627,160616,41,1,2646,1366,2705,1428,201001/Extra_card/103_WSCT/WSCT0037.JPG
201001,Extra_card,20200627,161316,28,1,2589,1089,2659,1138,201001/Extra_card/103_WSCT/WSCT0044.JPG
201001,Extra_card,20200627,162716,32,1,1932,481,1989,527,201001/Extra_card/103_WSCT/WSCT0058.JPG
201001,Extra_card,20200627,163716,41,1,1765,1546,1827,1611,201001/Extra_card/103_WSCT/WSCT0068.JPG
201001,Extra_card,20200627,164016,56,1,1714,1579,1793,1639,201001/Extra_card/103_WSCT/WSCT0071.JPG
201001,Extra_card,20200627,164116,44,1,1722,1583,1793,1639,201001/Extra_card/103_WSCT/WSCT0072.JPG
201001,Extra_card,20200627,164216,57,1,1718,1581,1793,1637,201001/Extra_card/103_WSCT/WSCT0073.JPG
201001,Extra_card,20200627,170416,82,1,2266,2010,2372,2141,201001/Extra_card/103_WSCT/WSCT0095.JPG
201001,Extra_card,20200627,170616,36,1,2058,1417,2121,1489,201001/Extra_card/103_WSCT/WSCT0097.JPG
201001,Extra_card,20200627,170716,27,1,1783,1614,1843,1659,201001/Extra_card/103_WSCT/WSCT0098.JPG
201001,Extra_card,20200627,171316,87,1,3943,1798,4138,1928,201001/Extra_card/103_WSCT/WSCT0104.JPG
201001,Extra_card,20200627,171916,29,1,4104,651,4219,831,201001/Extra_card/103_WSCT/WSCT0110.JPG
201001,Extra_card,20200627,172116,67,1,2361,1118,2492,1289,201001/Extra_card/103_WSCT/WSCT0112.JPG
201001,Extra_card,20200627,173616,31,1,2517,997,2581,1047,201001/Extra_card/103_WSCT/WSCT0127.JPG
201001,Extra_card,20200627,173716,39,1,2634,999,2696,1064,201001/Extra_card/103_WSCT/WSCT0128.JPG
201001,Extra_card,20200627,174016,65,1,2037,992,2110,1047,201001/Extra_card/103_WSCT/WSCT0131.JPG
201001,Extra_card,20200627,174116,38,1,2062,1423,2121,1490,201001/Extra_card/103_WSCT/WSCT0132.JPG
201001,Extra_card,20200627,174216,42,1,2049,1511,2108,1575,201001/Extra_card/103_WSCT/WSCT0133.JPG
201001,Extra_card,20200627,175822,28,1,2556,44,2608,93,201001/Extra_card/103_WSCT/WSCT0149.JPG
201001,Extra_card,20200627,181122,27,1,1070,1472,1157,1528,201001/Extra_card/103_WSCT/WSCT0162.JPG
201001,Extra_card,20200627,181422,27,1,1716,1242,1786,1291,201001/Extra_card/103_WSCT/WSCT0165.JPG
201001,Extra_card,20200627,181722,35,1,2521,1148,2579,1221,201001/Extra_card/103_WSCT/WSCT0168.JPG
201001,Extra_card,20200627,182222,36,1,2235,1362,2297,1427,201001/Extra_card/103_WSCT/WSCT0173.JPG
201001,Extra_card,20200627,183530,32,1,2653,1090,2707,1140,201001/Extra_card/103_WSCT/WSCT0186.JPG
201001,Extra_card,20200627,183530,32,1,3759,181,3857,253,201001/Extra_card/103_WSCT/WSCT0186.JPG
201001,Extra_card,20200627,183930,40,1,2618,1322,2681,1368,201001/Extra_card/103_WSCT/WSCT0190.JPG
201001,Extra_card,20200627,184630,43,1,2237,1619,2326,1676,201001/Extra_card/103_WSCT/WSCT0197.JPG
201001,Extra_card,20200627,185430,33,1,2083,1766,2151,1825,201001/Extra_card/103_WSCT/WSCT0205.JPG
201001,Extra_card,20200627,185430,71,1,1955,2013,2045,2097,201001/Extra_card/103_WSCT/WSCT0205.JPG
201001,Extra_card,20200627,190930,39,1,2448,1200,2516,1246,201001/Extra_card/103_WSCT/WSCT0220.JPG
201001,Extra_card,20200627,191530,34,1,1683,1004,1753,1093,201001/Extra_card/103_WSCT/WSCT0226.JPG
201001,Extra_card,20200627,191830,49,1,2619,1027,2679,1083,201001/Extra_card/103_WSCT/WSCT0229.JPG
201001,Extra_card,20200627,193430,45,1,2961,218,3027,303,201001/Extra_card/103_WSCT/WSCT0245.JPG
201001,Extra_card,20200627,193630,38,1,2569,840,2636,886,201001/Extra_card/103_WSCT/WSCT0247.JPG
201001,Extra_card,20200627,193630,84,1,3841,551,4033,721,201001/Extra_card/103_WSCT/WSCT0247.JPG
201001,Extra_card,20200627,194030,26,1,2858,587,2946,673,201001/Extra_card/103_WSCT/WSCT0251.JPG
201001,Extra_card,20200627,194230,39,1,3132,19,3223,121,201001/Extra_card/103_WSCT/WSCT0253.JPG
201001,Extra_card,20200627,195028,36,1,2058,1320,2136,1422,201001/Extra_card/103_WSCT/WSCT0261.JPG
201001,Extra_card,20200627,195028,56,1,3327,817,3410,922,201001/Extra_card/103_WSCT/WSCT0261.JPG
201001,Extra_card,20200627,195128,56,1,3330,837,3417,936,201001/Extra_card/103_WSCT/WSCT0262.JPG
201001,Extra_card,20200627,195128,86,1,2716,1229,2815,1298,201001/Extra_card/103_WSCT/WSCT0262.JPG
201001,Extra_card,20200627,195228,60,1,3449,1130,3560,1201,201001/Extra_card/103_WSCT/WSCT0263.JPG
201001,Extra_card,20200627,195328,37,1,3769,1195,3864,1259,201001/Extra_card/103_WSCT/WSCT0264.JPG
201001,Extra_card,20200627,201130,42,1,1026,2211,1088,2268,201001/Extra_card/103_WSCT/WSCT0282.JPG
201001,Extra_card,20200627,205030,34,1,2317,1458,2377,1520,201001/Extra_card/103_WSCT/WSCT0321.JPG
201001,Extra_card,20200627,210230,41,1,2589,1043,2644,1101,201001/Extra_card/103_WSCT/WSCT0333.JPG
201001,Extra_card,20200627,210730,30,1,2833,1122,2899,1182,201001/Extra_card/103_WSCT/WSCT0338.JPG
201001,Extra_card,20200627,211928,27,1,2741,90,2792,134,201001/Extra_card/103_WSCT/WSCT0350.JPG
201001,Extra_card,20200627,215130,58,1,3508,342,3656,435,201001/Extra_card/103_WSCT/WSCT0382.JPG
201001,Extra_card,20200627,215230,43,1,3269,280,3378,370,201001/Extra_card/103_WSCT/WSCT0383.JPG
201001,Extra_card,20200627,215930,78,1,2414,1392,2530,1538,201001/Extra_card/103_WSCT/WSCT0390.JPG
201001,Extra_card,20200628,064108,43,1,3814,336,3895,391,201001/Extra_card/103_WSCT/WSCT0432.JPG
201001,Extra_card,20200628,070308,25,1,1096,1618,1178,1679,201001/Extra_card/103_WSCT/WSCT0454.JPG
201001,Extra_card,20200628,075108,71,1,2145,562,2290,656,201001/Extra_card/103_WSCT/WSCT0502.JPG
201001,Extra_card,20200628,080608,29,1,2322,1584,2382,1651,201001/Extra_card/103_WSCT/WSCT0517.JPG
201001,Extra_card,20200628,081908,28,1,1679,2207,1738,2263,201001/Extra_card/103_WSCT/WSCT0530.JPG
201001,Extra_card,20200628,083008,59,1,1472,82,1579,185,201001/Extra_card/103_WSCT/WSCT0541.JPG
201001,Extra_card,20200628,083108,27,1,1805,1658,1879,1756,201001/Extra_card/103_WSCT/WSCT0542.JPG
201001,Extra_card,20200628,083208,30,1,2041,1412,2114,1478,201001/Extra_card/103_WSCT/WSCT0543.JPG
201001,Extra_card,20200628,083308,53,1,2195,2121,2334,2259,201001/Extra_card/103_WSCT/WSCT0544.JPG
201001,Extra_card,20200628,085708,88,1,3329,279,3485,431,201001/Extra_card/103_WSCT/WSCT0568.JPG
201001,Extra_card,20200628,085908,87,1,2207,745,2367,839,201001/Extra_card/103_WSCT/WSCT0570.JPG
201001,Extra_card,20200628,090708,88,1,2302,2070,2466,2166,201001/Extra_card/103_WSCT/WSCT0578.JPG
201001,Extra_card,20200628,091908,30,1,3944,1821,4021,1913,201001/Extra_card/103_WSCT/WSCT0590.JPG
201001,Extra_card,20200628,093408,85,1,1120,897,1226,1036,201001/Extra_card/103_WSCT/WSCT0605.JPG
201001,Extra_card,20200628,093508,87,1,1399,1144,1507,1289,201001/Extra_card/103_WSCT/WSCT0606.JPG
201001,Extra_card,20200628,094008,33,1,2560,1353,2636,1406,201001/Extra_card/103_WSCT/WSCT0611.JPG
201001,Extra_card,20200628,095608,36,1,535,189,609,276,201001/Extra_card/103_WSCT/WSCT0627.JPG
201001,Extra_card,20200628,095908,52,1,1060,463,1144,560,201001/Extra_card/103_WSCT/WSCT0630.JPG
201001,Extra_card,20200628,100008,67,1,1155,1443,1236,1541,201001/Extra_card/103_WSCT/WSCT0631.JPG
201001,Extra_card,20200628,104016,76,1,1450,17,1567,173,201001/Extra_card/103_WSCT/WSCT0671.JPG
201001,Extra_card,20200628,104116,89,1,2804,2197,3008,2332,201001/Extra_card/103_WSCT/WSCT0672.JPG
201001,Extra_card,20200628,104316,76,1,3698,1962,3879,2070,201001/Extra_card/103_WSCT/WSCT0674.JPG
201001,Extra_card,20200628,104516,73,1,1708,9,1893,114,201001/Extra_card/103_WSCT/WSCT0676.JPG
201001,Extra_card,20200628,105016,90,1,2223,2047,2406,2149,201001/Extra_card/103_WSCT/WSCT0681.JPG
201001,Extra_card,20200628,105116,87,1,1757,244,1882,399,201001/Extra_card/103_WSCT/WSCT0682.JPG
201001,Extra_card,20200628,110916,52,1,2335,2186,2437,2310,201001/Extra_card/103_WSCT/WSCT0700.JPG
201001,Extra_card,20200628,112916,82,1,0,1790,194,1914,201001/Extra_card/103_WSCT/WSCT0720.JPG
201001,Extra_card,20200628,114416,89,1,272,1201,444,1310,201001/Extra_card/103_WSCT/WSCT0735.JPG
201001,Extra_card,20200628,114516,73,1,1389,79,1547,178,201001/Extra_card/103_WSCT/WSCT0736.JPG
201001,Extra_card,20200628,114616,46,1,1966,7,2071,92,201001/Extra_card/103_WSCT/WSCT0737.JPG
201001,Extra_card,20200628,115116,37,1,1892,1208,1976,1299,201001/Extra_card/103_WSCT/WSCT0742.JPG
201001,Extra_card,20200628,115314,83,1,3484,525,3659,634,201001/Extra_card/103_WSCT/WSCT0744.JPG
201001,Extra_card,20200628,115814,43,1,2381,1037,2449,1084,201001/Extra_card/103_WSCT/WSCT0749.JPG
201001,Extra_card,20200628,122216,65,1,475,471,607,566,201001/Extra_card/103_WSCT/WSCT0773.JPG
201001,Extra_card,20200628,122316,27,1,1149,1882,1213,1948,201001/Extra_card/103_WSCT/WSCT0774.JPG
201001,Extra_card,20200628,122816,26,1,1807,1282,1867,1343,201001/Extra_card/103_WSCT/WSCT0779.JPG
201001,Extra_card,20200628,122916,59,1,1803,1254,1873,1336,201001/Extra_card/103_WSCT/WSCT0780.JPG
201001,Extra_card,20200628,123016,84,1,1893,1372,1977,1430,201001/Extra_card/103_WSCT/WSCT0781.JPG
201001,Extra_card,20200628,123416,34,1,1962,1379,2041,1435,201001/Extra_card/103_WSCT/WSCT0785.JPG
201001,Extra_card,20200628,123716,79,1,1263,1806,1348,1892,201001/Extra_card/103_WSCT/WSCT0788.JPG
201001,Extra_card,20200628,124416,31,1,2597,1004,2654,1066,201001/Extra_card/103_WSCT/WSCT0795.JPG
201001,Extra_card,20200628,130216,92,1,2057,1929,2512,2376,201001/Extra_card/103_WSCT/WSCT0813.JPG
201001,Extra_card,20200628,130316,94,1,2311,1862,2890,2374,201001/Extra_card/103_WSCT/WSCT0814.JPG
201001,Extra_card,20200628,131516,62,1,3621,1898,3738,1997,201001/Extra_card/103_WSCT/WSCT0826.JPG
201001,Extra_card,20200628,132414,61,1,1881,2055,1965,2164,201001/Extra_card/103_WSCT/WSCT0835.JPG
201001,Extra_card,20200628,132414,79,1,3744,2179,4217,2376,201001/Extra_card/103_WSCT/WSCT0835.JPG
201001,Extra_card,20200628,132514,92,1,3492,1436,4050,2202,201001/Extra_card/103_WSCT/WSCT0836.JPG
201001,Extra_card,20200628,132714,92,1,2334,1952,2783,2376,201001/Extra_card/103_WSCT/WSCT0838.JPG
201001,Extra_card,20200628,143716,88,1,1789,1447,1879,1544,201001/Extra_card/103_WSCT/WSCT0908.JPG
201001,Extra_card,20200628,144016,80,1,1399,1115,1506,1188,201001/Extra_card/103_WSCT/WSCT0911.JPG
201001,Extra_card,20200628,144116,80,1,1394,1106,1483,1184,201001/Extra_card/103_WSCT/WSCT0912.JPG
201001,Extra_card,20200628,144216,44,1,1308,1303,1389,1397,201001/Extra_card/103_WSCT/WSCT0913.JPG
201001,Extra_card,20200628,144316,41,1,841,1332,929,1450,201001/Extra_card/103_WSCT/WSCT0914.JPG
201001,Extra_card,20200628,152622,49,1,2655,1040,2714,1099,201001/Extra_card/103_WSCT/WSCT0957.JPG
201001,Extra_card,20200628,152922,26,1,2663,1049,2719,1103,201001/Extra_card/103_WSCT/WSCT0960.JPG
201001,Extra_card,20200628,155622,36,1,4089,2189,4153,2239,201001/Extra_card/103_WSCT/WSCT0987.JPG
201001,Extra_card,20200628,155922,48,1,2660,1054,2728,1100,201001/Extra_card/103_WSCT/WSCT0990.JPG
201001,Extra_card,20200628,160022,27,1,2662,1048,2720,1102,201001/Extra_card/103_WSCT/WSCT0991.JPG
201001,Extra_card,20200628,160122,35,1,2660,1050,2721,1103,201001/Extra_card/103_WSCT/WSCT0992.JPG
201001,Extra_card,20200628,160222,34,1,2657,1048,2731,1101,201001/Extra_card/103_WSCT/WSCT0993.JPG
201001,Extra_card,20200628,161522,44,1,3476,454,3550,533,201001/Extra_card/103_WSCT/WSCT1006.JPG
201001,Extra_card,20200628,163022,40,1,3113,1693,3213,1755,201001/Extra_card/103_WSCT/WSCT1021.JPG
201001,Extra_card,20200628,165522,31,1,768,2036,864,2101,201001/Extra_card/103_WSCT/WSCT1046.JPG
201001,Extra_card,20200628,165622,37,1,1382,1873,1460,1943,201001/Extra_card/103_WSCT/WSCT1047.JPG
201001,Extra_card,20200628,170722,88,1,2434,1864,2595,2014,201001/Extra_card/103_WSCT/WSCT1058.JPG
201001,Extra_card,20200628,172122,26,1,3383,417,3487,505,201001/Extra_card/103_WSCT/WSCT1072.JPG
201001,Extra_card,20200628,172422,70,1,2793,57,2906,168,201001/Extra_card/103_WSCT/WSCT1075.JPG
201001,Extra_card,20200628,172522,33,1,2362,1119,2426,1183,201001/Extra_card/103_WSCT/WSCT1076.JPG
201001,Extra_card,20200628,172622,30,1,1967,1123,2025,1168,201001/Extra_card/103_WSCT/WSCT1077.JPG
201001,Extra_card,20200628,173822,85,1,2144,1928,2333,2064,201001/Extra_card/103_WSCT/WSCT1089.JPG
201001,Extra_card,20200628,173922,75,1,2290,1958,2458,2061,201001/Extra_card/103_WSCT/WSCT1090.JPG
201001,Extra_card,20200628,174022,88,1,2576,2255,2728,2373,201001/Extra_card/103_WSCT/WSCT1091.JPG
201001,Extra_card,20200628,174122,78,1,2453,2143,2557,2342,201001/Extra_card/103_WSCT/WSCT1092.JPG
201001,Extra_card,20200628,180222,43,1,1742,339,1819,444,201001/Extra_card/103_WSCT/WSCT1113.JPG
201001,Extra_card,20200628,180522,67,1,3481,2015,3631,2108,201001/Extra_card/103_WSCT/WSCT1116.JPG
201001,Extra_card,20200628,180722,27,1,2289,344,2364,400,201001/Extra_card/103_WSCT/WSCT1118.JPG
201001,Extra_card,20200628,181822,26,1,2546,976,2607,1022,201001/Extra_card/103_WSCT/WSCT1129.JPG
201001,Extra_card,20200628,182422,43,1,2195,1624,2258,1671,201001/Extra_card/103_WSCT/WSCT1135.JPG
201001,Extra_card,20200628,183522,30,1,1623,1450,1683,1517,201001/Extra_card/103_WSCT/WSCT1146.JPG
201001,Extra_card,20200628,184722,89,1,3347,2103,3525,2201,201001/Extra_card/103_WSCT/WSCT1158.JPG
201001,Extra_card,20200628,184922,40,1,1812,1331,1867,1376,201001/Extra_card/103_WSCT/WSCT1160.JPG
201001,Extra_card,20200628,185322,35,1,2849,1817,2911,1863,201001/Extra_card/103_WSCT/WSCT1164.JPG
201001,Extra_card,20200628,191922,54,1,4069,809,4156,934,201001/Extra_card/103_WSCT/WSCT1190.JPG
201001,Extra_card,20200628,192622,59,1,2659,190,2743,291,201001/Extra_card/103_WSCT/WSCT1197.JPG
201001,Extra_card,20200628,194022,29,1,1877,67,1969,148,201001/Extra_card/103_WSCT/WSCT1211.JPG
201001,Extra_card,20200628,194422,39,1,1697,104,1789,183,201001/Extra_card/103_WSCT/WSCT1215.JPG
201001,Extra_card,20200628,194922,58,1,1783,218,1874,287,201001/Extra_card/103_WSCT/WSCT1220.JPG
201001,Extra_card,20200628,195022,48,1,2175,595,2254,705,201001/Extra_card/103_WSCT/WSCT1221.JPG
201001,Extra_card,20200628,201922,26,1,1814,1180,1925,1247,201001/Extra_card/103_WSCT/WSCT1250.JPG
201001,Extra_card,20200628,213530,39,1,1835,2238,1909,2308,201001/Extra_card/103_WSCT/WSCT1326.JPG
201001,Extra_card,20200628,213530,75,1,3104,433,3236,527,201001/Extra_card/103_WSCT/WSCT1326.JPG
201001,Extra_card,20200628,213630,25,1,2061,1337,2123,1404,201001/Extra_card/103_WSCT/WSCT1327.JPG
201001,Extra_card,20200628,213730,29,1,2075,1349,2133,1399,201001/Extra_card/103_WSCT/WSCT1328.JPG
201001,Extra_card,20200628,213730,40,1,2691,1690,2758,1741,201001/Extra_card/103_WSCT/WSCT1328.JPG
201001,Extra_card,20200628,213830,35,1,2912,484,3017,558,201001/Extra_card/103_WSCT/WSCT1329.JPG
201001,Extra_card,20200628,214030,61,1,2798,233,2877,327,201001/Extra_card/103_WSCT/WSCT1331.JPG
201001,Extra_card,20200628,214330,35,1,2605,583,2694,675,201001/Extra_card/103_WSCT/WSCT1334.JPG
201001,Extra_card,20200629,074816,90,1,2591,2039,2743,2159,201001/Extra_card/103_WSCT/WSCT1459.JPG
201001,Extra_card,20200629,075216,26,1,4149,739,4224,898,201001/Extra_card/103_WSCT/WSCT1463.JPG
201001,Extra_card,20200629,075416,28,1,2722,1201,2782,1261,201001/Extra_card/103_WSCT/WSCT1465.JPG
201001,Extra_card,20200629,075816,79,1,2468,1163,2595,1291,201001/Extra_card/103_WSCT/WSCT1469.JPG
201001,Extra_card,20200629,080516,40,1,2139,1101,2217,1153,201001/Extra_card/103_WSCT/WSCT1476.JPG
201001,Extra_card,20200629,080616,38,1,2261,1213,2320,1277,201001/Extra_card/103_WSCT/WSCT1477.JPG
201001,Extra_card,20200629,081316,31,1,1889,1724,1951,1783,201001/Extra_card/103_WSCT/WSCT1484.JPG
201001,Extra_card,20200629,082114,30,1,1844,1551,1919,1606,201001/Extra_card/103_WSCT/WSCT1492.JPG
201001,Extra_card,20200629,082216,28,1,2291,1306,2367,1392,201001/Extra_card/103_WSCT/WSCT1493.JPG
201001,Extra_card,20200629,083116,28,1,2689,1253,2755,1317,201001/Extra_card/103_WSCT/WSCT1502.JPG
201001,Extra_card,20200629,084016,65,1,4132,741,4223,874,201001/Extra_card/103_WSCT/WSCT1511.JPG
201001,Extra_card,20200629,091916,35,1,1705,1498,1769,1549,201001/Extra_card/103_WSCT/WSCT1550.JPG
201001,Extra_card,20200629,092316,50,1,1681,1497,1765,1548,201001/Extra_card/103_WSCT/WSCT1554.JPG
201001,Extra_card,20200629,093616,51,1,2017,1716,2075,1781,201001/Extra_card/103_WSCT/WSCT1567.JPG
201001,Extra_card,20200629,093816,44,1,4159,1108,4224,1198,201001/Extra_card/103_WSCT/WSCT1569.JPG
201001,Extra_card,20200629,100316,63,1,4143,1128,4223,1201,201001/Extra_card/103_WSCT/WSCT1594.JPG
201001,Extra_card,20200629,101116,29,1,4183,1116,4224,1203,201001/Extra_card/103_WSCT/WSCT1602.JPG
201001,Extra_card,20200629,101616,30,1,2966,1875,3538,2255,201001/Extra_card/103_WSCT/WSCT1607.JPG
201001,Extra_card,20200629,102016,33,1,4187,1137,4224,1207,201001/Extra_card/103_WSCT/WSCT1611.JPG
201001,Extra_card,20200629,102216,33,1,4186,1141,4224,1210,201001/Extra_card/103_WSCT/WSCT1613.JPG
201001,Extra_card,20200629,102916,55,1,799,65,968,226,201001/Extra_card/103_WSCT/WSCT1620.JPG
201001,Extra_card,20200629,105216,34,1,2107,930,2171,1001,201001/Extra_card/103_WSCT/WSCT1643.JPG
201001,Extra_card,20200629,110616,78,1,1695,1166,1834,1263,201001/Extra_card/103_WSCT/WSCT1657.JPG
201001,Extra_card,20200629,111216,86,1,1661,1752,1795,1841,201001/Extra_card/103_WSCT/WSCT1663.JPG
201001,Extra_card,20200629,114716,37,1,2811,1013,2928,1117,201001/Extra_card/103_WSCT/WSCT1698.JPG
201001,Extra_card,20200629,120916,88,1,2067,1333,2215,1438,201001/Extra_card/103_WSCT/WSCT1720.JPG
201001,Extra_card,20200629,122616,58,1,1403,670,1731,876,201001/Extra_card/103_WSCT/WSCT1737.JPG
201001,Extra_card,20200629,123216,87,1,3296,270,3544,454,201001/Extra_card/103_WSCT/WSCT1743.JPG
201001,Extra_card,20200629,123316,89,1,3706,2196,4000,2376,201001/Extra_card/103_WSCT/WSCT1744.JPG
201001,Extra_card,20200629,123816,28,1,2466,205,2556,285,201001/Extra_card/103_WSCT/WSCT1749.JPG
201001,Extra_card,20200629,124116,90,1,3288,535,3513,794,201001/Extra_card/103_WSCT/WSCT1752.JPG
201001,Extra_card,20200629,124216,68,1,512,481,689,661,201001/Extra_card/103_WSCT/WSCT1753.JPG
201001,Extra_card,20200629,131216,58,1,3811,1997,3924,2103,201001/Extra_card/103_WSCT/WSCT1783.JPG
201001,Extra_card,20200629,132316,27,1,2627,113,2725,190,201001/Extra_card/103_WSCT/WSCT1794.JPG
201001,Extra_card,20200629,132916,47,1,2627,111,2733,184,201001/Extra_card/103_WSCT/WSCT1800.JPG
201001,Extra_card,20200629,133216,68,1,2105,1631,2186,1715,201001/Extra_card/103_WSCT/WSCT1803.JPG
201001,Extra_card,20200629,134216,34,1,3584,2253,3702,2368,201001/Extra_card/103_WSCT/WSCT1813.JPG
201001,Extra_card,20200629,135016,76,1,495,477,689,662,201001/Extra_card/103_WSCT/WSCT1821.JPG
201001,Extra_card,20200629,135216,45,1,490,468,681,625,201001/Extra_card/103_WSCT/WSCT1823.JPG
201001,Extra_card,20200629,135916,51,1,3310,1895,3423,1969,201001/Extra_card/103_WSCT/WSCT1830.JPG
201001,Extra_card,20200629,140016,83,1,518,487,687,642,201001/Extra_card/103_WSCT/WSCT1831.JPG
201001,Extra_card,20200629,140116,29,1,1990,696,2103,764,201001/Extra_card/103_WSCT/WSCT1832.JPG
201001,Extra_card,20200629,141116,92,1,512,483,686,650,201001/Extra_card/103_WSCT/WSCT1842.JPG
201001,Extra_card,20200629,142116,45,1,2416,1224,2487,1293,201001/Extra_card/103_WSCT/WSCT1852.JPG
201001,Extra_card,20200629,143116,33,1,517,481,694,618,201001/Extra_card/103_WSCT/WSCT1862.JPG
201001,Extra_card,20200629,145316,31,1,2600,1178,2665,1245,201001/Extra_card/103_WSCT/WSCT1884.JPG
201001,Extra_card,20200629,150016,37,1,2392,1768,2486,1842,201001/Extra_card/103_WSCT/WSCT1891.JPG
201001,Extra_card,20200629,152516,54,1,1355,89,1447,211,201001/Extra_card/103_WSCT/WSCT1916.JPG
201001,Extra_card,20200629,152616,71,1,1482,123,1625,242,201001/Extra_card/103_WSCT/WSCT1917.JPG
201001,Extra_card,20200629,152716,33,1,2373,1016,2439,1070,201001/Extra_card/103_WSCT/WSCT1918.JPG
201001,Extra_card,20200629,152916,26,1,1930,29,2006,121,201001/Extra_card/103_WSCT/WSCT1920.JPG
201001,Extra_card,20200629,153016,88,1,1077,83,1216,189,201001/Extra_card/103_WSCT/WSCT1921.JPG
201001,Extra_card,20200629,153416,67,1,2103,743,2178,864,201001/Extra_card/103_WSCT/WSCT1925.JPG
201001,Extra_card,20200629,153616,80,1,2639,587,2729,733,201001/Extra_card/103_WSCT/WSCT1927.JPG
201001,Extra_card,20200629,155322,43,1,2382,1769,2472,1843,201001/Extra_card/103_WSCT/WSCT1944.JPG
201001,Extra_card,20200629,160622,35,1,813,229,911,301,201001/Extra_card/103_WSCT/WSCT1957.JPG
201001,Extra_card,20200629,163322,77,1,2115,429,2295,598,201001/Extra_card/103_WSCT/WSCT1984.JPG
201001,Extra_card,20200629,165222,29,1,4022,1373,4109,1437,201001/Extra_card/103_WSCT/WSCT2003.JPG
201001,Extra_card,20200629,171122,70,1,369,2027,486,2190,201001/Extra_card/103_WSCT/WSCT2022.JPG
201001,Extra_card,20200629,172322,29,1,1901,1701,1963,1767,201001/Extra_card/103_WSCT/WSCT2034.JPG
201001,Extra_card,20200629,181030,63,1,3639,768,3742,842,201001/Extra_card/103_WSCT/WSCT2081.JPG
201001,Extra_card,20200629,182430,88,1,2085,839,2172,982,201001/Extra_card/103_WSCT/WSCT2095.JPG
201001,Extra_card,20200629,182530,78,1,1920,567,2049,686,201001/Extra_card/103_WSCT/WSCT2096.JPG
201001,Extra_card,20200629,182830,85,1,1100,841,1288,954,201001/Extra_card/103_WSCT/WSCT2099.JPG
201001,Extra_card,20200629,182930,86,1,1808,2152,1927,2295,201001/Extra_card/103_WSCT/WSCT2100.JPG
201001,Extra_card,20200629,183830,71,1,1567,1353,1644,1454,201001/Extra_card/103_WSCT/WSCT2109.JPG
201001,Extra_card,20200629,190636,26,1,1370,265,1456,358,201001/Extra_card/103_WSCT/WSCT2137.JPG
201001,Extra_card,20200629,193436,31,1,2632,1009,2692,1070,201001/Extra_card/103_WSCT/WSCT2165.JPG
201001,Extra_card,20200629,193736,81,1,476,446,628,584,201001/Extra_card/103_WSCT/WSCT2168.JPG
201001,Extra_card,20200629,193936,77,1,474,446,627,585,201001/Extra_card/103_WSCT/WSCT2170.JPG
201001,Extra_card,20200629,194536,64,1,2628,642,2739,716,201001/Extra_card/103_WSCT/WSCT2176.JPG
201001,Extra_card,20200629,194636,65,1,2685,582,2764,683,201001/Extra_card/103_WSCT/WSCT2177.JPG
201001,Extra_card,20200629,195336,65,1,3191,304,3295,378,201001/Extra_card/103_WSCT/WSCT2184.JPG
201001,Extra_card,20200629,200436,31,1,2453,1261,2508,1321,201001/Extra_card/103_WSCT/WSCT2195.JPG
201001,Extra_card,20200629,203236,49,1,3290,651,3378,738,201001/Extra_card/103_WSCT/WSCT2223.JPG
201001,Extra_card,20200629,204036,30,1,3467,370,3566,437,201001/Extra_card/103_WSCT/WSCT2231.JPG
201001,Extra_card,20200629,204036,44,1,2268,1132,2345,1198,201001/Extra_card/103_WSCT/WSCT2231.JPG
201001,Extra_card,20200629,204036,69,1,1932,2014,2037,2086,201001/Extra_card/103_WSCT/WSCT2231.JPG
201001,Extra_card,20200629,205236,61,1,3274,1176,3346,1230,201001/Extra_card/103_WSCT/WSCT2243.JPG
201001,Extra_card,20200629,205736,41,1,1483,2041,1550,2093,201001/Extra_card/103_WSCT/WSCT2248.JPG
201001,Extra_card,20200629,211036,34,1,1361,273,1449,358,201001/Extra_card/103_WSCT/WSCT2261.JPG
201001,Extra_card,20200629,212436,30,1,479,477,621,590,201001/Extra_card/103_WSCT/WSCT2275.JPG
201001,Extra_card,20200629,214636,66,1,1270,87,1379,156,201001/Extra_card/103_WSCT/WSCT2297.JPG
201001,Extra_card,20200629,214936,34,1,3942,1933,4048,2045,201001/Extra_card/103_WSCT/WSCT2300.JPG
201001,Extra_card,20200630,064802,51,1,1364,1875,1443,1978,201001/Extra_card/103_WSCT/WSCT2359.JPG
201001,Extra_card,20200630,064902,84,1,1353,1879,1434,1990,201001/Extra_card/103_WSCT/WSCT2360.JPG
201001,Extra_card,20200630,073302,26,1,2207,1889,2275,1965,201001/Extra_card/103_WSCT/WSCT2404.JPG
201001,Extra_card,20200630,083202,31,1,3459,449,3548,538,201001/Extra_card/103_WSCT/WSCT2463.JPG
201001,Extra_card,20200630,084908,68,1,3730,415,3829,520,201001/Extra_card/103_WSCT/WSCT2480.JPG
201001,Extra_card,20200630,092108,39,1,3697,2166,3791,2301,201001/Extra_card/103_WSCT/WSCT2512.JPG
201001,Extra_card,20200630,094108,25,1,1954,1939,2042,2031,201001/Extra_card/103_WSCT/WSCT2532.JPG
201001,Extra_card,20200630,094208,26,1,1905,1904,2026,2017,201001/Extra_card/103_WSCT/WSCT2533.JPG
201001,Extra_card,20200630,102308,87,1,1376,167,1463,283,201001/Extra_card/103_WSCT/WSCT2574.JPG
201001,Extra_card,20200630,102608,35,1,2426,747,2526,867,201001/Extra_card/103_WSCT/WSCT2577.JPG
201001,Extra_card,20200630,102708,26,1,2002,1804,2079,1857,201001/Extra_card/103_WSCT/WSCT2578.JPG
201001,Extra_card,20200630,102908,37,1,801,2159,867,2211,201001/Extra_card/103_WSCT/WSCT2580.JPG
201001,Extra_card,20200630,104008,45,1,2428,750,2558,857,201001/Extra_card/103_WSCT/WSCT2591.JPG
201001,Extra_card,20200630,104708,40,1,1658,11,1737,116,201001/Extra_card/103_WSCT/WSCT2598.JPG
201001,Extra_card,20200630,105808,63,1,2109,1413,2184,1509,201001/Extra_card/103_WSCT/WSCT2609.JPG
201001,Extra_card,20200630,110308,46,1,2253,1242,2352,1323,201001/Extra_card/103_WSCT/WSCT2614.JPG
201001,Extra_card,20200630,110408,85,1,2244,1237,2385,1333,201001/Extra_card/103_WSCT/WSCT2615.JPG
201001,Extra_card,20200630,110508,78,1,2224,1424,2338,1580,201001/Extra_card/103_WSCT/WSCT2616.JPG
201001,Extra_card,20200630,112308,79,1,3250,1434,3350,1591,201001/Extra_card/103_WSCT/WSCT2634.JPG
201001,Extra_card,20200630,112408,82,1,3251,1429,3351,1587,201001/Extra_card/103_WSCT/WSCT2635.JPG
201001,Extra_card,20200630,112508,88,1,3252,1441,3345,1590,201001/Extra_card/103_WSCT/WSCT2636.JPG
201001,Extra_card,20200630,112608,65,1,2918,1163,3018,1302,201001/Extra_card/103_WSCT/WSCT2637.JPG
201001,Extra_card,20200630,112608,87,1,3248,1433,3343,1583,201001/Extra_card/103_WSCT/WSCT2637.JPG
201001,Extra_card,20200630,112708,79,1,2871,1177,3014,1276,201001/Extra_card/103_WSCT/WSCT2638.JPG
201001,Extra_card,20200630,112708,89,1,3240,1421,3340,1567,201001/Extra_card/103_WSCT/WSCT2638.JPG
201001,Extra_card,20200630,112808,76,1,2884,1179,3018,1276,201001/Extra_card/103_WSCT/WSCT2639.JPG
201001,Extra_card,20200630,112808,89,1,3237,1422,3336,1576,201001/Extra_card/103_WSCT/WSCT2639.JPG
201001,Extra_card,20200630,112908,77,1,2866,1172,2998,1309,201001/Extra_card/103_WSCT/WSCT2640.JPG
201001,Extra_card,20200630,112908,86,1,3247,1424,3351,1581,201001/Extra_card/103_WSCT/WSCT2640.JPG
201001,Extra_card,20200630,113008,48,1,3039,1347,3205,1444,201001/Extra_card/103_WSCT/WSCT2641.JPG
201001,Extra_card,20200630,120110,36,1,4142,2274,4224,2370,201001/Extra_card/103_WSCT/WSCT2672.JPG
201001,Extra_card,20200630,123008,32,1,2473,1267,2530,1318,201001/Extra_card/103_WSCT/WSCT2701.JPG
201001,Extra_card,20200630,123408,55,1,2336,1301,2438,1367,201001/Extra_card/103_WSCT/WSCT2705.JPG
201001,Extra_card,20200630,123508,35,1,3015,2078,3083,2126,201001/Extra_card/103_WSCT/WSCT2706.JPG
201001,Extra_card,20200630,124108,26,1,710,2218,774,2272,201001/Extra_card/103_WSCT/WSCT2712.JPG
201001,Extra_card,20200630,124208,29,1,2503,1750,2564,1817,201001/Extra_card/103_WSCT/WSCT2713.JPG
201001,Extra_card,20200630,124208,39,1,2043,1594,2104,1666,201001/Extra_card/103_WSCT/WSCT2713.JPG
201001,Extra_card,20200630,124508,54,1,2412,735,2538,877,201001/Extra_card/103_WSCT/WSCT2716.JPG
201001,Extra_card,20200630,125108,30,1,3233,711,3339,847,201001/Extra_card/103_WSCT/WSCT2722.JPG
201001,Extra_card,20200630,125708,26,1,1453,1928,1516,1976,201001/Extra_card/103_WSCT/WSCT2728.JPG
201001,Extra_card,20200630,130608,39,1,3127,1893,3292,2038,201001/Extra_card/103_WSCT/WSCT2737.JPG
201001,Extra_card,20200630,130708,73,1,3056,1794,3185,1927,201001/Extra_card/103_WSCT/WSCT2738.JPG
201001,Extra_card,20200630,130808,59,1,3054,1795,3181,1902,201001/Extra_card/103_WSCT/WSCT2739.JPG
201001,Extra_card,20200630,130908,77,1,3056,1801,3180,1909,201001/Extra_card/103_WSCT/WSCT2740.JPG
201001,Extra_card,20200630,131008,81,1,3056,1804,3182,1900,201001/Extra_card/103_WSCT/WSCT2741.JPG
201001,Extra_card,20200630,131208,49,1,3085,1862,3201,2009,201001/Extra_card/103_WSCT/WSCT2743.JPG
201001,Extra_card,20200630,133208,58,1,1103,2028,1174,2089,201001/Extra_card/103_WSCT/WSCT2763.JPG
201001,Extra_card,20200630,133708,44,1,2705,611,2791,682,201001/Extra_card/103_WSCT/WSCT2768.JPG
201001,Extra_card,20200630,134808,56,1,2935,957,3015,1050,201001/Extra_card/103_WSCT/WSCT2779.JPG
201001,Extra_card,20200630,135308,80,1,2430,1817,2521,1918,201001/Extra_card/103_WSCT/WSCT2784.JPG
201001,Extra_card,20200630,135408,37,1,2946,2172,3021,2245,201001/Extra_card/103_WSCT/WSCT2785.JPG
201001,Extra_card,20200630,135808,28,1,3247,2090,3345,2203,201001/Extra_card/103_WSCT/WSCT2789.JPG
201001,Extra_card,20200630,140508,25,1,2937,942,3014,1032,201001/Extra_card/103_WSCT/WSCT2796.JPG
201001,Extra_card,20200630,140808,69,1,2201,461,2275,560,201001/Extra_card/103_WSCT/WSCT2799.JPG
201001,Extra_card,20200630,141108,29,1,492,521,630,662,201001/Extra_card/103_WSCT/WSCT2802.JPG
201001,Extra_card,20200630,142108,28,1,1059,146,1160,226,201001/Extra_card/103_WSCT/WSCT2812.JPG
201001,Extra_card,20200630,142408,49,1,803,1946,871,2010,201001/Extra_card/103_WSCT/WSCT2815.JPG
201001,Extra_card,20200630,142608,37,1,2376,1191,2435,1243,201001/Extra_card/103_WSCT/WSCT2817.JPG
201001,Extra_card,20200630,142708,28,1,1663,1511,1737,1574,201001/Extra_card/103_WSCT/WSCT2818.JPG
201001,Extra_card,20200630,143808,77,1,1517,156,1668,257,201001/Extra_card/103_WSCT/WSCT2829.JPG
201001,Extra_card,20200630,143908,34,1,1393,224,1506,298,201001/Extra_card/103_WSCT/WSCT2830.JPG
201001,Extra_card,20200630,144108,60,1,1196,47,1290,164,201001/Extra_card/103_WSCT/WSCT2832.JPG
201001,Extra_card,20200630,145110,39,1,1593,2160,1653,2215,201001/Extra_card/103_WSCT/WSCT2842.JPG
201001,Extra_card,20200630,145508,90,1,1294,2046,1443,2149,201001/Extra_card/103_WSCT/WSCT2846.JPG
201001,Extra_card,20200630,145608,87,1,1312,2054,1446,2152,201001/Extra_card/103_WSCT/WSCT2847.JPG
201001,Extra_card,20200630,150208,44,1,3216,206,3304,311,201001/Extra_card/103_WSCT/WSCT2853.JPG
201001,Extra_card,20200630,151008,25,1,2995,972,3068,1050,201001/Extra_card/103_WSCT/WSCT2861.JPG
201001,Extra_card,20200630,155508,27,1,2059,1719,2122,1769,201001/Extra_card/103_WSCT/WSCT2906.JPG
201001,Extra_card,20200630,164908,63,1,514,1908,587,1974,201001/Extra_card/103_WSCT/WSCT2960.JPG
201001,Extra_card,20200630,165108,56,1,515,1909,593,1977,201001/Extra_card/103_WSCT/WSCT2962.JPG
201001,Extra_card,20200630,165308,44,1,517,1905,591,1974,201001/Extra_card/103_WSCT/WSCT2964.JPG
201001,Extra_card,20200630,182108,27,1,2708,2010,2842,2102,201001/Extra_card/103_WSCT/WSCT3052.JPG
201001,Extra_card,20200630,182208,30,1,2676,2010,2789,2132,201001/Extra_card/103_WSCT/WSCT3053.JPG
201001,Extra_card,20200630,185908,26,1,1026,2060,1096,2116,201001/Extra_card/103_WSCT/WSCT3090.JPG
201001,Extra_card,20200630,190408,44,1,2186,1756,2252,1808,201001/Extra_card/103_WSCT/WSCT3095.JPG
201001,Extra_card,20200630,190608,26,1,2183,1767,2247,1822,201001/Extra_card/103_WSCT/WSCT3097.JPG
201001,Extra_card,20200630,192808,27,1,2420,756,2532,855,201001/Extra_card/103_WSCT/WSCT3119.JPG
201001,Extra_card,20200630,193508,63,1,2326,736,2401,836,201001/Extra_card/103_WSCT/WSCT3126.JPG
201001,Extra_card,20200630,210708,85,1,2915,1979,3014,2069,201001/Extra_card/103_WSCT/WSCT3218.JPG
201001,Extra_card,20200630,210808,76,1,2950,2063,3038,2145,201001/Extra_card/103_WSCT/WSCT3219.JPG
201001,Extra_card,20200701,061102,36,1,646,984,844,1133,201001/Extra_card/103_WSCT/WSCT3282.JPG
201001,Extra_card,20200701,061202,43,1,2094,1832,2166,1909,201001/Extra_card/103_WSCT/WSCT3283.JPG
201001,Extra_card,20200701,071908,47,1,3437,445,3547,535,201001/Extra_card/103_WSCT/WSCT3350.JPG
201001,Extra_card,20200701,072616,29,1,3441,447,3544,534,201001/Extra_card/103_WSCT/WSCT3357.JPG
201001,Extra_card,20200701,072816,46,1,3438,444,3549,537,201001/Extra_card/103_WSCT/WSCT3359.JPG
201001,Extra_card,20200701,074616,46,1,2297,1524,2362,1596,201001/Extra_card/103_WSCT/WSCT3377.JPG
201001,Extra_card,20200701,074816,75,1,3310,1128,3433,1223,201001/Extra_card/103_WSCT/WSCT3379.JPG
201001,Extra_card,20200701,075916,27,1,1844,1705,1928,1803,201001/Extra_card/103_WSCT/WSCT3390.JPG
201001,Extra_card,20200701,080416,45,1,3432,448,3542,534,201001/Extra_card/103_WSCT/WSCT3395.JPG
201001,Extra_card,20200701,081616,50,1,3434,444,3541,536,201001/Extra_card/103_WSCT/WSCT3407.JPG
201001,Extra_card,20200701,085716,40,1,1884,1471,1982,1566,201001/Extra_card/103_WSCT/WSCT3448.JPG
201001,Extra_card,20200701,090016,78,1,2650,492,2871,613,201001/Extra_card/103_WSCT/WSCT3451.JPG
201001,Extra_card,20200701,090216,88,1,3851,179,3995,379,201001/Extra_card/103_WSCT/WSCT3453.JPG
201001,Extra_card,20200701,090416,30,1,3451,457,3538,535,201001/Extra_card/103_WSCT/WSCT3455.JPG
201001,Extra_card,20200701,090716,27,1,3440,447,3543,539,201001/Extra_card/103_WSCT/WSCT3458.JPG
201001,Extra_card,20200701,090816,89,1,2355,129,2472,287,201001/Extra_card/103_WSCT/WSCT3459.JPG
201001,Extra_card,20200701,090916,91,1,2659,606,2866,732,201001/Extra_card/103_WSCT/WSCT3460.JPG
201001,Extra_card,20200701,091016,89,1,1829,2043,2006,2162,201001/Extra_card/103_WSCT/WSCT3461.JPG
201001,Extra_card,20200701,091716,28,1,695,2045,776,2111,201001/Extra_card/103_WSCT/WSCT3468.JPG
201001,Extra_card,20200701,091816,34,1,807,2042,890,2095,201001/Extra_card/103_WSCT/WSCT3469.JPG
201001,Extra_card,20200701,091916,46,1,2014,1568,2097,1647,201001/Extra_card/103_WSCT/WSCT3470.JPG
201001,Extra_card,20200701,092416,31,1,2342,1303,2404,1362,201001/Extra_card/103_WSCT/WSCT3475.JPG
201001,Extra_card,20200701,092516,39,1,2347,1307,2408,1372,201001/Extra_card/103_WSCT/WSCT3476.JPG
201001,Extra_card,20200701,100616,26,1,3331,964,3415,1048,201001/Extra_card/103_WSCT/WSCT3517.JPG
201001,Extra_card,20200701,100816,44,1,3328,963,3410,1048,201001/Extra_card/103_WSCT/WSCT3519.JPG
201001,Extra_card,20200701,101616,42,1,74,2032,165,2136,201001/Extra_card/103_WSCT/WSCT3527.JPG
201001,Extra_card,20200701,102016,27,1,1595,849,1660,900,201001/Extra_card/103_WSCT/WSCT3531.JPG
201001,Extra_card,20200701,103016,28,1,2498,1380,2560,1433,201001/Extra_card/103_WSCT/WSCT3541.JPG
201001,Extra_card,20200701,104016,75,1,2300,1033,2409,1123,201001/Extra_card/103_WSCT/WSCT3551.JPG
201001,Extra_card,20200701,104216,87,1,124,1998,299,2136,201001/Extra_card/103_WSCT/WSCT3553.JPG
201001,Extra_card,20200701,105916,85,1,1876,2051,1982,2190,201001/Extra_card/103_WSCT/WSCT3570.JPG
201001,Extra_card,20200701,111016,89,1,1525,1933,1693,2059,201001/Extra_card/103_WSCT/WSCT3581.JPG
201001,Extra_card,20200701,112916,43,1,3535,1711,3610,1760,201001/Extra_card/103_WSCT/WSCT3600.JPG
201001,Extra_card,20200701,113416,33,1,1776,1158,1850,1239,201001/Extra_card/103_WSCT/WSCT3605.JPG
201001,Extra_card,20200701,114416,66,1,3845,611,3925,713,201001/Extra_card/103_WSCT/WSCT3615.JPG
201001,Extra_card,20200701,114516,76,1,3842,612,3925,719,201001/Extra_card/103_WSCT/WSCT3616.JPG
201001,Extra_card,20200701,114616,83,1,3845,606,3939,716,201001/Extra_card/103_WSCT/WSCT3617.JPG
201001,Extra_card,20200701,114716,40,1,323,2113,400,2192,201001/Extra_card/103_WSCT/WSCT3618.JPG
201001,Extra_card,20200701,114716,45,1,3846,615,3950,715,201001/Extra_card/103_WSCT/WSCT3618.JPG
201001,Extra_card,20200701,114816,44,1,3835,631,3940,705,201001/Extra_card/103_WSCT/WSCT3619.JPG
201001,Extra_card,20200701,115216,27,1,3969,2232,4118,2334,201001/Extra_card/103_WSCT/WSCT3623.JPG
201001,Extra_card,20200701,115216,41,1,2953,374,3068,445,201001/Extra_card/103_WSCT/WSCT3623.JPG
201001,Extra_card,20200701,115416,75,1,2878,265,2961,378,201001/Extra_card/103_WSCT/WSCT3625.JPG
201001,Extra_card,20200701,115516,27,1,2057,1744,2121,1788,201001/Extra_card/103_WSCT/WSCT3626.JPG
201001,Extra_card,20200701,115716,42,1,2738,218,2817,284,201001/Extra_card/103_WSCT/WSCT3628.JPG
201001,Extra_card,20200701,115816,36,1,2777,513,2865,596,201001/Extra_card/103_WSCT/WSCT3629.JPG
201001,Extra_card,20200701,115916,68,1,2796,642,2922,723,201001/Extra_card/103_WSCT/WSCT3630.JPG
201001,Extra_card,20200701,120316,44,1,2405,1745,2477,1820,201001/Extra_card/103_WSCT/WSCT3634.JPG
201001,Extra_card,20200701,121116,35,1,1113,2033,1186,2120,201001/Extra_card/103_WSCT/WSCT3642.JPG
201001,Extra_card,20200701,121116,84,1,2703,598,2863,704,201001/Extra_card/103_WSCT/WSCT3642.JPG
201001,Extra_card,20200701,122422,47,1,4074,7,4190,118,201001/Extra_card/103_WSCT/WSCT3655.JPG
201001,Extra_card,20200701,122822,54,1,4162,613,4224,724,201001/Extra_card/103_WSCT/WSCT3659.JPG
201001,Extra_card,20200701,123022,53,1,1,1616,151,1761,201001/Extra_card/103_WSCT/WSCT3661.JPG
201001,Extra_card,20200701,124422,77,1,1983,1721,2073,1777,201001/Extra_card/103_WSCT/WSCT3675.JPG
201001,Extra_card,20200701,124722,88,1,933,162,1038,311,201001/Extra_card/103_WSCT/WSCT3678.JPG
201001,Extra_card,20200701,125922,86,1,2143,747,2254,879,201001/Extra_card/103_WSCT/WSCT3690.JPG
201001,Extra_card,20200701,130822,32,1,2578,1392,2646,1447,201001/Extra_card/103_WSCT/WSCT3699.JPG
201001,Extra_card,20200701,131022,86,1,3303,2083,3417,2264,201001/Extra_card/103_WSCT/WSCT3701.JPG
201001,Extra_card,20200701,131122,87,1,3933,536,4128,666,201001/Extra_card/103_WSCT/WSCT3702.JPG
201001,Extra_card,20200701,131322,42,1,1962,1505,2026,1563,201001/Extra_card/103_WSCT/WSCT3704.JPG
201001,Extra_card,20200701,131522,81,1,77,2068,215,2199,201001/Extra_card/103_WSCT/WSCT3706.JPG
201001,Extra_card,20200701,131522,89,1,2523,2147,2725,2349,201001/Extra_card/103_WSCT/WSCT3706.JPG
201001,Extra_card,20200701,131622,87,1,100,1987,267,2159,201001/Extra_card/103_WSCT/WSCT3707.JPG
201001,Extra_card,20200701,132522,85,1,3995,2096,4223,2252,201001/Extra_card/103_WSCT/WSCT3716.JPG
201001,Extra_card,20200701,132922,41,1,1070,2046,1133,2104,201001/Extra_card/103_WSCT/WSCT3720.JPG
201001,Extra_card,20200701,133422,30,1,1993,1602,2059,1651,201001/Extra_card/103_WSCT/WSCT3725.JPG
201001,Extra_card,20200701,134722,90,1,895,1977,1090,2137,201001/Extra_card/103_WSCT/WSCT3738.JPG
201001,Extra_card,20200701,134822,47,1,175,477,274,595,201001/Extra_card/103_WSCT/WSCT3739.JPG
201001,Extra_card,20200701,135922,40,1,2007,1604,2068,1654,201001/Extra_card/103_WSCT/WSCT3750.JPG
201001,Extra_card,20200701,140922,31,1,1,143,40,228,201001/Extra_card/103_WSCT/WSCT3760.JPG
201001,Extra_card,20200701,141022,29,1,0,143,39,249,201001/Extra_card/103_WSCT/WSCT3761.JPG
201001,Extra_card,20200701,141122,32,1,0,136,39,248,201001/Extra_card/103_WSCT/WSCT3762.JPG
201001,Extra_card,20200701,141524,53,1,2390,1716,2455,1766,201001/Extra_card/103_WSCT/WSCT3766.JPG
201001,Extra_card,20200701,142122,30,1,2505,1608,2571,1659,201001/Extra_card/103_WSCT/WSCT3772.JPG
201001,Extra_card,20200701,143222,47,1,684,0,926,103,201001/Extra_card/103_WSCT/WSCT3783.JPG
201001,Extra_card,20200701,143422,41,1,3034,1964,3119,2021,201001/Extra_card/103_WSCT/WSCT3785.JPG
201001,Extra_card,20200701,143722,90,1,2391,1938,2537,2047,201001/Extra_card/103_WSCT/WSCT3788.JPG
201001,Extra_card,20200701,144422,69,1,3187,2058,3309,2179,201001/Extra_card/103_WSCT/WSCT3795.JPG
201001,Extra_card,20200701,145222,90,1,3313,2086,3489,2210,201001/Extra_card/103_WSCT/WSCT3803.JPG
201001,Extra_card,20200701,145322,86,1,1811,2154,1989,2273,201001/Extra_card/103_WSCT/WSCT3804.JPG
201001,Extra_card,20200701,145422,79,1,1499,267,1670,405,201001/Extra_card/103_WSCT/WSCT3805.JPG
201001,Extra_card,20200701,150022,84,1,1158,2024,1358,2129,201001/Extra_card/103_WSCT/WSCT3811.JPG
201001,Extra_card,20200701,150222,26,1,2027,1782,2089,1844,201001/Extra_card/103_WSCT/WSCT3813.JPG
201001,Extra_card,20200701,150822,84,1,0,1317,158,1434,201001/Extra_card/103_WSCT/WSCT3819.JPG
201001,Extra_card,20200701,152522,31,1,1062,2033,1128,2088,201001/Extra_card/103_WSCT/WSCT3836.JPG
201001,Extra_card,20200701,153822,33,1,3962,1150,4034,1205,201001/Extra_card/103_WSCT/WSCT3849.JPG
201001,Extra_card,20200701,155122,48,1,2355,2043,2461,2189,201001/Extra_card/103_WSCT/WSCT3862.JPG
201001,Extra_card,20200701,155422,29,1,1820,1819,1894,1875,201001/Extra_card/103_WSCT/WSCT3865.JPG
201001,Extra_card,20200701,155622,71,1,1696,108,1852,337,201001/Extra_card/103_WSCT/WSCT3867.JPG
201001,Extra_card,20200701,155722,86,1,2083,789,2275,948,201001/Extra_card/103_WSCT/WSCT3868.JPG
201001,Extra_card,20200701,155822,90,1,3392,1991,3590,2225,201001/Extra_card/103_WSCT/WSCT3869.JPG
201001,Extra_card,20200701,160522,59,1,3624,1888,3720,1955,201001/Extra_card/103_WSCT/WSCT3876.JPG
201001,Extra_card,20200701,161522,31,1,2661,1696,2735,1750,201001/Extra_card/103_WSCT/WSCT3886.JPG
201001,Extra_card,20200701,162522,32,1,2022,1242,2087,1301,201001/Extra_card/103_WSCT/WSCT3896.JPG
201001,Extra_card,20200701,163022,28,1,3126,1119,3226,1223,201001/Extra_card/103_WSCT/WSCT3901.JPG
201001,Extra_card,20200701,163722,27,1,2689,210,2811,285,201001/Extra_card/103_WSCT/WSCT3908.JPG
201001,Extra_card,20200701,163722,29,1,1790,81,1861,153,201001/Extra_card/103_WSCT/WSCT3908.JPG
201001,Extra_card,20200701,164130,26,1,3650,498,3704,554,201001/Extra_card/103_WSCT/WSCT3912.JPG
201001,Extra_card,20200701,164730,70,1,2599,2163,2729,2291,201001/Extra_card/103_WSCT/WSCT3918.JPG
201001,Extra_card,20200701,165030,32,1,2874,721,2996,803,201001/Extra_card/103_WSCT/WSCT3921.JPG
201001,Extra_card,20200701,165430,28,1,0,437,38,526,201001/Extra_card/103_WSCT/WSCT3925.JPG
201001,Extra_card,20200701,170630,93,1,928,1813,1102,1926,201001/Extra_card/103_WSCT/WSCT3937.JPG
201001,Extra_card,20200701,171730,89,1,2488,365,2588,505,201001/Extra_card/103_WSCT/WSCT3948.JPG
201001,Extra_card,20200701,172030,87,1,1727,132,1879,246,201001/Extra_card/103_WSCT/WSCT3951.JPG
201001,Extra_card,20200701,172130,33,1,1575,771,1662,833,201001/Extra_card/103_WSCT/WSCT3952.JPG
201001,Extra_card,20200701,172230,82,1,1731,306,1853,426,201001/Extra_card/103_WSCT/WSCT3953.JPG
201001,Extra_card,20200701,172330,87,1,1510,279,1676,401,201001/Extra_card/103_WSCT/WSCT3954.JPG
201001,Extra_card,20200701,172430,73,1,914,163,1005,307,201001/Extra_card/103_WSCT/WSCT3955.JPG
201001,Extra_card,20200701,172930,26,1,2884,1985,2958,2067,201001/Extra_card/103_WSCT/WSCT3960.JPG
201001,Extra_card,20200701,172930,86,1,2347,985,2466,1125,201001/Extra_card/103_WSCT/WSCT3960.JPG
201001,Extra_card,20200701,175130,35,1,4096,1981,4181,2036,201001/Extra_card/103_WSCT/WSCT3982.JPG
201001,Extra_card,20200701,180830,40,1,4166,256,4224,385,201001/Extra_card/103_WSCT/WSCT3999.JPG
201001,Extra_card,20200701,181230,29,1,2463,233,2523,298,201001/Extra_card/103_WSCT/WSCT4003.JPG
201001,Extra_card,20200701,181330,37,1,2457,231,2525,299,201001/Extra_card/103_WSCT/WSCT4004.JPG
201001,Extra_card,20200701,181530,28,1,2392,1572,2473,1675,201001/Extra_card/103_WSCT/WSCT4006.JPG
201001,Extra_card,20200701,182130,89,1,2351,2015,2535,2162,201001/Extra_card/103_WSCT/WSCT4012.JPG
201001,Extra_card,20200701,182230,86,1,2284,915,2390,1081,201001/Extra_card/103_WSCT/WSCT4013.JPG
201001,Extra_card,20200701,182330,87,1,2244,805,2343,971,201001/Extra_card/103_WSCT/WSCT4014.JPG
201001,Extra_card,20200701,182530,67,1,2863,422,3012,516,201001/Extra_card/103_WSCT/WSCT4016.JPG
201001,Extra_card,20200701,182830,82,1,2899,99,3114,220,201001/Extra_card/103_WSCT/WSCT4019.JPG
201001,Extra_card,20200701,183630,87,1,2825,605,3030,722,201001/Extra_card/103_WSCT/WSCT4027.JPG
201001,Extra_card,20200701,183730,90,1,2926,670,3132,804,201001/Extra_card/103_WSCT/WSCT4028.JPG
201001,Extra_card,20200701,183830,89,1,3938,439,4137,582,201001/Extra_card/103_WSCT/WSCT4029.JPG
201001,Extra_card,20200701,183930,77,1,4116,189,4224,332,201001/Extra_card/103_WSCT/WSCT4030.JPG
201001,Extra_card,20200701,184430,45,1,4165,741,4224,839,201001/Extra_card/103_WSCT/WSCT4035.JPG
201001,Extra_card,20200701,184830,29,1,2077,1621,2149,1678,201001/Extra_card/103_WSCT/WSCT4039.JPG
201001,Extra_card,20200701,185030,40,1,2078,1621,2147,1679,201001/Extra_card/103_WSCT/WSCT4041.JPG
201001,Extra_card,20200701,185030,78,1,4131,539,4224,751,201001/Extra_card/103_WSCT/WSCT4041.JPG
201001,Extra_card,20200701,185230,87,1,2717,896,2865,1107,201001/Extra_card/103_WSCT/WSCT4043.JPG
201001,Extra_card,20200701,185330,72,1,3681,2106,3888,2226,201001/Extra_card/103_WSCT/WSCT4044.JPG
201001,Extra_card,20200701,191236,34,1,2525,914,2582,978,201001/Extra_card/103_WSCT/WSCT4063.JPG
201001,Extra_card,20200701,191636,37,1,2465,2271,2546,2366,201001/Extra_card/103_WSCT/WSCT4067.JPG
201001,Extra_card,20200701,193736,79,1,189,1935,301,2089,201001/Extra_card/103_WSCT/WSCT4088.JPG
201001,Extra_card,20200701,193836,85,1,152,1679,269,1840,201001/Extra_card/103_WSCT/WSCT4089.JPG
201001,Extra_card,20200701,195444,36,1,2439,1612,2498,1675,201001/Extra_card/103_WSCT/WSCT4105.JPG
201001,Extra_card,20200701,202744,56,1,2454,57,2539,130,201001/Extra_card/103_WSCT/WSCT4138.JPG
201001,Extra_card,20200701,205144,37,1,2844,97,2963,183,201001/Extra_card/103_WSCT/WSCT4162.JPG
201001,Extra_card,20200701,210044,38,1,1,2108,97,2198,201001/Extra_card/103_WSCT/WSCT4171.JPG
201001,Extra_card,20200701,210344,32,1,1844,1689,1901,1739,201001/Extra_card/103_WSCT/WSCT4174.JPG
201001,Extra_card,20200701,210644,46,1,1846,1686,1909,1737,201001/Extra_card/103_WSCT/WSCT4177.JPG
201001,Extra_card,20200701,210744,25,1,2627,1238,2683,1288,201001/Extra_card/103_WSCT/WSCT4178.JPG
201001,Extra_card,20200701,211344,25,1,2608,1302,2678,1353,201001/Extra_card/103_WSCT/WSCT4184.JPG
201001,Extra_card,20200701,212150,46,1,1791,1571,1851,1618,201001/Extra_card/103_WSCT/WSCT4192.JPG
201001,Extra_card,20200701,212250,45,1,2535,1774,2606,1844,201001/Extra_card/103_WSCT/WSCT4193.JPG
201001,Extra_card,20200701,213750,57,1,254,293,311,349,201001/Extra_card/103_WSCT/WSCT4208.JPG
201001,Extra_card,20200702,064302,29,1,108,708,228,851,201001/Extra_card/103_WSCT/WSCT4274.JPG
201001,Extra_card,20200702,064402,61,1,93,768,241,899,201001/Extra_card/103_WSCT/WSCT4275.JPG
201001,Extra_card,20200702,065102,75,1,3005,2220,3093,2335,201001/Extra_card/103_WSCT/WSCT4282.JPG
201001,Extra_card,20200702,070402,36,1,2317,1115,2389,1199,201001/Extra_card/103_WSCT/WSCT4295.JPG
201001,Extra_card,20200702,080208,66,1,2211,1168,2299,1270,201001/Extra_card/103_WSCT/WSCT4353.JPG
201001,Extra_card,20200702,081808,27,1,2365,1322,2431,1385,201001/Extra_card/103_WSCT/WSCT4369.JPG
201001,Extra_card,20200702,083408,71,1,2385,1224,2476,1352,201001/Extra_card/103_WSCT/WSCT4385.JPG
201001,Extra_card,20200702,083908,81,1,2216,853,2304,991,201001/Extra_card/103_WSCT/WSCT4390.JPG
201001,Extra_card,20200702,084008,42,1,2215,789,2292,900,201001/Extra_card/103_WSCT/WSCT4391.JPG
201001,Extra_card,20200702,090008,80,1,2063,1008,2184,1112,201001/Extra_card/103_WSCT/WSCT4411.JPG
201001,Extra_card,20200702,090910,59,1,1950,771,2109,874,201001/Extra_card/103_WSCT/WSCT4420.JPG
201001,Extra_card,20200702,091010,70,1,1400,151,1485,267,201001/Extra_card/103_WSCT/WSCT4421.JPG
201001,Extra_card,20200702,091210,25,1,4186,1549,4224,1624,201001/Extra_card/103_WSCT/WSCT4423.JPG
201001,Extra_card,20200702,091310,65,1,4116,1316,4212,1448,201001/Extra_card/103_WSCT/WSCT4424.JPG
201001,Extra_card,20200702,092016,72,1,2092,1530,2196,1658,201001/Extra_card/103_WSCT/WSCT4431.JPG
201001,Extra_card,20200702,093216,57,1,2504,1210,2575,1264,201001/Extra_card/103_WSCT/WSCT4443.JPG
201001,Extra_card,20200702,093916,31,1,3984,2216,4166,2320,201001/Extra_card/103_WSCT/WSCT4450.JPG
201001,Extra_card,20200702,093916,40,1,264,1714,407,1861,201001/Extra_card/103_WSCT/WSCT4450.JPG
201001,Extra_card,20200702,094216,73,1,3366,606,3491,707,201001/Extra_card/103_WSCT/WSCT4453.JPG
201001,Extra_card,20200702,094216,91,1,1828,1491,1956,1616,201001/Extra_card/103_WSCT/WSCT4453.JPG
201001,Extra_card,20200702,094316,32,1,3409,595,3501,702,201001/Extra_card/103_WSCT/WSCT4454.JPG
201001,Extra_card,20200702,094816,77,1,1624,2077,1798,2176,201001/Extra_card/103_WSCT/WSCT4459.JPG
201001,Extra_card,20200702,094816,87,1,3940,339,4108,515,201001/Extra_card/103_WSCT/WSCT4459.JPG
201001,Extra_card,20200702,095116,84,1,4028,417,4157,564,201001/Extra_card/103_WSCT/WSCT4462.JPG
201001,Extra_card,20200702,095116,91,1,2525,1360,2642,1567,201001/Extra_card/103_WSCT/WSCT4462.JPG
201001,Extra_card,20200702,100316,78,1,2763,272,2868,395,201001/Extra_card/103_WSCT/WSCT4474.JPG
201001,Extra_card,20200702,100416,75,1,3045,163,3196,258,201001/Extra_card/103_WSCT/WSCT4475.JPG
201001,Extra_card,20200702,100616,34,1,1751,2088,1869,2210,201001/Extra_card/103_WSCT/WSCT4477.JPG
201001,Extra_card,20200702,101016,37,1,1871,183,1966,253,201001/Extra_card/103_WSCT/WSCT4481.JPG
201001,Extra_card,20200702,101116,39,1,2228,550,2304,612,201001/Extra_card/103_WSCT/WSCT4482.JPG
201001,Extra_card,20200702,101716,31,1,2340,576,2403,640,201001/Extra_card/103_WSCT/WSCT4488.JPG
201001,Extra_card,20200702,101716,39,1,3707,286,3779,379,201001/Extra_card/103_WSCT/WSCT4488.JPG
201001,Extra_card,20200702,101816,80,1,4031,1640,4132,1720,201001/Extra_card/103_WSCT/WSCT4489.JPG
201001,Extra_card,20200702,102016,51,1,2453,1125,2550,1183,201001/Extra_card/103_WSCT/WSCT4491.JPG
201001,Extra_card,20200702,102516,58,1,2337,569,2429,639,201001/Extra_card/103_WSCT/WSCT4496.JPG
201001,Extra_card,20200702,102816,39,1,2340,570,2425,636,201001/Extra_card/103_WSCT/WSCT4499.JPG
201001,Extra_card,20200702,103116,85,1,1623,2262,1794,2357,201001/Extra_card/103_WSCT/WSCT4502.JPG
201001,Extra_card,20200702,103416,36,1,1624,264,1701,365,201001/Extra_card/103_WSCT/WSCT4505.JPG
201001,Extra_card,20200702,103416,43,1,2419,679,2495,764,201001/Extra_card/103_WSCT/WSCT4505.JPG
201001,Extra_card,20200702,103416,57,1,3988,749,4108,829,201001/Extra_card/103_WSCT/WSCT4505.JPG
201001,Extra_card,20200702,103416,58,1,2541,1707,2623,1784,201001/Extra_card/103_WSCT/WSCT4505.JPG
201001,Extra_card,20200702,104416,26,1,2885,1015,2960,1088,201001/Extra_card/103_WSCT/WSCT4515.JPG
201001,Extra_card,20200702,110722,87,1,1887,219,1996,380,201001/Extra_card/103_WSCT/WSCT4538.JPG
201001,Extra_card,20200702,110922,32,1,2879,1008,2955,1087,201001/Extra_card/103_WSCT/WSCT4540.JPG
201001,Extra_card,20200702,110922,75,1,2442,309,2550,465,201001/Extra_card/103_WSCT/WSCT4540.JPG
201001,Extra_card,20200702,111122,39,1,2879,1010,2953,1087,201001/Extra_card/103_WSCT/WSCT4542.JPG
201001,Extra_card,20200702,111122,63,1,3088,6,3189,99,201001/Extra_card/103_WSCT/WSCT4542.JPG
201001,Extra_card,20200702,111222,85,1,2538,576,2649,772,201001/Extra_card/103_WSCT/WSCT4543.JPG
201001,Extra_card,20200702,111322,68,1,2511,414,2703,528,201001/Extra_card/103_WSCT/WSCT4544.JPG
201001,Extra_card,20200702,112022,56,1,351,1882,449,2007,201001/Extra_card/103_WSCT/WSCT4551.JPG
201001,Extra_card,20200702,112322,62,1,2632,1372,2808,1470,201001/Extra_card/103_WSCT/WSCT4554.JPG
201001,Extra_card,20200702,112422,42,1,2614,1404,2771,1501,201001/Extra_card/103_WSCT/WSCT4555.JPG
201001,Extra_card,20200702,112522,92,1,2678,1344,2843,1483,201001/Extra_card/103_WSCT/WSCT4556.JPG
201001,Extra_card,20200702,112922,34,1,2882,1010,2959,1088,201001/Extra_card/103_WSCT/WSCT4560.JPG
201001,Extra_card,20200702,113022,56,1,2880,1011,2954,1089,201001/Extra_card/103_WSCT/WSCT4561.JPG
201001,Extra_card,20200702,113122,33,1,2882,1010,2960,1090,201001/Extra_card/103_WSCT/WSCT4562.JPG
201001,Extra_card,20200702,115322,29,1,3342,1898,3405,1969,201001/Extra_card/103_WSCT/WSCT4584.JPG
201001,Extra_card,20200702,120022,56,1,1883,1445,1998,1569,201001/Extra_card/103_WSCT/WSCT4591.JPG
201001,Extra_card,20200702,120522,72,1,2880,1013,2954,1089,201001/Extra_card/103_WSCT/WSCT4596.JPG
201001,Extra_card,20200702,121730,88,1,680,17,944,196,201001/Extra_card/103_WSCT/WSCT4608.JPG
201001,Extra_card,20200702,122930,67,1,2104,2238,2232,2375,201001/Extra_card/103_WSCT/WSCT4620.JPG
201001,Extra_card,20200702,123330,67,1,2219,245,2307,301,201001/Extra_card/103_WSCT/WSCT4624.JPG
201001,Extra_card,20200702,123430,28,1,2441,1158,2506,1211,201001/Extra_card/103_WSCT/WSCT4625.JPG
201001,Extra_card,20200702,124330,78,1,3537,595,3621,665,201001/Extra_card/103_WSCT/WSCT4634.JPG
201001,Extra_card,20200702,124430,85,1,3622,725,3710,827,201001/Extra_card/103_WSCT/WSCT4635.JPG
201001,Extra_card,20200702,124530,34,1,1913,1073,2013,1136,201001/Extra_card/103_WSCT/WSCT4636.JPG
201001,Extra_card,20200702,124530,65,1,3668,826,3741,917,201001/Extra_card/103_WSCT/WSCT4636.JPG
201001,Extra_card,20200702,124830,53,1,1509,2,1705,127,201001/Extra_card/103_WSCT/WSCT4639.JPG
201001,Extra_card,20200702,124830,67,1,1923,671,2060,872,201001/Extra_card/103_WSCT/WSCT4639.JPG
201001,Extra_card,20200702,124930,68,1,1208,1152,1436,1290,201001/Extra_card/103_WSCT/WSCT4640.JPG
201001,Extra_card,20200702,125630,91,1,2118,867,2329,1014,201001/Extra_card/103_WSCT/WSCT4647.JPG
201001,Extra_card,20200702,125836,53,1,2410,899,2601,1051,201001/Extra_card/103_WSCT/WSCT4649.JPG
201001,Extra_card,20200702,130036,48,1,3715,1960,3788,2041,201001/Extra_card/103_WSCT/WSCT4651.JPG
201001,Extra_card,20200702,130436,61,1,3051,554,3115,625,201001/Extra_card/103_WSCT/WSCT4655.JPG
201001,Extra_card,20200702,130636,40,1,463,647,585,746,201001/Extra_card/103_WSCT/WSCT4657.JPG
201001,Extra_card,20200702,131036,85,1,3650,828,3732,933,201001/Extra_card/103_WSCT/WSCT4661.JPG
201001,Extra_card,20200702,131236,65,1,3722,777,3800,864,201001/Extra_card/103_WSCT/WSCT4663.JPG
201001,Extra_card,20200702,131336,27,1,3526,1702,3597,1754,201001/Extra_card/103_WSCT/WSCT4664.JPG
201001,Extra_card,20200702,131336,52,1,3646,799,3722,862,201001/Extra_card/103_WSCT/WSCT4664.JPG
201001,Extra_card,20200702,131536,82,1,3631,836,3725,918,201001/Extra_card/103_WSCT/WSCT4666.JPG
201001,Extra_card,20200702,132236,30,1,2672,665,2740,732,201001/Extra_card/103_WSCT/WSCT4673.JPG
201001,Extra_card,20200702,133336,86,1,1097,3,1326,172,201001/Extra_card/103_WSCT/WSCT4684.JPG
201001,Extra_card,20200702,134236,86,1,3480,2092,3720,2267,201001/Extra_card/103_WSCT/WSCT4693.JPG
201001,Extra_card,20200702,134636,79,1,3451,1581,3544,1648,201001/Extra_card/103_WSCT/WSCT4697.JPG
201001,Extra_card,20200702,134736,86,1,2797,0,2981,135,201001/Extra_card/103_WSCT/WSCT4698.JPG
201001,Extra_card,20200702,134836,26,1,2909,1077,2993,1176,201001/Extra_card/103_WSCT/WSCT4699.JPG
201001,Extra_card,20200702,134836,65,1,2652,878,2776,1021,201001/Extra_card/103_WSCT/WSCT4699.JPG
201001,Extra_card,20200702,140336,39,1,1904,188,1975,268,201001/Extra_card/103_WSCT/WSCT4714.JPG
201001,Extra_card,20200702,140936,28,1,2218,1302,2293,1375,201001/Extra_card/103_WSCT/WSCT4720.JPG
201001,Extra_card,20200702,142436,37,1,2419,2161,2519,2267,201001/Extra_card/103_WSCT/WSCT4735.JPG
201001,Extra_card,20200702,143036,89,1,1478,2111,1651,2282,201001/Extra_card/103_WSCT/WSCT4741.JPG
201001,Extra_card,20200702,143336,84,1,3992,421,4147,531,201001/Extra_card/103_WSCT/WSCT4744.JPG
201001,Extra_card,20200702,143936,71,1,2155,1403,2219,1470,201001/Extra_card/103_WSCT/WSCT4750.JPG
201001,Extra_card,20200702,145536,65,1,1895,1727,1961,1798,201001/Extra_card/103_WSCT/WSCT4766.JPG
201001,Extra_card,20200702,145936,57,1,4025,1259,4114,1369,201001/Extra_card/103_WSCT/WSCT4770.JPG
201001,Extra_card,20200702,145936,90,1,3354,1956,3551,2219,201001/Extra_card/103_WSCT/WSCT4770.JPG
201001,Extra_card,20200702,152436,48,1,2194,237,2281,299,201001/Extra_card/103_WSCT/WSCT4795.JPG
201001,Extra_card,20200702,153036,33,1,2596,857,2704,1030,201001/Extra_card/103_WSCT/WSCT4801.JPG
201001,Extra_card,20200702,153636,62,1,2425,1203,2616,1303,201001/Extra_card/103_WSCT/WSCT4807.JPG
201001,Extra_card,20200702,154436,64,1,1878,207,2045,309,201001/Extra_card/103_WSCT/WSCT4815.JPG
201001,Extra_card,20200702,155636,26,1,77,1279,318,1430,201001/Extra_card/103_WSCT/WSCT4827.JPG
201001,Extra_card,20200702,155736,42,1,4025,1908,4092,1985,201001/Extra_card/103_WSCT/WSCT4828.JPG
201001,Extra_card,20200702,161044,39,1,2673,658,2739,722,201001/Extra_card/103_WSCT/WSCT4841.JPG
201001,Extra_card,20200702,161144,89,1,3358,1692,3556,1844,201001/Extra_card/103_WSCT/WSCT4842.JPG
201001,Extra_card,20200702,161244,86,1,3341,1695,3544,1840,201001/Extra_card/103_WSCT/WSCT4843.JPG
201001,Extra_card,20200702,161344,85,1,3297,1704,3497,1846,201001/Extra_card/103_WSCT/WSCT4844.JPG
201001,Extra_card,20200702,161444,43,1,3260,1722,3402,1884,201001/Extra_card/103_WSCT/WSCT4845.JPG
201001,Extra_card,20200702,161644,88,1,2534,1738,2688,1868,201001/Extra_card/103_WSCT/WSCT4847.JPG
201001,Extra_card,20200702,161844,77,1,2348,1639,2476,1715,201001/Extra_card/103_WSCT/WSCT4849.JPG
201001,Extra_card,20200702,162644,90,1,2269,1922,2475,2064,201001/Extra_card/103_WSCT/WSCT4857.JPG
201001,Extra_card,20200702,163244,42,1,2054,1199,2113,1260,201001/Extra_card/103_WSCT/WSCT4863.JPG
201001,Extra_card,20200702,163344,54,1,874,926,966,1036,201001/Extra_card/103_WSCT/WSCT4864.JPG
201001,Extra_card,20200702,163644,34,1,2232,536,2325,606,201001/Extra_card/103_WSCT/WSCT4867.JPG
201001,Extra_card,20200702,163744,68,1,3276,359,3378,530,201001/Extra_card/103_WSCT/WSCT4868.JPG
201001,Extra_card,20200702,163844,25,1,2227,531,2322,603,201001/Extra_card/103_WSCT/WSCT4869.JPG
201001,Extra_card,20200702,163944,61,1,2031,2182,2147,2258,201001/Extra_card/103_WSCT/WSCT4870.JPG
201001,Extra_card,20200702,164344,84,1,2730,865,2851,1028,201001/Extra_card/103_WSCT/WSCT4874.JPG
201001,Extra_card,20200702,164744,83,1,2642,50,2790,177,201001/Extra_card/103_WSCT/WSCT4878.JPG
201001,Extra_card,20200702,170144,91,1,898,2128,1071,2236,201001/Extra_card/103_WSCT/WSCT4892.JPG
201001,Extra_card,20200702,170744,40,1,1574,1396,1699,1464,201001/Extra_card/103_WSCT/WSCT4898.JPG
201001,Extra_card,20200702,171444,80,1,659,62,817,159,201001/Extra_card/103_WSCT/WSCT4905.JPG
201001,Extra_card,20200702,172544,69,1,1594,2258,1718,2355,201001/Extra_card/103_WSCT/WSCT4916.JPG
201001,Extra_card,20200702,172644,52,1,1582,2254,1679,2330,201001/Extra_card/103_WSCT/WSCT4917.JPG
201001,Extra_card,20200702,173444,89,1,2950,271,3107,403,201001/Extra_card/103_WSCT/WSCT4925.JPG
201001,Extra_card,20200702,173544,86,1,2814,780,2925,947,201001/Extra_card/103_WSCT/WSCT4926.JPG
201001,Extra_card,20200702,173644,76,1,2571,502,2735,644,201001/Extra_card/103_WSCT/WSCT4927.JPG
201001,Extra_card,20200702,173844,77,1,2370,699,2495,824,201001/Extra_card/103_WSCT/WSCT4929.JPG
201001,Extra_card,20200702,174144,84,1,96,1860,267,1966,201001/Extra_card/103_WSCT/WSCT4932.JPG
201001,Extra_card,20200702,174444,28,1,1947,1237,2048,1340,201001/Extra_card/103_WSCT/WSCT4935.JPG
201001,Extra_card,20200702,180950,47,1,2993,540,3054,607,201001/Extra_card/103_WSCT/WSCT4960.JPG
201001,Extra_card,20200702,181050,25,1,2074,231,2143,288,201001/Extra_card/103_WSCT/WSCT4961.JPG
201001,Extra_card,20200702,181150,47,1,2432,779,2509,875,201001/Extra_card/103_WSCT/WSCT4962.JPG
201001,Extra_card,20200702,181450,38,1,2073,233,2139,290,201001/Extra_card/103_WSCT/WSCT4965.JPG
201001,Extra_card,20200702,182950,28,1,1692,2093,1762,2144,201001/Extra_card/103_WSCT/WSCT4980.JPG
201001,Extra_card,20200702,184150,80,1,3819,646,3997,756,201001/Extra_card/103_WSCT/WSCT4992.JPG
201001,Extra_card,20200702,185350,69,1,2733,333,2794,394,201001/Extra_card/103_WSCT/WSCT5004.JPG
201001,Extra_card,20200702,185450,45,1,1589,1374,1653,1422,201001/Extra_card/103_WSCT/WSCT5005.JPG
201001,Extra_card,20200702,191450,47,1,1794,1690,1885,1750,201001/Extra_card/103_WSCT/WSCT5025.JPG
201001,Extra_card,20200702,194058,88,1,350,511,510,648,201001/Extra_card/103_WSCT/WSCT5051.JPG
201001,Extra_card,20200702,194358,40,1,1013,180,1127,327,201001/Extra_card/103_WSCT/WSCT5054.JPG
201001,Extra_card,20200702,200304,38,1,3023,2184,3082,2244,201001/Extra_card/103_WSCT/WSCT5073.JPG
201001,Extra_card,20200702,203004,25,1,4072,2174,4137,2229,201001/Extra_card/103_WSCT/WSCT5100.JPG
201001,Extra_card,20200702,211704,35,1,3392,672,3468,727,201001/Extra_card/103_WSCT/WSCT5147.JPG
201001,Extra_card,20200702,215404,41,1,4002,2157,4062,2225,201001/Extra_card/103_WSCT/WSCT5184.JPG
201001,Extra_card,20200702,215604,25,1,2076,299,2184,433,201001/Extra_card/103_WSCT/WSCT5186.JPG
201001,Extra_card,20200703,063808,53,1,489,1334,657,1465,201001/Extra_card/103_WSCT/WSCT5228.JPG
201001,Extra_card,20200703,064308,59,1,564,1002,741,1118,201001/Extra_card/103_WSCT/WSCT5233.JPG
201001,Extra_card,20200703,064508,89,1,398,1194,578,1301,201001/Extra_card/103_WSCT/WSCT5235.JPG
201001,Extra_card,20200703,064608,26,1,749,1263,899,1372,201001/Extra_card/103_WSCT/WSCT5236.JPG
201001,Extra_card,20200703,071010,64,1,600,922,764,1038,201001/Extra_card/103_WSCT/WSCT5260.JPG
201001,Extra_card,20200703,071508,38,1,715,111,849,194,201001/Extra_card/103_WSCT/WSCT5265.JPG
201001,Extra_card,20200703,071608,36,1,718,102,851,182,201001/Extra_card/103_WSCT/WSCT5266.JPG
201001,Extra_card,20200703,072108,49,1,1479,2258,1588,2358,201001/Extra_card/103_WSCT/WSCT5271.JPG
201001,Extra_card,20200703,073508,32,1,488,645,588,730,201001/Extra_card/103_WSCT/WSCT5285.JPG
201001,Extra_card,20200703,082108,67,1,64,1845,162,1935,201001/Extra_card/103_WSCT/WSCT5331.JPG
201001,Extra_card,20200703,082208,36,1,104,1821,256,1929,201001/Extra_card/103_WSCT/WSCT5332.JPG
201001,Extra_card,20200703,082308,45,1,228,1809,308,1914,201001/Extra_card/103_WSCT/WSCT5333.JPG
201001,Extra_card,20200703,082408,75,1,363,1646,472,1741,201001/Extra_card/103_WSCT/WSCT5334.JPG
201001,Extra_card,20200703,082910,82,1,1844,394,1955,529,201001/Extra_card/103_WSCT/WSCT5339.JPG
201001,Extra_card,20200703,083110,66,1,2106,13,2218,186,201001/Extra_card/103_WSCT/WSCT5341.JPG
201001,Extra_card,20200703,083410,29,1,4153,1970,4224,2046,201001/Extra_card/103_WSCT/WSCT5344.JPG
201001,Extra_card,20200703,083910,27,1,4127,801,4209,884,201001/Extra_card/103_WSCT/WSCT5349.JPG
201001,Extra_card,20200703,083910,83,1,1486,424,1598,579,201001/Extra_card/103_WSCT/WSCT5349.JPG
201001,Extra_card,20200703,084010,30,1,1448,408,1607,523,201001/Extra_card/103_WSCT/WSCT5350.JPG
201001,Extra_card,20200703,084108,56,1,2893,1005,2970,1094,201001/Extra_card/103_WSCT/WSCT5351.JPG
201001,Extra_card,20200703,084108,86,1,1839,403,1946,534,201001/Extra_card/103_WSCT/WSCT5351.JPG
201001,Extra_card,20200703,084208,37,1,3802,657,3911,735,201001/Extra_card/103_WSCT/WSCT5352.JPG
201001,Extra_card,20200703,084208,53,1,2893,1006,2968,1095,201001/Extra_card/103_WSCT/WSCT5352.JPG
201001,Extra_card,20200703,084208,85,1,2049,772,2194,896,201001/Extra_card/103_WSCT/WSCT5352.JPG
201001,Extra_card,20200703,084308,26,1,3798,618,3883,701,201001/Extra_card/103_WSCT/WSCT5353.JPG
201001,Extra_card,20200703,084608,90,1,3177,2069,3378,2192,201001/Extra_card/103_WSCT/WSCT5356.JPG
201001,Extra_card,20200703,084708,91,1,1732,325,1906,437,201001/Extra_card/103_WSCT/WSCT5357.JPG
201001,Extra_card,20200703,085208,86,1,1199,252,1304,417,201001/Extra_card/103_WSCT/WSCT5362.JPG
201001,Extra_card,20200703,085508,82,1,2346,745,2483,891,201001/Extra_card/103_WSCT/WSCT5365.JPG
201001,Extra_card,20200703,085608,37,1,2494,1436,2564,1512,201001/Extra_card/103_WSCT/WSCT5366.JPG
201001,Extra_card,20200703,085708,37,1,2893,1007,2969,1096,201001/Extra_card/103_WSCT/WSCT5367.JPG
201001,Extra_card,20200703,085908,58,1,3336,1893,3406,1969,201001/Extra_card/103_WSCT/WSCT5369.JPG
201001,Extra_card,20200703,090308,83,1,3248,361,3409,526,201001/Extra_card/103_WSCT/WSCT5373.JPG
201001,Extra_card,20200703,090708,89,1,1472,1543,1597,1663,201001/Extra_card/103_WSCT/WSCT5377.JPG
201001,Extra_card,20200703,090808,89,1,1618,1539,1763,1657,201001/Extra_card/103_WSCT/WSCT5378.JPG
201001,Extra_card,20200703,090908,87,1,1642,1534,1771,1650,201001/Extra_card/103_WSCT/WSCT5379.JPG
201001,Extra_card,20200703,091008,83,1,1664,1536,1795,1642,201001/Extra_card/103_WSCT/WSCT5380.JPG
201001,Extra_card,20200703,091108,85,1,1666,1536,1792,1639,201001/Extra_card/103_WSCT/WSCT5381.JPG
201001,Extra_card,20200703,091208,37,1,4025,508,4115,627,201001/Extra_card/103_WSCT/WSCT5382.JPG
201001,Extra_card,20200703,091508,81,1,1843,472,1933,604,201001/Extra_card/103_WSCT/WSCT5385.JPG
201001,Extra_card,20200703,092108,39,1,343,834,453,978,201001/Extra_card/103_WSCT/WSCT5391.JPG
201001,Extra_card,20200703,092208,38,1,336,826,458,959,201001/Extra_card/103_WSCT/WSCT5392.JPG
201001,Extra_card,20200703,092308,56,1,353,830,470,965,201001/Extra_card/103_WSCT/WSCT5393.JPG
201001,Extra_card,20200703,092408,65,1,350,930,452,1040,201001/Extra_card/103_WSCT/WSCT5394.JPG
201001,Extra_card,20200703,093608,25,1,164,2043,240,2115,201001/Extra_card/103_WSCT/WSCT5406.JPG
201001,Extra_card,20200703,093608,71,1,2041,1835,2154,1910,201001/Extra_card/103_WSCT/WSCT5406.JPG
201001,Extra_card,20200703,094208,68,1,3106,1299,3195,1414,201001/Extra_card/103_WSCT/WSCT5412.JPG
201001,Extra_card,20200703,095514,82,1,1885,501,1991,598,201001/Extra_card/103_WSCT/WSCT5425.JPG
201001,Extra_card,20200703,095716,33,1,1246,12,1334,108,201001/Extra_card/103_WSCT/WSCT5427.JPG
201001,Extra_card,20200703,100416,84,1,3837,238,3923,375,201001/Extra_card/103_WSCT/WSCT5434.JPG
201001,Extra_card,20200703,101816,71,1,2126,667,2199,766,201001/Extra_card/103_WSCT/WSCT5448.JPG
201001,Extra_card,20200703,101916,75,1,2315,652,2415,821,201001/Extra_card/103_WSCT/WSCT5449.JPG
201001,Extra_card,20200703,101916,86,1,2233,346,2317,467,201001/Extra_card/103_WSCT/WSCT5449.JPG
201001,Extra_card,20200703,102416,45,1,1893,314,1990,456,201001/Extra_card/103_WSCT/WSCT5454.JPG
201001,Extra_card,20200703,102516,63,1,63,1914,227,2017,201001/Extra_card/103_WSCT/WSCT5455.JPG
201001,Extra_card,20200703,102616,53,1,2457,1182,2519,1235,201001/Extra_card/103_WSCT/WSCT5456.JPG
201001,Extra_card,20200703,103716,87,1,2929,1720,3031,1868,201001/Extra_card/103_WSCT/WSCT5467.JPG
201001,Extra_card,20200703,103816,87,1,3633,2261,3815,2363,201001/Extra_card/103_WSCT/WSCT5468.JPG
201001,Extra_card,20200703,104516,60,1,3103,2268,3205,2331,201001/Extra_card/103_WSCT/WSCT5475.JPG
201001,Extra_card,20200703,104516,89,1,3742,1676,3904,1777,201001/Extra_card/103_WSCT/WSCT5475.JPG
201001,Extra_card,20200703,104616,77,1,1801,1610,1940,1681,201001/Extra_card/103_WSCT/WSCT5476.JPG
201001,Extra_card,20200703,104716,51,1,898,2214,1005,2345,201001/Extra_card/103_WSCT/WSCT5477.JPG
201001,Extra_card,20200703,105216,57,1,4084,874,4155,937,201001/Extra_card/103_WSCT/WSCT5482.JPG
201001,Extra_card,20200703,105216,89,1,1318,639,1420,778,201001/Extra_card/103_WSCT/WSCT5482.JPG
201001,Extra_card,20200703,105316,90,1,1318,636,1415,780,201001/Extra_card/103_WSCT/WSCT5483.JPG
201001,Extra_card,20200703,110016,55,1,3131,2162,3246,2303,201001/Extra_card/103_WSCT/WSCT5490.JPG
201001,Extra_card,20200703,110116,55,1,4020,1993,4203,2101,201001/Extra_card/103_WSCT/WSCT5491.JPG
201001,Extra_card,20200703,110316,88,1,2171,256,2326,403,201001/Extra_card/103_WSCT/WSCT5493.JPG
201001,Extra_card,20200703,110816,35,1,2891,1013,2969,1100,201001/Extra_card/103_WSCT/WSCT5498.JPG
201001,Extra_card,20200703,111016,27,1,2887,1013,2965,1109,201001/Extra_card/103_WSCT/WSCT5500.JPG
201001,Extra_card,20200703,111016,48,1,2082,41,2177,186,201001/Extra_card/103_WSCT/WSCT5500.JPG
201001,Extra_card,20200703,111716,89,1,2332,803,2497,934,201001/Extra_card/103_WSCT/WSCT5507.JPG
201001,Extra_card,20200703,111816,86,1,2717,961,2890,1119,201001/Extra_card/103_WSCT/WSCT5508.JPG
201001,Extra_card,20200703,111916,90,1,3126,211,3275,401,201001/Extra_card/103_WSCT/WSCT5509.JPG
201001,Extra_card,20200703,112016,90,1,2345,176,2523,290,201001/Extra_card/103_WSCT/WSCT5510.JPG
