201001,NAIM60_2,20200808,170936,89,1,1350,299,1455,417,201001/NAIM60_2/104_WSCT/WSCT0003.JPG
201001,NAIM60_2,20200808,172636,52,1,1217,4,1331,95,201001/NAIM60_2/104_WSCT/WSCT0020.JPG
201001,NAIM60_2,20200808,172636,86,1,3954,173,4070,241,201001/NAIM60_2/104_WSCT/WSCT0020.JPG
201001,NAIM60_2,20200808,172736,31,1,4166,2227,4223,2330,201001/NAIM60_2/104_WSCT/WSCT0021.JPG
201001,NAIM60_2,20200808,172936,68,1,1313,167,1439,360,201001/NAIM60_2/104_WSCT/WSCT0023.JPG
201001,NAIM60_2,20200808,174036,74,1,1274,1150,1383,1278,201001/NAIM60_2/104_WSCT/WSCT0034.JPG
201001,NAIM60_2,20200808,174336,89,1,3468,1973,3576,2076,201001/NAIM60_2/104_WSCT/WSCT0037.JPG
201001,NAIM60_2,20200808,181936,84,1,3600,1703,3716,1801,201001/NAIM60_2/104_WSCT/WSCT0073.JPG
201001,NAIM60_2,20200808,182036,82,1,2391,980,2486,1092,201001/NAIM60_2/104_WSCT/WSCT0074.JPG
201001,NAIM60_2,20200808,182536,56,1,1168,5,1326,89,201001/NAIM60_2/104_WSCT/WSCT0079.JPG
201001,NAIM60_2,20200808,182936,86,1,1550,129,1662,286,201001/NAIM60_2/104_WSCT/WSCT0083.JPG
201001,NAIM60_2,20200808,185136,88,1,1290,65,1492,306,201001/NAIM60_2/104_WSCT/WSCT0105.JPG
201001,NAIM60_2,20200808,185236,85,1,3674,541,3796,612,201001/NAIM60_2/104_WSCT/WSCT0106.JPG
201001,NAIM60_2,20200808,200136,39,1,1835,1213,1911,1287,201001/NAIM60_2/104_WSCT/WSCT0175.JPG
201001,NAIM60_2,20200808,222744,59,1,3869,1578,3977,1688,201001/NAIM60_2/104_WSCT/WSCT0321.JPG
201001,NAIM60_2,20200808,222944,79,1,2955,1613,3061,1701,201001/NAIM60_2/104_WSCT/WSCT0323.JPG
201001,NAIM60_2,20200808,223144,57,1,768,700,861,813,201001/NAIM60_2/104_WSCT/WSCT0325.JPG
201001,NAIM60_2,20200809,071902,51,1,1,1545,66,1606,201001/NAIM60_2/104_WSCT/WSCT0373.JPG
201001,NAIM60_2,20200809,074802,59,1,1180,1160,1299,1239,201001/NAIM60_2/104_WSCT/WSCT0402.JPG
201001,NAIM60_2,20200809,082314,65,1,783,517,888,674,201001/NAIM60_2/104_WSCT/WSCT0437.JPG
201001,NAIM60_2,20200809,084116,37,1,2020,1525,2110,1630,201001/NAIM60_2/104_WSCT/WSCT0455.JPG
201001,NAIM60_2,20200809,085616,35,1,1239,2112,1417,2247,201001/NAIM60_2/104_WSCT/WSCT0470.JPG
201001,NAIM60_2,20200809,091616,60,1,156,1411,243,1532,201001/NAIM60_2/104_WSCT/WSCT0490.JPG
201001,NAIM60_2,20200809,091716,56,1,430,538,543,609,201001/NAIM60_2/104_WSCT/WSCT0491.JPG
201001,NAIM60_2,20200809,093714,28,1,3649,1406,3729,1461,201001/NAIM60_2/104_WSCT/WSCT0511.JPG
201001,NAIM60_2,20200809,102116,43,1,1592,101,1688,216,201001/NAIM60_2/104_WSCT/WSCT0555.JPG
201001,NAIM60_2,20200809,102716,63,1,1585,107,1678,231,201001/NAIM60_2/104_WSCT/WSCT0561.JPG
201001,NAIM60_2,20200809,104516,80,1,1321,216,1507,350,201001/NAIM60_2/104_WSCT/WSCT0579.JPG
201001,NAIM60_2,20200809,105616,61,1,1588,15,1743,181,201001/NAIM60_2/104_WSCT/WSCT0590.JPG
201001,NAIM60_2,20200809,110314,81,1,1543,74,1711,236,201001/NAIM60_2/104_WSCT/WSCT0597.JPG
201001,NAIM60_2,20200809,114016,47,1,1886,778,1968,875,201001/NAIM60_2/104_WSCT/WSCT0634.JPG
201001,NAIM60_2,20200809,115116,79,1,1196,7,1356,163,201001/NAIM60_2/104_WSCT/WSCT0645.JPG
201001,NAIM60_2,20200809,120716,59,1,1559,2,1685,78,201001/NAIM60_2/104_WSCT/WSCT0661.JPG
201001,NAIM60_2,20200809,121516,90,1,1006,99,1143,313,201001/NAIM60_2/104_WSCT/WSCT0669.JPG
201001,NAIM60_2,20200809,122016,68,1,1216,0,1380,98,201001/NAIM60_2/104_WSCT/WSCT0674.JPG
201001,NAIM60_2,20200809,122416,83,1,2045,804,2232,921,201001/NAIM60_2/104_WSCT/WSCT0678.JPG
201001,NAIM60_2,20200809,122516,64,1,3186,2042,3366,2144,201001/NAIM60_2/104_WSCT/WSCT0679.JPG
201001,NAIM60_2,20200809,122716,25,1,325,318,415,374,201001/NAIM60_2/104_WSCT/WSCT0681.JPG
201001,NAIM60_2,20200809,122916,59,1,2532,397,2829,556,201001/NAIM60_2/104_WSCT/WSCT0683.JPG
201001,NAIM60_2,20200809,123814,79,1,2515,396,2814,563,201001/NAIM60_2/104_WSCT/WSCT0692.JPG
201001,NAIM60_2,20200809,133216,78,1,1241,1,1424,111,201001/NAIM60_2/104_WSCT/WSCT0746.JPG
201001,NAIM60_2,20200809,143016,78,1,1530,51,1710,221,201001/NAIM60_2/104_WSCT/WSCT0804.JPG
201001,NAIM60_2,20200809,150616,27,1,3633,1958,3723,2037,201001/NAIM60_2/104_WSCT/WSCT0840.JPG
201001,NAIM60_2,20200809,150716,89,1,1404,187,1585,307,201001/NAIM60_2/104_WSCT/WSCT0841.JPG
201001,NAIM60_2,20200809,153416,82,1,1252,3,1432,152,201001/NAIM60_2/104_WSCT/WSCT0868.JPG
201001,NAIM60_2,20200809,160116,88,1,4047,1436,4224,1646,201001/NAIM60_2/104_WSCT/WSCT0895.JPG
201001,NAIM60_2,20200809,162322,54,1,1812,636,2244,909,201001/NAIM60_2/104_WSCT/WSCT0917.JPG
201001,NAIM60_2,20200809,163222,34,1,4119,2289,4223,2375,201001/NAIM60_2/104_WSCT/WSCT0926.JPG
201001,NAIM60_2,20200809,165522,82,1,3179,1648,3286,1764,201001/NAIM60_2/104_WSCT/WSCT0949.JPG
201001,NAIM60_2,20200809,165522,90,1,1364,38,1543,224,201001/NAIM60_2/104_WSCT/WSCT0949.JPG
201001,NAIM60_2,20200809,165622,82,1,3179,1650,3289,1765,201001/NAIM60_2/104_WSCT/WSCT0950.JPG
201001,NAIM60_2,20200809,170922,38,1,3613,725,3685,802,201001/NAIM60_2/104_WSCT/WSCT0963.JPG
201001,NAIM60_2,20200809,171122,83,1,1234,9,1422,156,201001/NAIM60_2/104_WSCT/WSCT0965.JPG
201001,NAIM60_2,20200809,174422,91,1,1097,995,1288,1143,201001/NAIM60_2/104_WSCT/WSCT0998.JPG
201001,NAIM60_2,20200809,174722,87,1,1336,33,1521,228,201001/NAIM60_2/104_WSCT/WSCT1001.JPG
201001,NAIM60_2,20200809,175122,72,1,1585,35,1702,224,201001/NAIM60_2/104_WSCT/WSCT1005.JPG
201001,NAIM60_2,20200809,182322,79,1,1121,0,1309,102,201001/NAIM60_2/104_WSCT/WSCT1037.JPG
201001,NAIM60_2,20200809,184530,32,1,2343,91,2912,301,201001/NAIM60_2/104_WSCT/WSCT1059.JPG
201001,NAIM60_2,20200809,184630,44,1,2320,182,2704,342,201001/NAIM60_2/104_WSCT/WSCT1060.JPG
201001,NAIM60_2,20200809,193030,50,1,2929,106,3225,271,201001/NAIM60_2/104_WSCT/WSCT1104.JPG
201001,NAIM60_2,20200809,195536,89,1,1307,158,1489,316,201001/NAIM60_2/104_WSCT/WSCT1129.JPG
201001,NAIM60_2,20200809,200236,84,1,4134,2117,4220,2235,201001/NAIM60_2/104_WSCT/WSCT1136.JPG
201001,NAIM60_2,20200809,200638,85,1,483,2097,565,2206,201001/NAIM60_2/104_WSCT/WSCT1140.JPG
201001,NAIM60_2,20200809,202136,94,1,1287,13,1694,490,201001/NAIM60_2/104_WSCT/WSCT1155.JPG
201001,NAIM60_2,20200809,202236,37,1,1612,1174,1724,1260,201001/NAIM60_2/104_WSCT/WSCT1156.JPG
201001,NAIM60_2,20200809,225444,55,1,2682,1776,2778,1907,201001/NAIM60_2/104_WSCT/WSCT1308.JPG
201001,NAIM60_2,20200810,070402,38,1,2681,1939,2802,2064,201001/NAIM60_2/104_WSCT/WSCT1318.JPG
201001,NAIM60_2,20200810,070402,49,1,943,845,1101,1002,201001/NAIM60_2/104_WSCT/WSCT1318.JPG
201001,NAIM60_2,20200810,071102,86,1,908,724,1050,841,201001/NAIM60_2/104_WSCT/WSCT1325.JPG
201001,NAIM60_2,20200810,071402,32,1,110,757,204,903,201001/NAIM60_2/104_WSCT/WSCT1328.JPG
201001,NAIM60_2,20200810,071602,48,1,1774,1002,1875,1114,201001/NAIM60_2/104_WSCT/WSCT1330.JPG
201001,NAIM60_2,20200810,071802,37,1,3851,2267,4066,2376,201001/NAIM60_2/104_WSCT/WSCT1332.JPG
201001,NAIM60_2,20200810,072002,75,1,3364,2223,3542,2376,201001/NAIM60_2/104_WSCT/WSCT1334.JPG
201001,NAIM60_2,20200810,072202,26,1,3226,2195,3331,2266,201001/NAIM60_2/104_WSCT/WSCT1336.JPG
201001,NAIM60_2,20200810,072502,64,1,968,382,1064,532,201001/NAIM60_2/104_WSCT/WSCT1339.JPG
201001,NAIM60_2,20200810,073302,72,1,223,1403,317,1534,201001/NAIM60_2/104_WSCT/WSCT1347.JPG
201001,NAIM60_2,20200810,073402,37,1,830,568,950,643,201001/NAIM60_2/104_WSCT/WSCT1348.JPG
201001,NAIM60_2,20200810,073402,63,1,3035,1297,3302,1469,201001/NAIM60_2/104_WSCT/WSCT1348.JPG
201001,NAIM60_2,20200810,074102,27,1,3734,1432,3903,1534,201001/NAIM60_2/104_WSCT/WSCT1355.JPG
201001,NAIM60_2,20200810,074502,32,1,3494,728,3590,864,201001/NAIM60_2/104_WSCT/WSCT1359.JPG
201001,NAIM60_2,20200810,075002,52,1,901,504,975,604,201001/NAIM60_2/104_WSCT/WSCT1364.JPG
201001,NAIM60_2,20200810,075400,61,1,2098,354,2228,563,201001/NAIM60_2/104_WSCT/WSCT1368.JPG
201001,NAIM60_2,20200810,075700,34,1,997,438,1091,582,201001/NAIM60_2/104_WSCT/WSCT1371.JPG
201001,NAIM60_2,20200810,075802,28,1,4179,693,4224,749,201001/NAIM60_2/104_WSCT/WSCT1372.JPG
201001,NAIM60_2,20200810,080202,63,1,197,1040,296,1190,201001/NAIM60_2/104_WSCT/WSCT1376.JPG
201001,NAIM60_2,20200810,080402,65,1,200,1015,305,1196,201001/NAIM60_2/104_WSCT/WSCT1378.JPG
201001,NAIM60_2,20200810,080902,69,1,3520,1544,3681,1650,201001/NAIM60_2/104_WSCT/WSCT1383.JPG
201001,NAIM60_2,20200810,081102,47,1,2352,1508,2461,1615,201001/NAIM60_2/104_WSCT/WSCT1385.JPG
201001,NAIM60_2,20200810,095702,48,1,2136,164,2205,220,201001/NAIM60_2/104_WSCT/WSCT1491.JPG
201001,NAIM60_2,20200810,100002,50,1,2138,166,2204,218,201001/NAIM60_2/104_WSCT/WSCT1494.JPG
201001,NAIM60_2,20200810,102602,93,1,1110,311,1297,504,201001/NAIM60_2/104_WSCT/WSCT1520.JPG
201001,NAIM60_2,20200810,110302,88,1,2171,1127,2260,1230,201001/NAIM60_2/104_WSCT/WSCT1557.JPG
201001,NAIM60_2,20200810,110402,78,1,1595,50,1766,160,201001/NAIM60_2/104_WSCT/WSCT1558.JPG
201001,NAIM60_2,20200810,111502,34,1,1991,376,2057,441,201001/NAIM60_2/104_WSCT/WSCT1569.JPG
201001,NAIM60_2,20200810,111702,86,1,2076,886,2152,977,201001/NAIM60_2/104_WSCT/WSCT1571.JPG
201001,NAIM60_2,20200810,111802,32,1,2074,883,2145,971,201001/NAIM60_2/104_WSCT/WSCT1572.JPG
201001,NAIM60_2,20200810,111902,33,1,2072,885,2144,974,201001/NAIM60_2/104_WSCT/WSCT1573.JPG
201001,NAIM60_2,20200810,112002,64,1,2074,887,2146,973,201001/NAIM60_2/104_WSCT/WSCT1574.JPG
201001,NAIM60_2,20200810,114102,83,1,218,1407,302,1526,201001/NAIM60_2/104_WSCT/WSCT1595.JPG
201001,NAIM60_2,20200810,114502,45,1,1685,69,1755,126,201001/NAIM60_2/104_WSCT/WSCT1599.JPG
201001,NAIM60_2,20200810,121202,91,1,1629,79,1817,225,201001/NAIM60_2/104_WSCT/WSCT1626.JPG
201001,NAIM60_2,20200810,121902,90,1,1364,73,1594,231,201001/NAIM60_2/104_WSCT/WSCT1633.JPG
201001,NAIM60_2,20200810,122402,81,1,1190,69,1317,225,201001/NAIM60_2/104_WSCT/WSCT1638.JPG
201001,NAIM60_2,20200810,124802,49,1,3101,1101,3177,1185,201001/NAIM60_2/104_WSCT/WSCT1662.JPG
201001,NAIM60_2,20200810,130202,91,1,1453,165,1652,328,201001/NAIM60_2/104_WSCT/WSCT1676.JPG
201001,NAIM60_2,20200810,132202,90,1,1731,184,1963,329,201001/NAIM60_2/104_WSCT/WSCT1696.JPG
201001,NAIM60_2,20200810,133202,83,1,1292,69,1408,253,201001/NAIM60_2/104_WSCT/WSCT1706.JPG
201001,NAIM60_2,20200810,141802,38,1,1228,79,1362,230,201001/NAIM60_2/104_WSCT/WSCT1752.JPG
201001,NAIM60_2,20200810,142402,93,1,1374,4,1612,165,201001/NAIM60_2/104_WSCT/WSCT1758.JPG
201001,NAIM60_2,20200810,143702,36,1,1770,421,1861,485,201001/NAIM60_2/104_WSCT/WSCT1771.JPG
201001,NAIM60_2,20200810,144102,37,1,1770,421,1863,484,201001/NAIM60_2/104_WSCT/WSCT1775.JPG
201001,NAIM60_2,20200810,144202,30,1,1770,421,1863,485,201001/NAIM60_2/104_WSCT/WSCT1776.JPG
201001,NAIM60_2,20200810,144302,32,1,1771,421,1860,484,201001/NAIM60_2/104_WSCT/WSCT1777.JPG
201001,NAIM60_2,20200810,144302,89,1,1217,85,1403,230,201001/NAIM60_2/104_WSCT/WSCT1777.JPG
201001,NAIM60_2,20200810,144402,34,1,1770,421,1862,484,201001/NAIM60_2/104_WSCT/WSCT1778.JPG
201001,NAIM60_2,20200810,145202,38,1,1770,421,1863,484,201001/NAIM60_2/104_WSCT/WSCT1786.JPG
201001,NAIM60_2,20200810,145702,86,1,1208,7,1403,120,201001/NAIM60_2/104_WSCT/WSCT1791.JPG
201001,NAIM60_2,20200810,150102,26,1,1773,422,1863,483,201001/NAIM60_2/104_WSCT/WSCT1795.JPG
201001,NAIM60_2,20200810,153908,77,1,1552,4,1673,156,201001/NAIM60_2/104_WSCT/WSCT1833.JPG
201001,NAIM60_2,20200810,154508,85,1,1694,8,1805,128,201001/NAIM60_2/104_WSCT/WSCT1839.JPG
201001,NAIM60_2,20200810,161408,81,1,1604,6,1740,193,201001/NAIM60_2/104_WSCT/WSCT1868.JPG
201001,NAIM60_2,20200810,162508,89,1,2153,961,2248,1091,201001/NAIM60_2/104_WSCT/WSCT1879.JPG
201001,NAIM60_2,20200810,162908,68,1,0,1071,121,1221,201001/NAIM60_2/104_WSCT/WSCT1883.JPG
201001,NAIM60_2,20200810,163708,84,1,3878,990,3982,1130,201001/NAIM60_2/104_WSCT/WSCT1891.JPG
201001,NAIM60_2,20200810,170708,85,1,1491,181,1636,380,201001/NAIM60_2/104_WSCT/WSCT1921.JPG
201001,NAIM60_2,20200810,171408,88,1,1364,0,1515,171,201001/NAIM60_2/104_WSCT/WSCT1928.JPG
201001,NAIM60_2,20200810,175008,73,1,1237,94,1379,216,201001/NAIM60_2/104_WSCT/WSCT1964.JPG
201001,NAIM60_2,20200810,180708,50,1,1440,3,1582,151,201001/NAIM60_2/104_WSCT/WSCT1981.JPG
201001,NAIM60_2,20200810,180908,85,1,1386,220,1560,350,201001/NAIM60_2/104_WSCT/WSCT1983.JPG
201001,NAIM60_2,20200810,184608,42,1,1124,56,1260,164,201001/NAIM60_2/104_WSCT/WSCT2020.JPG
201001,NAIM60_2,20200810,190608,90,1,1399,212,1579,358,201001/NAIM60_2/104_WSCT/WSCT2040.JPG
201001,NAIM60_2,20200810,190708,86,1,1146,121,1336,267,201001/NAIM60_2/104_WSCT/WSCT2041.JPG
201001,NAIM60_2,20200810,191108,83,1,1214,0,1332,164,201001/NAIM60_2/104_WSCT/WSCT2045.JPG
201001,NAIM60_2,20200810,195408,45,1,1531,0,1684,81,201001/NAIM60_2/104_WSCT/WSCT2088.JPG
201001,NAIM60_2,20200810,211230,27,1,146,2057,242,2128,201001/NAIM60_2/104_WSCT/WSCT2166.JPG
201001,NAIM60_2,20200810,220130,69,1,2266,26,2394,99,201001/NAIM60_2/104_WSCT/WSCT2215.JPG
201001,NAIM60_2,20200811,070308,55,1,759,834,902,923,201001/NAIM60_2/104_WSCT/WSCT2277.JPG
201001,NAIM60_2,20200811,070908,30,1,944,725,1040,806,201001/NAIM60_2/104_WSCT/WSCT2283.JPG
201001,NAIM60_2,20200811,071608,28,1,2458,314,2565,407,201001/NAIM60_2/104_WSCT/WSCT2290.JPG
201001,NAIM60_2,20200811,071708,35,1,1063,2224,1172,2312,201001/NAIM60_2/104_WSCT/WSCT2291.JPG
201001,NAIM60_2,20200811,071808,33,1,146,875,220,933,201001/NAIM60_2/104_WSCT/WSCT2292.JPG
201001,NAIM60_2,20200811,071808,42,1,2384,384,2484,492,201001/NAIM60_2/104_WSCT/WSCT2292.JPG
201001,NAIM60_2,20200811,071908,81,1,169,784,276,849,201001/NAIM60_2/104_WSCT/WSCT2293.JPG
201001,NAIM60_2,20200811,072308,26,1,926,2060,1029,2171,201001/NAIM60_2/104_WSCT/WSCT2297.JPG
201001,NAIM60_2,20200811,072408,47,1,2067,468,2188,559,201001/NAIM60_2/104_WSCT/WSCT2298.JPG
201001,NAIM60_2,20200811,072708,81,1,92,1031,274,1161,201001/NAIM60_2/104_WSCT/WSCT2301.JPG
201001,NAIM60_2,20200811,073410,72,1,835,556,1028,703,201001/NAIM60_2/104_WSCT/WSCT2308.JPG
201001,NAIM60_2,20200811,073508,29,1,194,1500,287,1592,201001/NAIM60_2/104_WSCT/WSCT2309.JPG
201001,NAIM60_2,20200811,073508,65,1,1010,567,1100,696,201001/NAIM60_2/104_WSCT/WSCT2309.JPG
201001,NAIM60_2,20200811,073908,73,1,3705,555,3875,692,201001/NAIM60_2/104_WSCT/WSCT2313.JPG
201001,NAIM60_2,20200811,081308,41,1,1259,1871,1341,1970,201001/NAIM60_2/104_WSCT/WSCT2347.JPG
201001,NAIM60_2,20200811,083208,70,1,2597,762,2750,1118,201001/NAIM60_2/104_WSCT/WSCT2366.JPG
201001,NAIM60_2,20200811,090122,69,1,0,1691,161,1847,201001/NAIM60_2/104_WSCT/WSCT2395.JPG
201001,NAIM60_2,20200811,104730,37,1,1487,12,1706,118,201001/NAIM60_2/104_WSCT/WSCT2501.JPG
201001,NAIM60_2,20200811,120930,76,1,3934,1012,4049,1078,201001/NAIM60_2/104_WSCT/WSCT2583.JPG
201001,NAIM60_2,20200811,121030,33,1,3937,1010,4050,1075,201001/NAIM60_2/104_WSCT/WSCT2584.JPG
201001,NAIM60_2,20200811,121130,74,1,3939,1010,4060,1080,201001/NAIM60_2/104_WSCT/WSCT2585.JPG
201001,NAIM60_2,20200811,121230,83,1,3951,1016,4066,1081,201001/NAIM60_2/104_WSCT/WSCT2586.JPG
201001,NAIM60_2,20200811,121330,83,1,4105,977,4202,1081,201001/NAIM60_2/104_WSCT/WSCT2587.JPG
201001,NAIM60_2,20200811,121430,85,1,2449,1443,2614,1668,201001/NAIM60_2/104_WSCT/WSCT2588.JPG
201001,NAIM60_2,20200811,124530,92,1,1555,29,1809,164,201001/NAIM60_2/104_WSCT/WSCT2619.JPG
201001,NAIM60_2,20200811,131730,90,1,1489,211,1677,337,201001/NAIM60_2/104_WSCT/WSCT2651.JPG
201001,NAIM60_2,20200811,132730,70,1,1592,12,1694,145,201001/NAIM60_2/104_WSCT/WSCT2661.JPG
201001,NAIM60_2,20200811,132830,33,1,1655,77,1778,228,201001/NAIM60_2/104_WSCT/WSCT2662.JPG
201001,NAIM60_2,20200811,133830,34,1,1502,13,1610,117,201001/NAIM60_2/104_WSCT/WSCT2672.JPG
201001,NAIM60_2,20200811,140630,77,1,1174,51,1299,213,201001/NAIM60_2/104_WSCT/WSCT2700.JPG
201001,NAIM60_2,20200811,141830,84,1,1617,66,1797,237,201001/NAIM60_2/104_WSCT/WSCT2712.JPG
201001,NAIM60_2,20200811,145430,54,1,1392,0,1638,99,201001/NAIM60_2/104_WSCT/WSCT2748.JPG
201001,NAIM60_2,20200811,145530,84,1,1189,22,1352,201,201001/NAIM60_2/104_WSCT/WSCT2749.JPG
201001,NAIM60_2,20200811,145830,54,1,133,2171,256,2266,201001/NAIM60_2/104_WSCT/WSCT2752.JPG
201001,NAIM60_2,20200811,151536,51,1,1003,1038,1106,1174,201001/NAIM60_2/104_WSCT/WSCT2769.JPG
201001,NAIM60_2,20200811,151736,64,1,1245,35,1361,220,201001/NAIM60_2/104_WSCT/WSCT2771.JPG
201001,NAIM60_2,20200811,151936,36,1,218,1521,406,2019,201001/NAIM60_2/104_WSCT/WSCT2773.JPG
201001,NAIM60_2,20200811,155236,77,1,1666,12,1783,197,201001/NAIM60_2/104_WSCT/WSCT2806.JPG
201001,NAIM60_2,20200811,155636,90,1,870,121,1098,289,201001/NAIM60_2/104_WSCT/WSCT2810.JPG
201001,NAIM60_2,20200811,161738,70,1,1573,0,1762,106,201001/NAIM60_2/104_WSCT/WSCT2831.JPG
201001,NAIM60_2,20200811,162236,25,1,2823,2307,2893,2375,201001/NAIM60_2/104_WSCT/WSCT2836.JPG
201001,NAIM60_2,20200811,164636,85,1,2577,1630,2664,1733,201001/NAIM60_2/104_WSCT/WSCT2860.JPG
201001,NAIM60_2,20200811,170036,74,1,3228,1054,3328,1124,201001/NAIM60_2/104_WSCT/WSCT2874.JPG
201001,NAIM60_2,20200811,170142,89,1,1999,276,2211,411,201001/NAIM60_2/104_WSCT/WSCT2875.JPG
201001,NAIM60_2,20200811,170244,69,1,3230,1056,3332,1126,201001/NAIM60_2/104_WSCT/WSCT2876.JPG
201001,NAIM60_2,20200811,171244,29,1,3424,126,3501,229,201001/NAIM60_2/104_WSCT/WSCT2886.JPG
201001,NAIM60_2,20200811,172844,68,1,1200,21,1401,151,201001/NAIM60_2/104_WSCT/WSCT2902.JPG
201001,NAIM60_2,20200811,173544,83,1,3648,1616,3714,1687,201001/NAIM60_2/104_WSCT/WSCT2909.JPG
201001,NAIM60_2,20200811,175544,66,1,1919,1622,2049,1817,201001/NAIM60_2/104_WSCT/WSCT2929.JPG
201001,NAIM60_2,20200811,182044,73,1,2253,1036,2366,1110,201001/NAIM60_2/104_WSCT/WSCT2954.JPG
201001,NAIM60_2,20200811,182144,81,1,2235,1038,2365,1119,201001/NAIM60_2/104_WSCT/WSCT2955.JPG
201001,NAIM60_2,20200811,200644,74,1,3603,2222,3703,2341,201001/NAIM60_2/104_WSCT/WSCT3060.JPG
201001,NAIM60_2,20200811,204944,26,1,1972,1562,2093,1642,201001/NAIM60_2/104_WSCT/WSCT3103.JPG
201001,NAIM60_2,20200812,072902,39,1,1910,1403,2045,1627,201001/NAIM60_2/104_WSCT/WSCT3263.JPG
201001,NAIM60_2,20200812,074702,33,1,1913,1401,2048,1631,201001/NAIM60_2/104_WSCT/WSCT3281.JPG
201001,NAIM60_2,20200812,101408,64,1,1442,1482,1520,1550,201001/NAIM60_2/104_WSCT/WSCT3428.JPG
201001,NAIM60_2,20200812,110608,49,1,1834,1624,1977,1831,201001/NAIM60_2/104_WSCT/WSCT3480.JPG
201001,NAIM60_2,20200812,135308,83,1,1846,1657,2048,1795,201001/NAIM60_2/104_WSCT/WSCT3647.JPG
201001,NAIM60_2,20200812,140008,90,1,1854,1636,2043,1761,201001/NAIM60_2/104_WSCT/WSCT3654.JPG
201001,NAIM60_2,20200812,142810,91,1,498,348,698,518,201001/NAIM60_2/104_WSCT/WSCT3682.JPG
201001,NAIM60_2,20200812,143808,80,1,1913,1643,2042,1777,201001/NAIM60_2/104_WSCT/WSCT3692.JPG
201001,NAIM60_2,20200812,145208,94,1,1866,1512,2088,1636,201001/NAIM60_2/104_WSCT/WSCT3706.JPG
201001,NAIM60_2,20200812,145308,57,1,1980,1573,2085,1721,201001/NAIM60_2/104_WSCT/WSCT3707.JPG
201001,NAIM60_2,20200812,145708,55,1,1978,1571,2089,1716,201001/NAIM60_2/104_WSCT/WSCT3711.JPG
201001,NAIM60_2,20200812,145808,64,1,1967,1586,2071,1710,201001/NAIM60_2/104_WSCT/WSCT3712.JPG
201001,NAIM60_2,20200812,145908,28,1,1999,1568,2104,1685,201001/NAIM60_2/104_WSCT/WSCT3713.JPG
201001,NAIM60_2,20200812,150108,30,1,1996,1560,2092,1672,201001/NAIM60_2/104_WSCT/WSCT3715.JPG
201001,NAIM60_2,20200812,150408,52,1,1986,1566,2088,1675,201001/NAIM60_2/104_WSCT/WSCT3718.JPG
201001,NAIM60_2,20200812,150508,53,1,1995,1565,2090,1673,201001/NAIM60_2/104_WSCT/WSCT3719.JPG
201001,NAIM60_2,20200812,151416,57,1,1990,1551,2089,1679,201001/NAIM60_2/104_WSCT/WSCT3728.JPG
201001,NAIM60_2,20200812,151916,63,1,1997,1563,2096,1678,201001/NAIM60_2/104_WSCT/WSCT3733.JPG
201001,NAIM60_2,20200812,152016,41,1,2000,1557,2097,1679,201001/NAIM60_2/104_WSCT/WSCT3734.JPG
201001,NAIM60_2,20200812,152116,54,1,2003,1563,2092,1664,201001/NAIM60_2/104_WSCT/WSCT3735.JPG
201001,NAIM60_2,20200812,152316,54,1,1997,1558,2097,1679,201001/NAIM60_2/104_WSCT/WSCT3737.JPG
201001,NAIM60_2,20200812,152516,56,1,1988,1574,2080,1694,201001/NAIM60_2/104_WSCT/WSCT3739.JPG
201001,NAIM60_2,20200812,152616,85,1,1982,1573,2084,1676,201001/NAIM60_2/104_WSCT/WSCT3740.JPG
201001,NAIM60_2,20200812,152716,64,1,232,929,308,1028,201001/NAIM60_2/104_WSCT/WSCT3741.JPG
201001,NAIM60_2,20200812,153116,26,1,1989,1556,2086,1678,201001/NAIM60_2/104_WSCT/WSCT3745.JPG
201001,NAIM60_2,20200812,153216,52,1,1995,1556,2090,1693,201001/NAIM60_2/104_WSCT/WSCT3746.JPG
201001,NAIM60_2,20200812,153316,76,1,1997,1553,2090,1686,201001/NAIM60_2/104_WSCT/WSCT3747.JPG
201001,NAIM60_2,20200812,153616,53,1,1996,1577,2104,1692,201001/NAIM60_2/104_WSCT/WSCT3750.JPG
201001,NAIM60_2,20200812,153816,38,1,247,956,329,1067,201001/NAIM60_2/104_WSCT/WSCT3752.JPG
201001,NAIM60_2,20200812,154316,50,1,3871,5,4093,118,201001/NAIM60_2/104_WSCT/WSCT3757.JPG
201001,NAIM60_2,20200812,154616,29,1,4187,1259,4224,1339,201001/NAIM60_2/104_WSCT/WSCT3760.JPG
201001,NAIM60_2,20200812,154916,38,1,234,934,320,1056,201001/NAIM60_2/104_WSCT/WSCT3763.JPG
201001,NAIM60_2,20200812,155316,51,1,251,951,329,1060,201001/NAIM60_2/104_WSCT/WSCT3767.JPG
201001,NAIM60_2,20200812,160316,90,1,1738,1588,1944,1721,201001/NAIM60_2/104_WSCT/WSCT3777.JPG
201001,NAIM60_2,20200812,161016,27,1,1593,2012,1666,2072,201001/NAIM60_2/104_WSCT/WSCT3784.JPG
201001,NAIM60_2,20200812,162816,62,1,3856,0,4095,128,201001/NAIM60_2/104_WSCT/WSCT3802.JPG
201001,NAIM60_2,20200812,164016,85,1,1477,1573,1652,1703,201001/NAIM60_2/104_WSCT/WSCT3814.JPG
201001,NAIM60_2,20200812,165616,33,1,1608,1490,1704,1568,201001/NAIM60_2/104_WSCT/WSCT3830.JPG
201001,NAIM60_2,20200812,165916,87,1,1392,556,1477,657,201001/NAIM60_2/104_WSCT/WSCT3833.JPG
201001,NAIM60_2,20200812,170016,86,1,1593,333,1682,446,201001/NAIM60_2/104_WSCT/WSCT3834.JPG
201001,NAIM60_2,20200812,170816,26,1,1468,1327,1646,1480,201001/NAIM60_2/104_WSCT/WSCT3842.JPG
201001,NAIM60_2,20200812,170916,81,1,1460,1316,1637,1472,201001/NAIM60_2/104_WSCT/WSCT3843.JPG
201001,NAIM60_2,20200812,171016,67,1,1475,1303,1622,1420,201001/NAIM60_2/104_WSCT/WSCT3844.JPG
201001,NAIM60_2,20200812,171116,28,1,1573,1442,1717,1622,201001/NAIM60_2/104_WSCT/WSCT3845.JPG
201001,NAIM60_2,20200812,171316,45,1,1567,1644,1703,1738,201001/NAIM60_2/104_WSCT/WSCT3847.JPG
201001,NAIM60_2,20200812,172422,31,1,3216,1489,3311,1584,201001/NAIM60_2/104_WSCT/WSCT3858.JPG
201001,NAIM60_2,20200812,174422,37,1,4094,0,4224,228,201001/NAIM60_2/104_WSCT/WSCT3878.JPG
201001,NAIM60_2,20200812,175222,40,1,4076,0,4224,229,201001/NAIM60_2/104_WSCT/WSCT3886.JPG
201001,NAIM60_2,20200812,175422,47,1,4087,0,4224,196,201001/NAIM60_2/104_WSCT/WSCT3888.JPG
201001,NAIM60_2,20200812,175722,28,1,4069,0,4223,268,201001/NAIM60_2/104_WSCT/WSCT3891.JPG
201001,NAIM60_2,20200812,175922,33,1,4088,0,4224,192,201001/NAIM60_2/104_WSCT/WSCT3893.JPG
201001,NAIM60_2,20200812,182522,34,1,4096,0,4224,193,201001/NAIM60_2/104_WSCT/WSCT3919.JPG
201001,NAIM60_2,20200812,183022,46,1,4065,0,4224,272,201001/NAIM60_2/104_WSCT/WSCT3924.JPG
201001,NAIM60_2,20200812,183122,34,1,4091,0,4224,286,201001/NAIM60_2/104_WSCT/WSCT3925.JPG
201001,NAIM60_2,20200812,183522,44,1,4080,0,4223,262,201001/NAIM60_2/104_WSCT/WSCT3929.JPG
201001,NAIM60_2,20200812,184422,39,1,4049,0,4224,247,201001/NAIM60_2/104_WSCT/WSCT3938.JPG
201001,NAIM60_2,20200812,184822,34,1,4072,0,4223,256,201001/NAIM60_2/104_WSCT/WSCT3942.JPG
201001,NAIM60_2,20200812,194438,61,1,1353,1195,1443,1313,201001/NAIM60_2/104_WSCT/WSCT3998.JPG
201001,NAIM60_2,20200812,201244,84,1,1354,257,1441,367,201001/NAIM60_2/104_WSCT/WSCT4026.JPG
201001,NAIM60_2,20200812,202044,86,1,1174,97,1270,209,201001/NAIM60_2/104_WSCT/WSCT4034.JPG
201001,NAIM60_2,20200812,202944,51,1,3969,4,4223,181,201001/NAIM60_2/104_WSCT/WSCT4043.JPG
201001,NAIM60_2,20200812,214344,53,1,1865,1339,2021,1485,201001/NAIM60_2/104_WSCT/WSCT4117.JPG
201001,NAIM60_2,20200812,214644,45,1,2171,1333,2314,1488,201001/NAIM60_2/104_WSCT/WSCT4120.JPG
201001,NAIM60_2,20200813,091322,74,1,3922,1823,4161,1997,201001/NAIM60_2/104_WSCT/WSCT4327.JPG
201001,NAIM60_2,20200813,100536,25,1,3092,553,3177,630,201001/NAIM60_2/104_WSCT/WSCT4379.JPG
201001,NAIM60_2,20200813,110536,26,1,841,862,1598,1212,201001/NAIM60_2/104_WSCT/WSCT4439.JPG
201001,NAIM60_2,20200813,110838,45,1,1176,837,1593,1066,201001/NAIM60_2/104_WSCT/WSCT4442.JPG
201001,NAIM60_2,20200813,110938,53,1,1579,1641,1714,1729,201001/NAIM60_2/104_WSCT/WSCT4443.JPG
201001,NAIM60_2,20200813,111038,34,1,1572,1645,1707,1732,201001/NAIM60_2/104_WSCT/WSCT4444.JPG
201001,NAIM60_2,20200813,112936,92,1,3467,1536,3636,1731,201001/NAIM60_2/104_WSCT/WSCT4463.JPG
201001,NAIM60_2,20200813,113936,75,1,1551,1545,1722,1672,201001/NAIM60_2/104_WSCT/WSCT4473.JPG
201001,NAIM60_2,20200813,114836,88,1,1743,1417,1929,1611,201001/NAIM60_2/104_WSCT/WSCT4482.JPG
201001,NAIM60_2,20200813,115944,27,1,3619,774,4070,1017,201001/NAIM60_2/104_WSCT/WSCT4493.JPG
201001,NAIM60_2,20200813,115944,91,1,1767,1514,1969,1646,201001/NAIM60_2/104_WSCT/WSCT4493.JPG
201001,NAIM60_2,20200813,130644,90,1,1665,1541,1790,1718,201001/NAIM60_2/104_WSCT/WSCT4560.JPG
201001,NAIM60_2,20200813,131344,86,1,1888,1385,2017,1566,201001/NAIM60_2/104_WSCT/WSCT4567.JPG
201001,NAIM60_2,20200813,131944,90,1,1664,1544,1821,1707,201001/NAIM60_2/104_WSCT/WSCT4573.JPG
201001,NAIM60_2,20200813,140644,89,1,1650,1568,1853,1707,201001/NAIM60_2/104_WSCT/WSCT4620.JPG
201001,NAIM60_2,20200813,142844,53,1,3973,895,4098,1032,201001/NAIM60_2/104_WSCT/WSCT4642.JPG
201001,NAIM60_2,20200813,143644,37,1,1742,1571,1861,1711,201001/NAIM60_2/104_WSCT/WSCT4650.JPG
201001,NAIM60_2,20200813,143744,29,1,3474,75,3570,154,201001/NAIM60_2/104_WSCT/WSCT4651.JPG
201001,NAIM60_2,20200813,153044,91,1,1675,1608,1844,1732,201001/NAIM60_2/104_WSCT/WSCT4704.JPG
201001,NAIM60_2,20200813,153444,65,1,1927,1480,2044,1707,201001/NAIM60_2/104_WSCT/WSCT4708.JPG
201001,NAIM60_2,20200813,154644,42,1,1836,1645,2020,1778,201001/NAIM60_2/104_WSCT/WSCT4720.JPG
201001,NAIM60_2,20200813,154744,36,1,1450,1070,1552,1231,201001/NAIM60_2/104_WSCT/WSCT4721.JPG
201001,NAIM60_2,20200813,154744,90,1,1633,1538,1791,1720,201001/NAIM60_2/104_WSCT/WSCT4721.JPG
201001,NAIM60_2,20200813,160344,54,1,1976,2161,2073,2273,201001/NAIM60_2/104_WSCT/WSCT4737.JPG
201001,NAIM60_2,20200813,160444,42,1,3406,348,3486,431,201001/NAIM60_2/104_WSCT/WSCT4738.JPG
201001,NAIM60_2,20200813,160544,57,1,3655,387,3726,468,201001/NAIM60_2/104_WSCT/WSCT4739.JPG
201001,NAIM60_2,20200813,161244,85,1,3892,839,4042,1014,201001/NAIM60_2/104_WSCT/WSCT4746.JPG
201001,NAIM60_2,20200813,163244,69,1,1808,1651,1994,1794,201001/NAIM60_2/104_WSCT/WSCT4766.JPG
201001,NAIM60_2,20200813,164444,89,1,1766,1614,1974,1768,201001/NAIM60_2/104_WSCT/WSCT4778.JPG
201001,NAIM60_2,20200813,165244,32,1,2481,99,2555,188,201001/NAIM60_2/104_WSCT/WSCT4786.JPG
201001,NAIM60_2,20200813,171044,70,1,1950,1399,2072,1585,201001/NAIM60_2/104_WSCT/WSCT4804.JPG
201001,NAIM60_2,20200813,171144,84,1,4076,1448,4166,1568,201001/NAIM60_2/104_WSCT/WSCT4805.JPG
201001,NAIM60_2,20200813,171244,85,1,4058,1456,4184,1527,201001/NAIM60_2/104_WSCT/WSCT4806.JPG
201001,NAIM60_2,20200813,171344,72,1,4062,1454,4188,1526,201001/NAIM60_2/104_WSCT/WSCT4807.JPG
201001,NAIM60_2,20200813,171444,84,1,4066,1455,4184,1524,201001/NAIM60_2/104_WSCT/WSCT4808.JPG
201001,NAIM60_2,20200813,171544,85,1,4074,1450,4168,1544,201001/NAIM60_2/104_WSCT/WSCT4809.JPG
201001,NAIM60_2,20200813,171644,81,1,4071,1451,4162,1567,201001/NAIM60_2/104_WSCT/WSCT4810.JPG
201001,NAIM60_2,20200813,171644,83,1,3560,112,3652,197,201001/NAIM60_2/104_WSCT/WSCT4810.JPG
201001,NAIM60_2,20200813,172444,34,1,1634,1586,1756,1758,201001/NAIM60_2/104_WSCT/WSCT4818.JPG
201001,NAIM60_2,20200813,172544,77,1,3806,1667,3884,1764,201001/NAIM60_2/104_WSCT/WSCT4819.JPG
201001,NAIM60_2,20200813,174444,76,1,1648,1610,1769,1781,201001/NAIM60_2/104_WSCT/WSCT4838.JPG
201001,NAIM60_2,20200813,175344,87,1,1921,1498,2051,1697,201001/NAIM60_2/104_WSCT/WSCT4847.JPG
201001,NAIM60_2,20200813,181350,88,1,3893,853,4070,991,201001/NAIM60_2/104_WSCT/WSCT4867.JPG
201001,NAIM60_2,20200813,182750,84,1,1864,1632,2005,1743,201001/NAIM60_2/104_WSCT/WSCT4881.JPG
201001,NAIM60_2,20200813,183150,42,1,1787,598,1861,681,201001/NAIM60_2/104_WSCT/WSCT4885.JPG
201001,NAIM60_2,20200813,192650,91,1,1800,1591,1942,1759,201001/NAIM60_2/104_WSCT/WSCT4940.JPG
201001,NAIM60_2,20200814,075002,35,1,1524,1302,1642,1380,201001/NAIM60_2/104_WSCT/WSCT5204.JPG
201001,NAIM60_2,20200814,091810,68,1,1530,1306,1635,1375,201001/NAIM60_2/104_WSCT/WSCT5292.JPG
201001,NAIM60_2,20200814,120208,91,1,1879,1508,2047,1670,201001/NAIM60_2/104_WSCT/WSCT5456.JPG
201001,NAIM60_2,20200814,122410,27,1,3927,869,4092,978,201001/NAIM60_2/104_WSCT/WSCT5478.JPG
201001,NAIM60_2,20200814,130616,88,1,1997,1464,2139,1649,201001/NAIM60_2/104_WSCT/WSCT5520.JPG
201001,NAIM60_2,20200814,132116,83,1,1881,55,2073,212,201001/NAIM60_2/104_WSCT/WSCT5535.JPG
201001,NAIM60_2,20200814,134116,85,1,1816,1628,1972,1796,201001/NAIM60_2/104_WSCT/WSCT5555.JPG
201001,NAIM60_2,20200814,134516,87,1,1953,1321,2161,1494,201001/NAIM60_2/104_WSCT/WSCT5559.JPG
201001,NAIM60_2,20200814,135416,45,1,3578,1600,3671,1667,201001/NAIM60_2/104_WSCT/WSCT5568.JPG
201001,NAIM60_2,20200814,143916,89,1,1826,1520,2032,1696,201001/NAIM60_2/104_WSCT/WSCT5613.JPG
201001,NAIM60_2,20200814,144716,94,1,3495,1240,3714,1363,201001/NAIM60_2/104_WSCT/WSCT5621.JPG
201001,NAIM60_2,20200814,145516,90,1,2768,1221,2953,1386,201001/NAIM60_2/104_WSCT/WSCT5629.JPG
201001,NAIM60_2,20200814,155922,46,1,1588,1986,1668,2047,201001/NAIM60_2/104_WSCT/WSCT5693.JPG
201001,NAIM60_2,20200814,160822,92,1,3829,359,3964,589,201001/NAIM60_2/104_WSCT/WSCT5702.JPG
201001,NAIM60_2,20200814,162930,27,1,2658,1584,2751,1682,201001/NAIM60_2/104_WSCT/WSCT5723.JPG
201001,NAIM60_2,20200814,163530,91,1,1792,1295,2022,1439,201001/NAIM60_2/104_WSCT/WSCT5729.JPG
201001,NAIM60_2,20200814,164930,91,1,1872,1316,2009,1520,201001/NAIM60_2/104_WSCT/WSCT5743.JPG
201001,NAIM60_2,20200814,165330,51,1,2342,496,2445,572,201001/NAIM60_2/104_WSCT/WSCT5747.JPG
201001,NAIM60_2,20200814,165630,37,1,2879,893,2987,974,201001/NAIM60_2/104_WSCT/WSCT5750.JPG
201001,NAIM60_2,20200814,170330,28,1,3038,62,3117,166,201001/NAIM60_2/104_WSCT/WSCT5757.JPG
201001,NAIM60_2,20200814,171130,81,1,1882,1563,2001,1759,201001/NAIM60_2/104_WSCT/WSCT5765.JPG
201001,NAIM60_2,20200814,174230,90,1,1698,1463,1892,1618,201001/NAIM60_2/104_WSCT/WSCT5796.JPG
201001,NAIM60_2,20200814,174530,33,1,2201,765,2279,835,201001/NAIM60_2/104_WSCT/WSCT5799.JPG
201001,NAIM60_2,20200814,175030,90,1,2015,1200,2170,1401,201001/NAIM60_2/104_WSCT/WSCT5804.JPG
201001,NAIM60_2,20200814,181130,52,1,1020,801,1294,976,201001/NAIM60_2/104_WSCT/WSCT5825.JPG
201001,NAIM60_2,20200814,181930,82,1,1645,1451,1771,1646,201001/NAIM60_2/104_WSCT/WSCT5833.JPG
201001,NAIM60_2,20200814,182430,86,1,1833,1466,2045,1593,201001/NAIM60_2/104_WSCT/WSCT5838.JPG
201001,NAIM60_2,20200814,183830,82,1,1651,1441,1788,1590,201001/NAIM60_2/104_WSCT/WSCT5852.JPG
201001,NAIM60_2,20200814,185330,30,1,1833,1297,1997,1405,201001/NAIM60_2/104_WSCT/WSCT5867.JPG
201001,NAIM60_2,20200814,185330,79,1,1851,1294,2085,1448,201001/NAIM60_2/104_WSCT/WSCT5867.JPG
201001,NAIM60_2,20200814,185930,56,1,1968,1586,2155,1730,201001/NAIM60_2/104_WSCT/WSCT5873.JPG
201001,NAIM60_2,20200814,195130,84,1,1688,1429,1845,1612,201001/NAIM60_2/104_WSCT/WSCT5925.JPG
201001,NAIM60_2,20200814,201030,26,1,2066,813,2196,906,201001/NAIM60_2/104_WSCT/WSCT5944.JPG
201001,NAIM60_2,20200814,202930,26,1,2225,763,2287,837,201001/NAIM60_2/104_WSCT/WSCT5963.JPG
201001,NAIM60_2,20200814,205330,43,1,1429,755,1528,833,201001/NAIM60_2/104_WSCT/WSCT5987.JPG
201001,NAIM60_2,20200815,093702,33,1,1855,506,1929,587,201001/NAIM60_2/104_WSCT/WSCT6271.JPG
201001,NAIM60_2,20200815,100902,33,1,254,822,346,882,201001/NAIM60_2/104_WSCT/WSCT6303.JPG
201001,NAIM60_2,20200815,101102,29,1,2890,727,2977,813,201001/NAIM60_2/104_WSCT/WSCT6305.JPG
201001,NAIM60_2,20200815,101402,26,1,2891,728,2976,813,201001/NAIM60_2/104_WSCT/WSCT6308.JPG
201001,NAIM60_2,20200815,101502,30,1,2891,725,2977,813,201001/NAIM60_2/104_WSCT/WSCT6309.JPG
201001,NAIM60_2,20200815,101702,35,1,2892,726,2977,815,201001/NAIM60_2/104_WSCT/WSCT6311.JPG
201001,NAIM60_2,20200815,101802,43,1,249,804,330,870,201001/NAIM60_2/104_WSCT/WSCT6312.JPG
201001,NAIM60_2,20200815,112102,66,1,3416,1659,3553,1796,201001/NAIM60_2/104_WSCT/WSCT6375.JPG
201001,NAIM60_2,20200815,120510,93,1,2006,1470,2192,1642,201001/NAIM60_2/104_WSCT/WSCT6419.JPG
201001,NAIM60_2,20200815,121108,91,1,2046,1474,2169,1668,201001/NAIM60_2/104_WSCT/WSCT6425.JPG
201001,NAIM60_2,20200815,123316,88,1,1947,1327,2076,1535,201001/NAIM60_2/104_WSCT/WSCT6447.JPG
201001,NAIM60_2,20200815,124116,54,1,2074,1441,2204,1628,201001/NAIM60_2/104_WSCT/WSCT6455.JPG
201001,NAIM60_2,20200815,124316,29,1,483,1173,584,1281,201001/NAIM60_2/104_WSCT/WSCT6457.JPG
201001,NAIM60_2,20200815,132216,79,1,2414,1311,2499,1397,201001/NAIM60_2/104_WSCT/WSCT6496.JPG
201001,NAIM60_2,20200815,141916,77,1,3972,1394,4093,1568,201001/NAIM60_2/104_WSCT/WSCT6553.JPG
201001,NAIM60_2,20200815,142816,84,1,1774,1747,1983,1861,201001/NAIM60_2/104_WSCT/WSCT6562.JPG
201001,NAIM60_2,20200815,145116,82,1,2690,287,2777,379,201001/NAIM60_2/104_WSCT/WSCT6585.JPG
201001,NAIM60_2,20200815,145816,52,1,1618,1596,1715,1710,201001/NAIM60_2/104_WSCT/WSCT6592.JPG
201001,NAIM60_2,20200815,154122,83,1,3032,1471,3245,1611,201001/NAIM60_2/104_WSCT/WSCT6635.JPG
201001,NAIM60_2,20200815,155822,37,1,1830,1435,1924,1533,201001/NAIM60_2/104_WSCT/WSCT6652.JPG
201001,NAIM60_2,20200815,155822,45,1,1586,1985,1674,2057,201001/NAIM60_2/104_WSCT/WSCT6652.JPG
201001,NAIM60_2,20200815,160222,66,1,1973,2160,2069,2270,201001/NAIM60_2/104_WSCT/WSCT6656.JPG
201001,NAIM60_2,20200815,160822,80,1,1813,1381,1925,1536,201001/NAIM60_2/104_WSCT/WSCT6662.JPG
201001,NAIM60_2,20200815,162024,28,1,2416,1867,2489,1944,201001/NAIM60_2/104_WSCT/WSCT6674.JPG
201001,NAIM60_2,20200815,162024,82,1,1724,788,1898,930,201001/NAIM60_2/104_WSCT/WSCT6674.JPG
201001,NAIM60_2,20200815,162024,83,1,1875,1400,2075,1551,201001/NAIM60_2/104_WSCT/WSCT6674.JPG
201001,NAIM60_2,20200815,162524,90,1,2100,272,2314,405,201001/NAIM60_2/104_WSCT/WSCT6679.JPG
201001,NAIM60_2,20200815,162924,36,1,1492,911,1612,1005,201001/NAIM60_2/104_WSCT/WSCT6683.JPG
201001,NAIM60_2,20200815,163024,50,1,1494,918,1607,1000,201001/NAIM60_2/104_WSCT/WSCT6684.JPG
201001,NAIM60_2,20200815,164322,55,1,3151,1580,3234,1674,201001/NAIM60_2/104_WSCT/WSCT6697.JPG
201001,NAIM60_2,20200815,165522,41,1,3582,1520,3677,1592,201001/NAIM60_2/104_WSCT/WSCT6709.JPG
201001,NAIM60_2,20200815,170322,30,1,3029,77,3102,162,201001/NAIM60_2/104_WSCT/WSCT6717.JPG
201001,NAIM60_2,20200815,171230,88,1,1941,1351,2086,1548,201001/NAIM60_2/104_WSCT/WSCT6726.JPG
201001,NAIM60_2,20200815,171730,30,1,4050,612,4144,715,201001/NAIM60_2/104_WSCT/WSCT6731.JPG
201001,NAIM60_2,20200815,173330,76,1,1724,387,1841,568,201001/NAIM60_2/104_WSCT/WSCT6747.JPG
201001,NAIM60_2,20200815,173830,87,1,1756,1723,1934,1859,201001/NAIM60_2/104_WSCT/WSCT6752.JPG
201001,NAIM60_2,20200815,174730,59,1,1709,1697,1911,1830,201001/NAIM60_2/104_WSCT/WSCT6761.JPG
201001,NAIM60_2,20200815,180230,88,1,1758,1535,1892,1748,201001/NAIM60_2/104_WSCT/WSCT6776.JPG
201001,NAIM60_2,20200815,180330,90,1,1792,1422,1957,1635,201001/NAIM60_2/104_WSCT/WSCT6777.JPG
201001,NAIM60_2,20200815,180830,28,1,1854,1702,1973,1846,201001/NAIM60_2/104_WSCT/WSCT6782.JPG
201001,NAIM60_2,20200815,182430,52,1,954,2273,1040,2367,201001/NAIM60_2/104_WSCT/WSCT6798.JPG
201001,NAIM60_2,20200815,184230,82,1,2253,701,2483,827,201001/NAIM60_2/104_WSCT/WSCT6816.JPG
201001,NAIM60_2,20200815,190830,46,1,1904,1734,2078,1868,201001/NAIM60_2/104_WSCT/WSCT6842.JPG
201001,NAIM60_2,20200815,190930,93,1,1799,1175,1927,1400,201001/NAIM60_2/104_WSCT/WSCT6843.JPG
201001,NAIM60_2,20200815,192130,56,1,2021,1696,2170,1794,201001/NAIM60_2/104_WSCT/WSCT6855.JPG
201001,NAIM60_2,20200815,192230,37,1,2019,1698,2166,1796,201001/NAIM60_2/104_WSCT/WSCT6856.JPG
201001,NAIM60_2,20200815,194230,69,1,3982,758,4175,886,201001/NAIM60_2/104_WSCT/WSCT6876.JPG
201001,NAIM60_2,20200815,195930,33,1,3736,1582,3819,1682,201001/NAIM60_2/104_WSCT/WSCT6893.JPG
201001,NAIM60_2,20200815,203030,92,1,1769,1495,1933,1687,201001/NAIM60_2/104_WSCT/WSCT6924.JPG
201001,NAIM60_2,20200815,205730,80,1,1779,1364,1928,1585,201001/NAIM60_2/104_WSCT/WSCT6951.JPG
201001,NAIM60_2,20200815,224630,72,1,2558,945,2656,1050,201001/NAIM60_2/104_WSCT/WSCT7060.JPG
201001,NAIM60_2,20200816,102416,29,1,216,913,309,998,201001/NAIM60_2/104_WSCT/WSCT7278.JPG
201001,NAIM60_2,20200816,103322,83,1,3830,556,3978,771,201001/NAIM60_2/104_WSCT/WSCT7287.JPG
201001,NAIM60_2,20200816,104722,37,1,2020,1764,2116,1872,201001/NAIM60_2/104_WSCT/WSCT7301.JPG
201001,NAIM60_2,20200816,105722,85,1,1986,1779,2140,1892,201001/NAIM60_2/104_WSCT/WSCT7311.JPG
201001,NAIM60_2,20200816,110222,38,1,1847,1512,1952,1655,201001/NAIM60_2/104_WSCT/WSCT7316.JPG
201001,NAIM60_2,20200816,110822,44,1,1874,1447,1976,1555,201001/NAIM60_2/104_WSCT/WSCT7322.JPG
201001,NAIM60_2,20200816,111222,28,1,1868,1444,1978,1564,201001/NAIM60_2/104_WSCT/WSCT7326.JPG
201001,NAIM60_2,20200816,111422,34,1,1873,1447,1976,1554,201001/NAIM60_2/104_WSCT/WSCT7328.JPG
201001,NAIM60_2,20200816,111822,59,1,1871,1448,1976,1561,201001/NAIM60_2/104_WSCT/WSCT7332.JPG
201001,NAIM60_2,20200816,111922,70,1,1868,1426,1973,1556,201001/NAIM60_2/104_WSCT/WSCT7333.JPG
201001,NAIM60_2,20200816,112024,42,1,1873,1443,1975,1553,201001/NAIM60_2/104_WSCT/WSCT7334.JPG
201001,NAIM60_2,20200816,112222,34,1,1869,1443,1974,1555,201001/NAIM60_2/104_WSCT/WSCT7336.JPG
201001,NAIM60_2,20200816,112322,53,1,1872,1437,1976,1552,201001/NAIM60_2/104_WSCT/WSCT7337.JPG
201001,NAIM60_2,20200816,112522,74,1,1782,465,1948,597,201001/NAIM60_2/104_WSCT/WSCT7339.JPG
201001,NAIM60_2,20200816,112724,31,1,1875,1449,1972,1547,201001/NAIM60_2/104_WSCT/WSCT7341.JPG
201001,NAIM60_2,20200816,112822,57,1,1876,1451,1972,1549,201001/NAIM60_2/104_WSCT/WSCT7342.JPG
201001,NAIM60_2,20200816,112924,25,1,1875,1449,1973,1547,201001/NAIM60_2/104_WSCT/WSCT7343.JPG
201001,NAIM60_2,20200816,113124,42,1,1873,1448,1975,1551,201001/NAIM60_2/104_WSCT/WSCT7345.JPG
201001,NAIM60_2,20200816,113224,56,1,1872,1443,1975,1546,201001/NAIM60_2/104_WSCT/WSCT7346.JPG
201001,NAIM60_2,20200816,113724,37,1,1874,1448,1973,1550,201001/NAIM60_2/104_WSCT/WSCT7351.JPG
201001,NAIM60_2,20200816,114424,73,1,1876,1436,1974,1544,201001/NAIM60_2/104_WSCT/WSCT7358.JPG
201001,NAIM60_2,20200816,114524,40,1,1877,1437,1976,1544,201001/NAIM60_2/104_WSCT/WSCT7359.JPG
201001,NAIM60_2,20200816,114624,55,1,1873,1439,1971,1544,201001/NAIM60_2/104_WSCT/WSCT7360.JPG
201001,NAIM60_2,20200816,114724,25,1,1873,1441,1971,1547,201001/NAIM60_2/104_WSCT/WSCT7361.JPG
201001,NAIM60_2,20200816,114824,28,1,1871,1435,1971,1546,201001/NAIM60_2/104_WSCT/WSCT7362.JPG
201001,NAIM60_2,20200816,115024,27,1,1871,1439,1969,1550,201001/NAIM60_2/104_WSCT/WSCT7364.JPG
201001,NAIM60_2,20200816,115122,41,1,3998,781,4182,924,201001/NAIM60_2/104_WSCT/WSCT7365.JPG
201001,NAIM60_2,20200816,115122,63,1,1870,1439,1969,1549,201001/NAIM60_2/104_WSCT/WSCT7365.JPG
201001,NAIM60_2,20200816,115222,35,1,1874,1433,1972,1546,201001/NAIM60_2/104_WSCT/WSCT7366.JPG
201001,NAIM60_2,20200816,115422,32,1,1872,1429,1972,1545,201001/NAIM60_2/104_WSCT/WSCT7368.JPG
201001,NAIM60_2,20200816,115522,35,1,1870,1434,1969,1551,201001/NAIM60_2/104_WSCT/WSCT7369.JPG
201001,NAIM60_2,20200816,115922,38,1,1905,1773,2069,1889,201001/NAIM60_2/104_WSCT/WSCT7373.JPG
201001,NAIM60_2,20200816,115922,68,1,1881,1435,1977,1542,201001/NAIM60_2/104_WSCT/WSCT7373.JPG
201001,NAIM60_2,20200816,121822,85,1,3871,1074,4014,1190,201001/NAIM60_2/104_WSCT/WSCT7392.JPG
201001,NAIM60_2,20200816,130524,81,1,1783,1674,1940,1834,201001/NAIM60_2/104_WSCT/WSCT7439.JPG
201001,NAIM60_2,20200816,131624,71,1,3953,758,4124,909,201001/NAIM60_2/104_WSCT/WSCT7450.JPG
201001,NAIM60_2,20200816,132024,60,1,1888,1673,2009,1828,201001/NAIM60_2/104_WSCT/WSCT7454.JPG
201001,NAIM60_2,20200816,132522,92,1,1849,470,1975,655,201001/NAIM60_2/104_WSCT/WSCT7459.JPG
201001,NAIM60_2,20200816,140322,51,1,3779,1044,3935,1196,201001/NAIM60_2/104_WSCT/WSCT7497.JPG
201001,NAIM60_2,20200816,140622,93,1,1780,1567,1985,1743,201001/NAIM60_2/104_WSCT/WSCT7500.JPG
201001,NAIM60_2,20200816,141522,25,1,2260,2266,2366,2333,201001/NAIM60_2/104_WSCT/WSCT7509.JPG
201001,NAIM60_2,20200816,141722,42,1,2265,2263,2346,2332,201001/NAIM60_2/104_WSCT/WSCT7511.JPG
201001,NAIM60_2,20200816,144324,79,1,1996,1751,2108,1876,201001/NAIM60_2/104_WSCT/WSCT7537.JPG
201001,NAIM60_2,20200816,144924,85,1,1802,1729,2011,1866,201001/NAIM60_2/104_WSCT/WSCT7543.JPG
201001,NAIM60_2,20200816,145322,78,1,1941,1748,2140,1892,201001/NAIM60_2/104_WSCT/WSCT7547.JPG
201001,NAIM60_2,20200816,150822,80,1,1751,501,1891,640,201001/NAIM60_2/104_WSCT/WSCT7562.JPG
201001,NAIM60_2,20200816,152430,51,1,0,2113,123,2239,201001/NAIM60_2/104_WSCT/WSCT7578.JPG
201001,NAIM60_2,20200816,153430,85,1,1956,1750,2133,1893,201001/NAIM60_2/104_WSCT/WSCT7588.JPG
201001,NAIM60_2,20200816,153730,54,1,2114,1346,2227,1567,201001/NAIM60_2/104_WSCT/WSCT7591.JPG
201001,NAIM60_2,20200816,154230,78,1,1866,1454,1979,1592,201001/NAIM60_2/104_WSCT/WSCT7596.JPG
201001,NAIM60_2,20200816,154530,30,1,1071,2034,1182,2112,201001/NAIM60_2/104_WSCT/WSCT7599.JPG
201001,NAIM60_2,20200816,155530,43,1,3490,2099,3590,2198,201001/NAIM60_2/104_WSCT/WSCT7609.JPG
201001,NAIM60_2,20200816,155630,41,1,1117,854,1209,949,201001/NAIM60_2/104_WSCT/WSCT7610.JPG
201001,NAIM60_2,20200816,160030,92,1,2246,742,2433,925,201001/NAIM60_2/104_WSCT/WSCT7614.JPG
201001,NAIM60_2,20200816,162030,68,1,3895,1014,4013,1189,201001/NAIM60_2/104_WSCT/WSCT7634.JPG
201001,NAIM60_2,20200816,165730,43,1,3661,1385,3728,1439,201001/NAIM60_2/104_WSCT/WSCT7671.JPG
201001,NAIM60_2,20200816,165830,89,1,3790,1000,3985,1106,201001/NAIM60_2/104_WSCT/WSCT7672.JPG
201001,NAIM60_2,20200816,170530,46,1,1968,1560,2103,1655,201001/NAIM60_2/104_WSCT/WSCT7679.JPG
201001,NAIM60_2,20200816,171830,89,1,2382,866,2597,1047,201001/NAIM60_2/104_WSCT/WSCT7692.JPG
201001,NAIM60_2,20200816,172130,60,1,1968,1559,2091,1649,201001/NAIM60_2/104_WSCT/WSCT7695.JPG
201001,NAIM60_2,20200816,173230,30,1,4000,727,4197,895,201001/NAIM60_2/104_WSCT/WSCT7706.JPG
201001,NAIM60_2,20200816,175230,79,1,2055,1694,2282,1827,201001/NAIM60_2/104_WSCT/WSCT7726.JPG
201001,NAIM60_2,20200816,180436,84,1,1663,1700,1765,1800,201001/NAIM60_2/104_WSCT/WSCT7738.JPG
201001,NAIM60_2,20200816,181436,91,1,3880,854,4055,1015,201001/NAIM60_2/104_WSCT/WSCT7748.JPG
201001,NAIM60_2,20200816,182236,50,1,3583,562,3796,737,201001/NAIM60_2/104_WSCT/WSCT7756.JPG
201001,NAIM60_2,20200816,182836,88,1,3763,1036,3996,1183,201001/NAIM60_2/104_WSCT/WSCT7762.JPG
201001,NAIM60_2,20200816,183736,63,1,1956,1741,2145,1890,201001/NAIM60_2/104_WSCT/WSCT7771.JPG
201001,NAIM60_2,20200816,184736,78,1,1870,354,2001,425,201001/NAIM60_2/104_WSCT/WSCT7781.JPG
201001,NAIM60_2,20200816,190038,64,1,3741,1587,3816,1682,201001/NAIM60_2/104_WSCT/WSCT7794.JPG
201001,NAIM60_2,20200816,191338,25,1,2689,818,2788,927,201001/NAIM60_2/104_WSCT/WSCT7807.JPG
201001,NAIM60_2,20200816,191538,29,1,2694,824,2787,927,201001/NAIM60_2/104_WSCT/WSCT7809.JPG
201001,NAIM60_2,20200816,191938,65,1,913,1216,1010,1325,201001/NAIM60_2/104_WSCT/WSCT7813.JPG
201001,NAIM60_2,20200816,195944,58,1,4129,1723,4224,1841,201001/NAIM60_2/104_WSCT/WSCT7853.JPG
201001,NAIM60_2,20200816,200044,65,1,3749,1410,3819,1469,201001/NAIM60_2/104_WSCT/WSCT7854.JPG
201001,NAIM60_2,20200816,200144,79,1,3605,1445,3690,1568,201001/NAIM60_2/104_WSCT/WSCT7855.JPG
201001,NAIM60_2,20200816,200344,65,1,120,1050,215,1118,201001/NAIM60_2/104_WSCT/WSCT7857.JPG
201001,NAIM60_2,20200816,202644,88,1,1644,1775,1735,1900,201001/NAIM60_2/104_WSCT/WSCT7880.JPG
201001,NAIM60_2,20200816,203144,62,1,4018,607,4146,696,201001/NAIM60_2/104_WSCT/WSCT7885.JPG
201001,NAIM60_2,20200816,214844,35,1,4016,623,4140,706,201001/NAIM60_2/104_WSCT/WSCT7962.JPG
201001,NAIM60_2,20200816,222944,31,1,4014,627,4137,708,201001/NAIM60_2/104_WSCT/WSCT8003.JPG
201001,NAIM60_2,20200816,223044,41,1,4010,621,4146,708,201001/NAIM60_2/104_WSCT/WSCT8004.JPG
201001,NAIM60_2,20200817,080202,90,1,1474,1565,1720,1707,201001/NAIM60_2/104_WSCT/WSCT8096.JPG
201001,NAIM60_2,20200817,093510,30,1,375,2120,462,2177,201001/NAIM60_2/104_WSCT/WSCT8189.JPG
201001,NAIM60_2,20200817,093610,46,1,388,2121,484,2186,201001/NAIM60_2/104_WSCT/WSCT8190.JPG
201001,NAIM60_2,20200817,093710,25,1,387,2121,479,2185,201001/NAIM60_2/104_WSCT/WSCT8191.JPG
201001,NAIM60_2,20200817,100310,85,1,1766,516,1950,679,201001/NAIM60_2/104_WSCT/WSCT8217.JPG
201001,NAIM60_2,20200817,100808,28,1,583,1909,669,1971,201001/NAIM60_2/104_WSCT/WSCT8222.JPG
201001,NAIM60_2,20200817,100908,31,1,582,1908,670,1969,201001/NAIM60_2/104_WSCT/WSCT8223.JPG
201001,NAIM60_2,20200817,101008,43,1,583,1907,670,1970,201001/NAIM60_2/104_WSCT/WSCT8224.JPG
201001,NAIM60_2,20200817,101108,46,1,585,1907,669,1973,201001/NAIM60_2/104_WSCT/WSCT8225.JPG
201001,NAIM60_2,20200817,101708,82,1,3875,598,4021,838,201001/NAIM60_2/104_WSCT/WSCT8231.JPG
201001,NAIM60_2,20200817,112610,28,1,576,1907,669,1973,201001/NAIM60_2/104_WSCT/WSCT8300.JPG
201001,NAIM60_2,20200817,113808,88,1,1550,2070,1710,2243,201001/NAIM60_2/104_WSCT/WSCT8312.JPG
201001,NAIM60_2,20200817,115508,87,1,3867,984,4002,1137,201001/NAIM60_2/104_WSCT/WSCT8329.JPG
201001,NAIM60_2,20200817,125210,91,1,3941,600,4069,794,201001/NAIM60_2/104_WSCT/WSCT8386.JPG
201001,NAIM60_2,20200817,130410,31,1,1759,1703,1879,1787,201001/NAIM60_2/104_WSCT/WSCT8398.JPG
201001,NAIM60_2,20200817,130510,52,1,1756,1701,1881,1790,201001/NAIM60_2/104_WSCT/WSCT8399.JPG
201001,NAIM60_2,20200817,132808,61,1,1756,1690,1899,1799,201001/NAIM60_2/104_WSCT/WSCT8422.JPG
201001,NAIM60_2,20200817,133708,68,1,3685,980,3885,1137,201001/NAIM60_2/104_WSCT/WSCT8431.JPG
201001,NAIM60_2,20200817,133808,75,1,3982,1089,4134,1196,201001/NAIM60_2/104_WSCT/WSCT8432.JPG
201001,NAIM60_2,20200817,135408,87,1,1742,500,1936,616,201001/NAIM60_2/104_WSCT/WSCT8448.JPG
201001,NAIM60_2,20200817,135808,37,1,2179,401,2268,462,201001/NAIM60_2/104_WSCT/WSCT8452.JPG
201001,NAIM60_2,20200817,145008,90,1,3903,838,4092,989,201001/NAIM60_2/104_WSCT/WSCT8504.JPG
201001,NAIM60_2,20200817,150208,70,1,3908,1009,4031,1199,201001/NAIM60_2/104_WSCT/WSCT8516.JPG
201001,NAIM60_2,20200817,151508,43,1,2912,1919,3019,2035,201001/NAIM60_2/104_WSCT/WSCT8529.JPG
201001,NAIM60_2,20200817,153508,63,1,1688,1511,1816,1678,201001/NAIM60_2/104_WSCT/WSCT8549.JPG
201001,NAIM60_2,20200817,160010,86,1,2011,1373,2249,1498,201001/NAIM60_2/104_WSCT/WSCT8574.JPG
201001,NAIM60_2,20200817,162808,62,1,2663,1590,2751,1685,201001/NAIM60_2/104_WSCT/WSCT8602.JPG
201001,NAIM60_2,20200817,163508,26,1,1056,2206,1135,2300,201001/NAIM60_2/104_WSCT/WSCT8609.JPG
201001,NAIM60_2,20200817,163508,60,1,1847,1352,1990,1514,201001/NAIM60_2/104_WSCT/WSCT8609.JPG
201001,NAIM60_2,20200817,163708,52,1,1896,927,1992,1040,201001/NAIM60_2/104_WSCT/WSCT8611.JPG
201001,NAIM60_2,20200817,163908,82,1,2109,872,2202,1003,201001/NAIM60_2/104_WSCT/WSCT8613.JPG
201001,NAIM60_2,20200817,164008,60,1,3686,941,3840,1037,201001/NAIM60_2/104_WSCT/WSCT8614.JPG
201001,NAIM60_2,20200817,164808,30,1,1327,688,1406,751,201001/NAIM60_2/104_WSCT/WSCT8622.JPG
201001,NAIM60_2,20200817,170610,33,1,3575,524,3646,593,201001/NAIM60_2/104_WSCT/WSCT8640.JPG
201001,NAIM60_2,20200817,171310,29,1,636,1394,1013,1542,201001/NAIM60_2/104_WSCT/WSCT8647.JPG
201001,NAIM60_2,20200817,172310,61,1,601,749,701,823,201001/NAIM60_2/104_WSCT/WSCT8657.JPG
201001,NAIM60_2,20200817,172410,59,1,3986,11,4224,302,201001/NAIM60_2/104_WSCT/WSCT8658.JPG
201001,NAIM60_2,20200817,173110,29,1,3991,868,4113,946,201001/NAIM60_2/104_WSCT/WSCT8665.JPG
201001,NAIM60_2,20200817,173210,86,1,3886,808,4105,933,201001/NAIM60_2/104_WSCT/WSCT8666.JPG
201001,NAIM60_2,20200817,175408,69,1,1089,2113,1196,2253,201001/NAIM60_2/104_WSCT/WSCT8688.JPG
201001,NAIM60_2,20200817,175608,75,1,1087,2108,1197,2252,201001/NAIM60_2/104_WSCT/WSCT8690.JPG
201001,NAIM60_2,20200817,183716,71,1,2383,1789,2729,2024,201001/NAIM60_2/104_WSCT/WSCT8731.JPG
201001,NAIM60_2,20200817,183916,84,1,1957,1766,2037,1872,201001/NAIM60_2/104_WSCT/WSCT8733.JPG
201001,NAIM60_2,20200817,185116,76,1,1914,1590,2026,1672,201001/NAIM60_2/104_WSCT/WSCT8745.JPG
201001,NAIM60_2,20200817,185816,47,1,2936,1723,3348,1931,201001/NAIM60_2/104_WSCT/WSCT8752.JPG
201001,NAIM60_2,20200817,191416,37,1,2557,1938,3126,2285,201001/NAIM60_2/104_WSCT/WSCT8768.JPG
201001,NAIM60_2,20200817,191716,32,1,2357,1737,2746,2018,201001/NAIM60_2/104_WSCT/WSCT8771.JPG
201001,NAIM60_2,20200817,194216,35,1,2393,365,2471,439,201001/NAIM60_2/104_WSCT/WSCT8796.JPG
201001,NAIM60_2,20200817,194716,59,1,869,1533,950,1623,201001/NAIM60_2/104_WSCT/WSCT8801.JPG
201001,NAIM60_2,20200817,194816,85,1,2589,816,2673,908,201001/NAIM60_2/104_WSCT/WSCT8802.JPG
201001,NAIM60_2,20200817,200016,40,1,4029,601,4143,685,201001/NAIM60_2/104_WSCT/WSCT8814.JPG
201001,NAIM60_2,20200817,200216,79,1,347,122,449,187,201001/NAIM60_2/104_WSCT/WSCT8816.JPG
201001,NAIM60_2,20200817,201416,75,1,4013,708,4160,847,201001/NAIM60_2/104_WSCT/WSCT8828.JPG
201001,NAIM60_2,20200817,201516,90,1,1828,1523,2059,1669,201001/NAIM60_2/104_WSCT/WSCT8829.JPG
201001,NAIM60_2,20200817,203216,25,1,4017,604,4149,692,201001/NAIM60_2/104_WSCT/WSCT8846.JPG
201001,NAIM60_2,20200817,211916,37,1,2526,2169,2680,2280,201001/NAIM60_2/104_WSCT/WSCT8893.JPG
201001,NAIM60_2,20200817,212016,30,1,1380,1719,1483,1852,201001/NAIM60_2/104_WSCT/WSCT8894.JPG
201001,NAIM60_2,20200817,212616,74,1,1493,1470,1652,1577,201001/NAIM60_2/104_WSCT/WSCT8900.JPG
201001,NAIM60_2,20200817,213016,36,1,2535,2166,2685,2279,201001/NAIM60_2/104_WSCT/WSCT8904.JPG
201001,NAIM60_2,20200817,222430,34,1,4023,624,4134,698,201001/NAIM60_2/104_WSCT/WSCT8958.JPG
201001,NAIM60_2,20200817,223430,30,1,4024,624,4133,698,201001/NAIM60_2/104_WSCT/WSCT8968.JPG
201001,NAIM60_2,20200817,224330,32,1,4023,624,4134,698,201001/NAIM60_2/104_WSCT/WSCT8977.JPG
201001,NAIM60_2,20200818,073302,50,1,1222,1564,1290,1637,201001/NAIM60_2/104_WSCT/WSCT9027.JPG
201001,NAIM60_2,20200818,104608,70,1,3719,965,3849,1146,201001/NAIM60_2/104_WSCT/WSCT9220.JPG
201001,NAIM60_2,20200818,105910,89,1,3951,918,4086,1119,201001/NAIM60_2/104_WSCT/WSCT9233.JPG
201001,NAIM60_2,20200818,112508,89,1,1885,1808,2007,1983,201001/NAIM60_2/104_WSCT/WSCT9259.JPG
201001,NAIM60_2,20200818,120708,75,1,390,128,467,203,201001/NAIM60_2/104_WSCT/WSCT9301.JPG
201001,NAIM60_2,20200818,120808,75,1,352,146,461,210,201001/NAIM60_2/104_WSCT/WSCT9302.JPG
201001,NAIM60_2,20200818,123610,90,1,3487,1651,3683,1816,201001/NAIM60_2/104_WSCT/WSCT9330.JPG
201001,NAIM60_2,20200818,124610,86,1,1670,1556,1803,1773,201001/NAIM60_2/104_WSCT/WSCT9340.JPG
201001,NAIM60_2,20200818,131708,35,1,0,186,74,279,201001/NAIM60_2/104_WSCT/WSCT9371.JPG
201001,NAIM60_2,20200818,131708,66,1,596,1411,929,1590,201001/NAIM60_2/104_WSCT/WSCT9371.JPG
201001,NAIM60_2,20200818,132208,37,1,0,191,76,280,201001/NAIM60_2/104_WSCT/WSCT9376.JPG
201001,NAIM60_2,20200818,133208,30,1,0,190,71,275,201001/NAIM60_2/104_WSCT/WSCT9386.JPG
201001,NAIM60_2,20200818,134210,47,1,3975,307,4093,379,201001/NAIM60_2/104_WSCT/WSCT9396.JPG
201001,NAIM60_2,20200818,135310,26,1,0,190,76,280,201001/NAIM60_2/104_WSCT/WSCT9407.JPG
201001,NAIM60_2,20200818,135310,80,1,1480,1464,1617,1626,201001/NAIM60_2/104_WSCT/WSCT9407.JPG
201001,NAIM60_2,20200818,145108,27,1,0,189,61,277,201001/NAIM60_2/104_WSCT/WSCT9465.JPG
201001,NAIM60_2,20200818,145808,30,1,2134,2170,2229,2285,201001/NAIM60_2/104_WSCT/WSCT9472.JPG
201001,NAIM60_2,20200818,145808,33,1,978,1818,1065,1899,201001/NAIM60_2/104_WSCT/WSCT9472.JPG
201001,NAIM60_2,20200818,150108,36,1,2134,2168,2229,2285,201001/NAIM60_2/104_WSCT/WSCT9475.JPG
201001,NAIM60_2,20200818,150608,26,1,975,1817,1067,1904,201001/NAIM60_2/104_WSCT/WSCT9480.JPG
201001,NAIM60_2,20200818,153710,85,1,1848,1789,1969,1902,201001/NAIM60_2/104_WSCT/WSCT9511.JPG
201001,NAIM60_2,20200818,155108,32,1,1796,919,1891,1023,201001/NAIM60_2/104_WSCT/WSCT9525.JPG
201001,NAIM60_2,20200818,155308,86,1,1617,1654,1717,1767,201001/NAIM60_2/104_WSCT/WSCT9527.JPG
201001,NAIM60_2,20200818,155408,87,1,1622,1659,1722,1769,201001/NAIM60_2/104_WSCT/WSCT9528.JPG
201001,NAIM60_2,20200818,155508,79,1,1618,1692,1740,1766,201001/NAIM60_2/104_WSCT/WSCT9529.JPG
201001,NAIM60_2,20200818,155608,84,1,1611,1667,1718,1774,201001/NAIM60_2/104_WSCT/WSCT9530.JPG
201001,NAIM60_2,20200818,155708,88,1,1623,1645,1719,1775,201001/NAIM60_2/104_WSCT/WSCT9531.JPG
201001,NAIM60_2,20200818,155808,88,1,1619,1648,1716,1773,201001/NAIM60_2/104_WSCT/WSCT9532.JPG
201001,NAIM60_2,20200818,155908,82,1,2054,824,2163,894,201001/NAIM60_2/104_WSCT/WSCT9533.JPG
201001,NAIM60_2,20200818,160008,53,1,1339,1138,1432,1254,201001/NAIM60_2/104_WSCT/WSCT9534.JPG
201001,NAIM60_2,20200818,161908,90,1,1667,1566,1860,1714,201001/NAIM60_2/104_WSCT/WSCT9553.JPG
201001,NAIM60_2,20200818,162608,81,1,2029,2019,2111,2115,201001/NAIM60_2/104_WSCT/WSCT9560.JPG
201001,NAIM60_2,20200818,173116,81,1,2949,445,3031,547,201001/NAIM60_2/104_WSCT/WSCT9625.JPG
201001,NAIM60_2,20200818,175016,91,1,1772,544,1962,685,201001/NAIM60_2/104_WSCT/WSCT9644.JPG
201001,NAIM60_2,20200818,194216,80,1,1027,123,1191,268,201001/NAIM60_2/104_WSCT/WSCT9756.JPG
201001,NAIM60_2,20200818,200516,31,1,1135,1399,1215,1485,201001/NAIM60_2/104_WSCT/WSCT9779.JPG
