200630,NAIM42,20200617,064302,35,1,2672,946,2751,1005,200630/NAIM42/103_WSCT/WSCT0005.JPG
200630,NAIM42,20200617,064402,43,1,2703,953,2771,1013,200630/NAIM42/103_WSCT/WSCT0006.JPG
200630,NAIM42,20200617,064702,44,1,2699,970,2769,1019,200630/NAIM42/103_WSCT/WSCT0009.JPG
200630,NAIM42,20200617,065302,26,1,3836,767,3940,841,200630/NAIM42/103_WSCT/WSCT0015.JPG
200630,NAIM42,20200617,065402,35,1,2686,972,2745,1029,200630/NAIM42/103_WSCT/WSCT0016.JPG
200630,NAIM42,20200617,070302,40,1,3033,1948,3093,2007,200630/NAIM42/103_WSCT/WSCT0025.JPG
200630,NAIM42,20200617,071602,29,1,3853,767,3942,834,200630/NAIM42/103_WSCT/WSCT0038.JPG
200630,NAIM42,20200617,072902,44,1,1383,1266,1464,1346,200630/NAIM42/103_WSCT/WSCT0051.JPG
200630,NAIM42,20200617,074602,43,1,2568,1184,2634,1256,200630/NAIM42/103_WSCT/WSCT0068.JPG
200630,NAIM42,20200617,074802,28,1,700,357,775,413,200630/NAIM42/103_WSCT/WSCT0070.JPG
200630,NAIM42,20200617,075402,25,1,2276,2196,2332,2257,200630/NAIM42/103_WSCT/WSCT0076.JPG
200630,NAIM42,20200617,081900,46,1,2573,1184,2635,1241,200630/NAIM42/103_WSCT/WSCT0101.JPG
200630,NAIM42,20200617,082700,26,1,2957,1481,3026,1551,200630/NAIM42/103_WSCT/WSCT0109.JPG
200630,NAIM42,20200617,083902,75,1,3587,1424,3710,1550,200630/NAIM42/103_WSCT/WSCT0121.JPG
200630,NAIM42,20200617,084002,48,1,3608,1413,3716,1540,200630/NAIM42/103_WSCT/WSCT0122.JPG
200630,NAIM42,20200617,084102,85,1,3644,1385,3743,1530,200630/NAIM42/103_WSCT/WSCT0123.JPG
200630,NAIM42,20200617,084608,27,1,2941,1482,3016,1543,200630/NAIM42/103_WSCT/WSCT0128.JPG
200630,NAIM42,20200617,085008,26,1,3659,1518,3713,1560,200630/NAIM42/103_WSCT/WSCT0132.JPG
200630,NAIM42,20200617,090208,26,1,2509,1287,2594,1342,200630/NAIM42/103_WSCT/WSCT0144.JPG
200630,NAIM42,20200617,090608,26,1,3860,775,3938,833,200630/NAIM42/103_WSCT/WSCT0148.JPG
200630,NAIM42,20200617,094108,45,1,3588,1462,3647,1521,200630/NAIM42/103_WSCT/WSCT0183.JPG
200630,NAIM42,20200617,103016,54,1,3861,775,3935,828,200630/NAIM42/103_WSCT/WSCT0232.JPG
200630,NAIM42,20200617,103116,31,1,3857,774,3937,829,200630/NAIM42/103_WSCT/WSCT0233.JPG
200630,NAIM42,20200617,103216,38,1,3857,773,3936,830,200630/NAIM42/103_WSCT/WSCT0234.JPG
200630,NAIM42,20200617,103316,53,1,3858,774,3935,830,200630/NAIM42/103_WSCT/WSCT0235.JPG
200630,NAIM42,20200617,103516,82,1,3514,401,3618,501,200630/NAIM42/103_WSCT/WSCT0237.JPG
200630,NAIM42,20200617,120116,70,1,2190,1144,2283,1223,200630/NAIM42/103_WSCT/WSCT0323.JPG
200630,NAIM42,20200617,124116,26,1,2765,1957,2852,2070,200630/NAIM42/103_WSCT/WSCT0363.JPG
200630,NAIM42,20200617,131222,27,1,1301,1719,1418,1788,200630/NAIM42/103_WSCT/WSCT0394.JPG
200630,NAIM42,20200617,131422,47,1,3629,1170,3743,1250,200630/NAIM42/103_WSCT/WSCT0396.JPG
200630,NAIM42,20200617,143236,41,1,2572,1181,2633,1240,200630/NAIM42/103_WSCT/WSCT0474.JPG
200630,NAIM42,20200617,143936,75,1,2128,1025,2207,1149,200630/NAIM42/103_WSCT/WSCT0481.JPG
200630,NAIM42,20200617,144036,41,1,3627,1180,3747,1258,200630/NAIM42/103_WSCT/WSCT0482.JPG
200630,NAIM42,20200617,151136,31,1,4027,1233,4095,1297,200630/NAIM42/103_WSCT/WSCT0513.JPG
200630,NAIM42,20200617,151336,38,1,4025,1230,4094,1297,200630/NAIM42/103_WSCT/WSCT0515.JPG
200630,NAIM42,20200617,153436,27,1,3697,1573,3745,1616,200630/NAIM42/103_WSCT/WSCT0536.JPG
200630,NAIM42,20200617,155136,72,1,2182,1135,2306,1218,200630/NAIM42/103_WSCT/WSCT0553.JPG
200630,NAIM42,20200617,155636,28,1,2911,1995,2966,2056,200630/NAIM42/103_WSCT/WSCT0558.JPG
200630,NAIM42,20200617,155636,39,1,2608,781,2664,829,200630/NAIM42/103_WSCT/WSCT0558.JPG
200630,NAIM42,20200617,155936,25,1,2098,2159,2151,2212,200630/NAIM42/103_WSCT/WSCT0561.JPG
200630,NAIM42,20200617,160336,25,1,3064,2126,3162,2234,200630/NAIM42/103_WSCT/WSCT0565.JPG
200630,NAIM42,20200617,161236,29,1,4032,2184,4101,2256,200630/NAIM42/103_WSCT/WSCT0574.JPG
200630,NAIM42,20200617,162636,40,1,1394,712,1471,795,200630/NAIM42/103_WSCT/WSCT0588.JPG
200630,NAIM42,20200617,162836,32,1,3624,1193,3711,1249,200630/NAIM42/103_WSCT/WSCT0590.JPG
200630,NAIM42,20200617,163836,27,1,3841,767,3938,840,200630/NAIM42/103_WSCT/WSCT0600.JPG
200630,NAIM42,20200617,164536,28,1,3842,771,3937,841,200630/NAIM42/103_WSCT/WSCT0607.JPG
200630,NAIM42,20200617,164636,31,1,3842,770,3936,843,200630/NAIM42/103_WSCT/WSCT0608.JPG
200630,NAIM42,20200617,165136,49,1,4025,1234,4093,1299,200630/NAIM42/103_WSCT/WSCT0613.JPG
200630,NAIM42,20200617,165236,33,1,4028,1237,4091,1300,200630/NAIM42/103_WSCT/WSCT0614.JPG
200630,NAIM42,20200617,171436,30,1,2192,1160,2260,1207,200630/NAIM42/103_WSCT/WSCT0636.JPG
200630,NAIM42,20200617,172336,36,1,2243,615,2322,712,200630/NAIM42/103_WSCT/WSCT0645.JPG
200630,NAIM42,20200617,172436,36,1,2241,620,2320,711,200630/NAIM42/103_WSCT/WSCT0646.JPG
200630,NAIM42,20200617,172636,39,1,2235,620,2316,714,200630/NAIM42/103_WSCT/WSCT0648.JPG
200630,NAIM42,20200617,182836,47,1,3499,344,3561,411,200630/NAIM42/103_WSCT/WSCT0710.JPG
200630,NAIM42,20200617,183336,53,1,4058,2216,4110,2271,200630/NAIM42/103_WSCT/WSCT0715.JPG
200630,NAIM42,20200617,183336,73,1,3496,343,3562,414,200630/NAIM42/103_WSCT/WSCT0715.JPG
200630,NAIM42,20200617,183436,29,1,4062,2226,4113,2282,200630/NAIM42/103_WSCT/WSCT0716.JPG
200630,NAIM42,20200617,183836,41,1,3485,348,3575,412,200630/NAIM42/103_WSCT/WSCT0720.JPG
200630,NAIM42,20200617,190336,27,1,3693,1559,3746,1612,200630/NAIM42/103_WSCT/WSCT0745.JPG
200630,NAIM42,20200617,191036,28,1,2650,673,2705,728,200630/NAIM42/103_WSCT/WSCT0752.JPG
200630,NAIM42,20200617,191336,32,1,3706,460,3760,512,200630/NAIM42/103_WSCT/WSCT0755.JPG
200630,NAIM42,20200617,192336,32,1,2136,1009,2215,1119,200630/NAIM42/103_WSCT/WSCT0765.JPG
200630,NAIM42,20200617,194036,30,1,3557,2040,3612,2089,200630/NAIM42/103_WSCT/WSCT0782.JPG
200630,NAIM42,20200617,203236,43,1,2741,305,2799,354,200630/NAIM42/103_WSCT/WSCT0834.JPG
200630,NAIM42,20200617,203636,37,1,2057,1034,2108,1082,200630/NAIM42/103_WSCT/WSCT0838.JPG
200630,NAIM42,20200617,205936,28,1,3686,1563,3733,1610,200630/NAIM42/103_WSCT/WSCT0861.JPG
200630,NAIM42,20200617,212236,33,1,2618,2215,2671,2257,200630/NAIM42/103_WSCT/WSCT0884.JPG
200630,NAIM42,20200618,060502,49,1,2177,1162,2276,1240,200630/NAIM42/103_WSCT/WSCT0927.JPG
200630,NAIM42,20200618,063902,26,1,3839,762,3936,840,200630/NAIM42/103_WSCT/WSCT0961.JPG
200630,NAIM42,20200618,065002,34,1,2158,1167,2269,1242,200630/NAIM42/103_WSCT/WSCT0972.JPG
200630,NAIM42,20200618,075202,43,1,3054,732,3109,796,200630/NAIM42/103_WSCT/WSCT1034.JPG
200630,NAIM42,20200618,082508,41,1,2013,1616,2086,1685,200630/NAIM42/103_WSCT/WSCT1067.JPG
200630,NAIM42,20200618,085608,49,1,3933,1700,3987,1758,200630/NAIM42/103_WSCT/WSCT1098.JPG
200630,NAIM42,20200618,090408,25,1,3616,1852,3675,1902,200630/NAIM42/103_WSCT/WSCT1106.JPG
200630,NAIM42,20200618,091408,30,1,1482,1054,1556,1120,200630/NAIM42/103_WSCT/WSCT1116.JPG
200630,NAIM42,20200618,101216,63,1,3111,1618,3177,1709,200630/NAIM42/103_WSCT/WSCT1174.JPG
200630,NAIM42,20200618,113116,32,1,3792,1853,3845,1901,200630/NAIM42/103_WSCT/WSCT1253.JPG
200630,NAIM42,20200618,115616,34,1,1352,1426,1424,1496,200630/NAIM42/103_WSCT/WSCT1278.JPG
200630,NAIM42,20200618,121716,32,1,3797,1440,3854,1491,200630/NAIM42/103_WSCT/WSCT1299.JPG
200630,NAIM42,20200618,121916,34,1,1680,1517,1739,1580,200630/NAIM42/103_WSCT/WSCT1301.JPG
200630,NAIM42,20200618,122016,32,1,1680,1518,1738,1578,200630/NAIM42/103_WSCT/WSCT1302.JPG
200630,NAIM42,20200618,125014,32,1,627,1616,737,1686,200630/NAIM42/103_WSCT/WSCT1332.JPG
200630,NAIM42,20200618,135416,29,1,2117,1239,2185,1314,200630/NAIM42/103_WSCT/WSCT1396.JPG
200630,NAIM42,20200618,145516,38,1,3493,334,3552,395,200630/NAIM42/103_WSCT/WSCT1457.JPG
200630,NAIM42,20200618,145716,36,1,3494,332,3554,400,200630/NAIM42/103_WSCT/WSCT1459.JPG
200630,NAIM42,20200618,145816,33,1,3490,329,3559,409,200630/NAIM42/103_WSCT/WSCT1460.JPG
200630,NAIM42,20200618,153016,32,1,2967,1476,3038,1536,200630/NAIM42/103_WSCT/WSCT1492.JPG
200630,NAIM42,20200618,153116,26,1,1240,1849,1390,1966,200630/NAIM42/103_WSCT/WSCT1493.JPG
200630,NAIM42,20200618,155116,31,1,4171,1997,4224,2059,200630/NAIM42/103_WSCT/WSCT1513.JPG
200630,NAIM42,20200618,155516,46,1,3924,1184,3991,1254,200630/NAIM42/103_WSCT/WSCT1517.JPG
200630,NAIM42,20200618,160916,39,1,2744,645,3059,851,200630/NAIM42/103_WSCT/WSCT1531.JPG
200630,NAIM42,20200618,161516,69,1,2625,903,2757,996,200630/NAIM42/103_WSCT/WSCT1537.JPG
200630,NAIM42,20200618,161716,49,1,2638,915,2759,998,200630/NAIM42/103_WSCT/WSCT1539.JPG
200630,NAIM42,20200618,162216,38,1,2637,919,2758,998,200630/NAIM42/103_WSCT/WSCT1544.JPG
200630,NAIM42,20200618,164716,28,1,3639,1568,3690,1617,200630/NAIM42/103_WSCT/WSCT1569.JPG
200630,NAIM42,20200618,170316,73,1,2642,907,2747,993,200630/NAIM42/103_WSCT/WSCT1585.JPG
200630,NAIM42,20200618,170516,27,1,3887,1926,3949,1972,200630/NAIM42/103_WSCT/WSCT1587.JPG
200630,NAIM42,20200618,170916,56,1,2635,912,2759,1002,200630/NAIM42/103_WSCT/WSCT1591.JPG
200630,NAIM42,20200618,171416,43,1,1993,1102,2063,1190,200630/NAIM42/103_WSCT/WSCT1596.JPG
200630,NAIM42,20200618,171816,30,1,3558,541,3610,589,200630/NAIM42/103_WSCT/WSCT1600.JPG
200630,NAIM42,20200618,171916,41,1,3480,322,3551,400,200630/NAIM42/103_WSCT/WSCT1601.JPG
200630,NAIM42,20200618,172416,36,1,3850,760,3950,836,200630/NAIM42/103_WSCT/WSCT1606.JPG
200630,NAIM42,20200618,172516,29,1,3848,758,3948,833,200630/NAIM42/103_WSCT/WSCT1607.JPG
200630,NAIM42,20200618,172616,33,1,4177,1976,4224,2030,200630/NAIM42/103_WSCT/WSCT1608.JPG
200630,NAIM42,20200618,172616,38,1,3634,1185,3728,1241,200630/NAIM42/103_WSCT/WSCT1608.JPG
200630,NAIM42,20200618,172716,27,1,4173,1977,4224,2030,200630/NAIM42/103_WSCT/WSCT1609.JPG
200630,NAIM42,20200618,172716,36,1,3846,757,3952,836,200630/NAIM42/103_WSCT/WSCT1609.JPG
200630,NAIM42,20200618,172816,27,1,3848,756,3952,835,200630/NAIM42/103_WSCT/WSCT1610.JPG
200630,NAIM42,20200618,172916,46,1,3847,757,3949,836,200630/NAIM42/103_WSCT/WSCT1611.JPG
200630,NAIM42,20200618,174116,29,1,3773,1126,3839,1188,200630/NAIM42/103_WSCT/WSCT1623.JPG
200630,NAIM42,20200618,174916,28,1,2655,928,2752,997,200630/NAIM42/103_WSCT/WSCT1631.JPG
200630,NAIM42,20200618,180116,42,1,280,2051,344,2116,200630/NAIM42/103_WSCT/WSCT1643.JPG
200630,NAIM42,20200618,182716,38,1,2010,958,2087,1021,200630/NAIM42/103_WSCT/WSCT1669.JPG
200630,NAIM42,20200618,182716,38,1,3850,764,3945,843,200630/NAIM42/103_WSCT/WSCT1669.JPG
200630,NAIM42,20200618,183516,26,1,3563,1033,3616,1078,200630/NAIM42/103_WSCT/WSCT1677.JPG
200630,NAIM42,20200618,183916,28,1,2794,633,2850,681,200630/NAIM42/103_WSCT/WSCT1681.JPG
200630,NAIM42,20200618,184116,46,1,1756,495,1815,547,200630/NAIM42/103_WSCT/WSCT1683.JPG
200630,NAIM42,20200618,185516,28,1,2208,1094,2266,1155,200630/NAIM42/103_WSCT/WSCT1697.JPG
200630,NAIM42,20200618,192016,44,1,2400,331,2456,391,200630/NAIM42/103_WSCT/WSCT1722.JPG
200630,NAIM42,20200618,193216,33,1,1517,965,1585,1016,200630/NAIM42/103_WSCT/WSCT1734.JPG
200630,NAIM42,20200618,193716,33,1,3683,1693,3744,1767,200630/NAIM42/103_WSCT/WSCT1739.JPG
200630,NAIM42,20200618,194514,63,1,1921,1178,1991,1273,200630/NAIM42/103_WSCT/WSCT1747.JPG
200630,NAIM42,20200618,194816,28,1,1343,1596,1412,1644,200630/NAIM42/103_WSCT/WSCT1750.JPG
200630,NAIM42,20200618,194816,47,1,4038,1235,4098,1287,200630/NAIM42/103_WSCT/WSCT1750.JPG
200630,NAIM42,20200618,194916,29,1,3858,763,3954,834,200630/NAIM42/103_WSCT/WSCT1751.JPG
200630,NAIM42,20200618,195516,29,1,2686,818,2744,861,200630/NAIM42/103_WSCT/WSCT1757.JPG
200630,NAIM42,20200618,195616,28,1,3859,763,3949,833,200630/NAIM42/103_WSCT/WSCT1758.JPG
200630,NAIM42,20200618,201016,25,1,3860,764,3951,832,200630/NAIM42/103_WSCT/WSCT1772.JPG
200630,NAIM42,20200618,201116,34,1,1345,1576,1412,1635,200630/NAIM42/103_WSCT/WSCT1773.JPG
200630,NAIM42,20200618,201516,29,1,3862,763,3950,831,200630/NAIM42/103_WSCT/WSCT1777.JPG
200630,NAIM42,20200618,201716,29,1,3861,765,3949,830,200630/NAIM42/103_WSCT/WSCT1779.JPG
200630,NAIM42,20200618,201916,28,1,3450,1610,3503,1662,200630/NAIM42/103_WSCT/WSCT1781.JPG
200630,NAIM42,20200618,202516,25,1,3860,766,3947,830,200630/NAIM42/103_WSCT/WSCT1787.JPG
200630,NAIM42,20200618,202916,37,1,1902,862,1954,906,200630/NAIM42/103_WSCT/WSCT1791.JPG
200630,NAIM42,20200618,203016,34,1,1885,867,1944,911,200630/NAIM42/103_WSCT/WSCT1792.JPG
200630,NAIM42,20200618,205022,59,1,428,463,499,521,200630/NAIM42/103_WSCT/WSCT1812.JPG
200630,NAIM42,20200618,205122,26,1,431,464,497,522,200630/NAIM42/103_WSCT/WSCT1813.JPG
200630,NAIM42,20200618,205322,42,1,3960,1319,4017,1378,200630/NAIM42/103_WSCT/WSCT1815.JPG
200630,NAIM42,20200618,205322,45,1,1812,1402,1867,1459,200630/NAIM42/103_WSCT/WSCT1815.JPG
200630,NAIM42,20200618,205822,65,1,3865,1318,3924,1373,200630/NAIM42/103_WSCT/WSCT1820.JPG
200630,NAIM42,20200618,210524,34,1,2055,1780,2113,1840,200630/NAIM42/103_WSCT/WSCT1827.JPG
200630,NAIM42,20200618,210622,26,1,2056,1788,2111,1842,200630/NAIM42/103_WSCT/WSCT1828.JPG
200630,NAIM42,20200618,211422,37,1,2055,1796,2109,1843,200630/NAIM42/103_WSCT/WSCT1836.JPG
200630,NAIM42,20200618,211622,29,1,430,453,529,524,200630/NAIM42/103_WSCT/WSCT1838.JPG
200630,NAIM42,20200618,211622,31,1,2056,1790,2110,1844,200630/NAIM42/103_WSCT/WSCT1838.JPG
200630,NAIM42,20200618,211722,69,1,2060,1785,2113,1839,200630/NAIM42/103_WSCT/WSCT1839.JPG
200630,NAIM42,20200618,211822,53,1,2055,1782,2111,1841,200630/NAIM42/103_WSCT/WSCT1840.JPG
200630,NAIM42,20200618,211922,36,1,2055,1780,2109,1838,200630/NAIM42/103_WSCT/WSCT1841.JPG
200630,NAIM42,20200618,212122,69,1,3489,320,3560,402,200630/NAIM42/103_WSCT/WSCT1843.JPG
200630,NAIM42,20200618,213522,58,1,2121,1745,2184,1789,200630/NAIM42/103_WSCT/WSCT1857.JPG
200630,NAIM42,20200619,061202,32,1,4080,2036,4130,2092,200630/NAIM42/103_WSCT/WSCT1894.JPG
200630,NAIM42,20200619,061402,30,1,3136,393,3226,494,200630/NAIM42/103_WSCT/WSCT1896.JPG
200630,NAIM42,20200619,071002,30,1,2424,1160,2480,1216,200630/NAIM42/103_WSCT/WSCT1952.JPG
200630,NAIM42,20200619,071502,26,1,3536,1094,3604,1148,200630/NAIM42/103_WSCT/WSCT1957.JPG
200630,NAIM42,20200619,073502,27,1,594,2098,661,2168,200630/NAIM42/103_WSCT/WSCT1977.JPG
200630,NAIM42,20200619,073502,28,1,3657,110,3710,156,200630/NAIM42/103_WSCT/WSCT1977.JPG
200630,NAIM42,20200619,074802,60,1,1741,499,1814,546,200630/NAIM42/103_WSCT/WSCT1990.JPG
200630,NAIM42,20200619,074902,59,1,1744,498,1817,545,200630/NAIM42/103_WSCT/WSCT1991.JPG
200630,NAIM42,20200619,075300,28,1,1677,1506,1736,1560,200630/NAIM42/103_WSCT/WSCT1995.JPG
200630,NAIM42,20200619,081902,32,1,1108,1516,1182,1607,200630/NAIM42/103_WSCT/WSCT2021.JPG
200630,NAIM42,20200619,082402,37,1,515,1161,588,1239,200630/NAIM42/103_WSCT/WSCT2026.JPG
200630,NAIM42,20200619,090702,27,1,1061,1837,1112,1886,200630/NAIM42/103_WSCT/WSCT2069.JPG
200630,NAIM42,20200619,091302,32,1,4098,1897,4151,1952,200630/NAIM42/103_WSCT/WSCT2075.JPG
200630,NAIM42,20200619,091302,37,1,2748,2244,2801,2292,200630/NAIM42/103_WSCT/WSCT2075.JPG
200630,NAIM42,20200619,092102,27,1,594,2103,662,2177,200630/NAIM42/103_WSCT/WSCT2083.JPG
200630,NAIM42,20200619,094502,46,1,3029,899,3083,948,200630/NAIM42/103_WSCT/WSCT2107.JPG
200630,NAIM42,20200619,100202,33,1,4111,1921,4171,1972,200630/NAIM42/103_WSCT/WSCT2124.JPG
200630,NAIM42,20200619,100302,34,1,0,1386,66,1450,200630/NAIM42/103_WSCT/WSCT2125.JPG
200630,NAIM42,20200619,101502,28,1,3726,1238,3793,1299,200630/NAIM42/103_WSCT/WSCT2137.JPG
200630,NAIM42,20200619,104402,64,1,2767,1159,2854,1278,200630/NAIM42/103_WSCT/WSCT2166.JPG
200630,NAIM42,20200619,121208,67,1,2908,522,3002,618,200630/NAIM42/103_WSCT/WSCT2254.JPG
200630,NAIM42,20200619,121308,77,1,2908,519,3001,617,200630/NAIM42/103_WSCT/WSCT2255.JPG
200630,NAIM42,20200619,121408,67,1,2919,493,3009,613,200630/NAIM42/103_WSCT/WSCT2256.JPG
200630,NAIM42,20200619,121508,42,1,2923,480,3008,600,200630/NAIM42/103_WSCT/WSCT2257.JPG
200630,NAIM42,20200619,123308,33,1,2404,1040,2480,1101,200630/NAIM42/103_WSCT/WSCT2275.JPG
200630,NAIM42,20200619,134508,31,1,2259,1147,2313,1204,200630/NAIM42/103_WSCT/WSCT2347.JPG
200630,NAIM42,20200619,135308,32,1,648,2146,721,2193,200630/NAIM42/103_WSCT/WSCT2355.JPG
200630,NAIM42,20200619,135508,61,1,3731,1222,3797,1292,200630/NAIM42/103_WSCT/WSCT2357.JPG
200630,NAIM42,20200619,143508,28,1,869,767,930,839,200630/NAIM42/103_WSCT/WSCT2397.JPG
200630,NAIM42,20200619,144108,25,1,2834,1219,2916,1272,200630/NAIM42/103_WSCT/WSCT2403.JPG
200630,NAIM42,20200619,144108,30,1,3580,1248,3637,1296,200630/NAIM42/103_WSCT/WSCT2403.JPG
200630,NAIM42,20200619,150108,33,1,1045,2221,1104,2271,200630/NAIM42/103_WSCT/WSCT2423.JPG
200630,NAIM42,20200619,152008,44,1,2232,1897,2291,1944,200630/NAIM42/103_WSCT/WSCT2442.JPG
200630,NAIM42,20200619,152608,36,1,2976,1895,3033,1949,200630/NAIM42/103_WSCT/WSCT2448.JPG
200630,NAIM42,20200619,153208,37,1,1942,979,2020,1093,200630/NAIM42/103_WSCT/WSCT2454.JPG
200630,NAIM42,20200619,153608,32,1,2411,1021,2483,1083,200630/NAIM42/103_WSCT/WSCT2458.JPG
200630,NAIM42,20200619,154408,31,1,2548,1687,2612,1740,200630/NAIM42/103_WSCT/WSCT2466.JPG
200630,NAIM42,20200619,160308,30,1,1708,1196,1806,1254,200630/NAIM42/103_WSCT/WSCT2485.JPG
200630,NAIM42,20200619,160608,25,1,3934,1387,3988,1436,200630/NAIM42/103_WSCT/WSCT2488.JPG
200630,NAIM42,20200619,160708,30,1,1042,2210,1112,2263,200630/NAIM42/103_WSCT/WSCT2489.JPG
200630,NAIM42,20200619,161708,44,1,3086,376,3154,463,200630/NAIM42/103_WSCT/WSCT2499.JPG
200630,NAIM42,20200619,162108,33,1,3086,375,3152,461,200630/NAIM42/103_WSCT/WSCT2503.JPG
200630,NAIM42,20200619,162808,39,1,3015,1320,3105,1454,200630/NAIM42/103_WSCT/WSCT2510.JPG
200630,NAIM42,20200619,163108,41,1,2019,1255,2078,1311,200630/NAIM42/103_WSCT/WSCT2513.JPG
200630,NAIM42,20200619,163208,28,1,2037,1257,2097,1301,200630/NAIM42/103_WSCT/WSCT2514.JPG
200630,NAIM42,20200619,163708,62,1,2978,1893,3037,1948,200630/NAIM42/103_WSCT/WSCT2519.JPG
200630,NAIM42,20200619,164408,31,1,1944,961,2023,1095,200630/NAIM42/103_WSCT/WSCT2526.JPG
200630,NAIM42,20200619,164708,43,1,3302,1878,3354,1926,200630/NAIM42/103_WSCT/WSCT2529.JPG
200630,NAIM42,20200619,164708,76,1,2889,428,2969,554,200630/NAIM42/103_WSCT/WSCT2529.JPG
200630,NAIM42,20200619,165608,66,1,3318,1834,3375,1890,200630/NAIM42/103_WSCT/WSCT2538.JPG
200630,NAIM42,20200619,170408,38,1,3684,296,3768,350,200630/NAIM42/103_WSCT/WSCT2546.JPG
200630,NAIM42,20200619,171008,30,1,3864,1457,3920,1510,200630/NAIM42/103_WSCT/WSCT2552.JPG
200630,NAIM42,20200619,171208,46,1,3865,1455,3919,1508,200630/NAIM42/103_WSCT/WSCT2554.JPG
200630,NAIM42,20200619,171308,39,1,3865,1453,3919,1503,200630/NAIM42/103_WSCT/WSCT2555.JPG
200630,NAIM42,20200619,171608,33,1,3867,1449,3921,1502,200630/NAIM42/103_WSCT/WSCT2558.JPG
200630,NAIM42,20200619,171708,25,1,3866,1447,3922,1502,200630/NAIM42/103_WSCT/WSCT2559.JPG
200630,NAIM42,20200619,172210,43,1,3592,567,3644,613,200630/NAIM42/103_WSCT/WSCT2564.JPG
200630,NAIM42,20200619,172408,32,1,3874,1436,3930,1485,200630/NAIM42/103_WSCT/WSCT2566.JPG
200630,NAIM42,20200619,173008,25,1,885,1783,943,1848,200630/NAIM42/103_WSCT/WSCT2572.JPG
200630,NAIM42,20200619,174808,26,1,3475,416,3535,462,200630/NAIM42/103_WSCT/WSCT2590.JPG
200630,NAIM42,20200619,175408,48,1,3779,1152,3868,1208,200630/NAIM42/103_WSCT/WSCT2596.JPG
200630,NAIM42,20200619,175608,47,1,3967,1012,4028,1071,200630/NAIM42/103_WSCT/WSCT2598.JPG
200630,NAIM42,20200619,182008,48,1,654,2132,713,2184,200630/NAIM42/103_WSCT/WSCT2622.JPG
200630,NAIM42,20200619,182408,31,1,653,2131,714,2184,200630/NAIM42/103_WSCT/WSCT2626.JPG
200630,NAIM42,20200619,182408,75,1,3726,1176,3803,1282,200630/NAIM42/103_WSCT/WSCT2626.JPG
200630,NAIM42,20200619,182508,34,1,1848,335,1911,386,200630/NAIM42/103_WSCT/WSCT2627.JPG
200630,NAIM42,20200619,182508,56,1,3725,1175,3803,1282,200630/NAIM42/103_WSCT/WSCT2627.JPG
200630,NAIM42,20200619,182708,43,1,4103,531,4166,584,200630/NAIM42/103_WSCT/WSCT2629.JPG
200630,NAIM42,20200619,185308,28,1,1706,838,1764,886,200630/NAIM42/103_WSCT/WSCT2655.JPG
200630,NAIM42,20200619,185508,49,1,3826,1550,3887,1602,200630/NAIM42/103_WSCT/WSCT2657.JPG
200630,NAIM42,20200619,190908,33,1,3830,267,3894,313,200630/NAIM42/103_WSCT/WSCT2671.JPG
200630,NAIM42,20200619,192608,26,1,3878,1836,3934,1890,200630/NAIM42/103_WSCT/WSCT2688.JPG
200630,NAIM42,20200619,192608,26,1,4020,1217,4077,1272,200630/NAIM42/103_WSCT/WSCT2688.JPG
200630,NAIM42,20200619,192708,51,1,4014,1216,4080,1275,200630/NAIM42/103_WSCT/WSCT2689.JPG
200630,NAIM42,20200619,192708,62,1,3408,1629,3485,1692,200630/NAIM42/103_WSCT/WSCT2689.JPG
200630,NAIM42,20200619,193608,28,1,3864,1429,3920,1472,200630/NAIM42/103_WSCT/WSCT2698.JPG
200630,NAIM42,20200619,193608,33,1,2205,779,2268,850,200630/NAIM42/103_WSCT/WSCT2698.JPG
200630,NAIM42,20200619,193808,28,1,4009,1211,4077,1270,200630/NAIM42/103_WSCT/WSCT2700.JPG
200630,NAIM42,20200619,194508,28,1,1847,333,1911,379,200630/NAIM42/103_WSCT/WSCT2707.JPG
200630,NAIM42,20200619,195008,36,1,2833,2053,2905,2107,200630/NAIM42/103_WSCT/WSCT2712.JPG
200630,NAIM42,20200619,195308,53,1,3739,1210,3799,1279,200630/NAIM42/103_WSCT/WSCT2715.JPG
200630,NAIM42,20200619,195508,36,1,3580,545,3637,596,200630/NAIM42/103_WSCT/WSCT2717.JPG
200630,NAIM42,20200619,195608,68,1,1949,961,2028,1088,200630/NAIM42/103_WSCT/WSCT2718.JPG
200630,NAIM42,20200619,195708,68,1,1950,962,2027,1084,200630/NAIM42/103_WSCT/WSCT2719.JPG
200630,NAIM42,20200619,200910,25,1,3475,413,3539,458,200630/NAIM42/103_WSCT/WSCT2731.JPG
200630,NAIM42,20200619,201308,34,1,768,1202,823,1255,200630/NAIM42/103_WSCT/WSCT2735.JPG
200630,NAIM42,20200619,202308,35,1,1358,1577,1427,1634,200630/NAIM42/103_WSCT/WSCT2745.JPG
200630,NAIM42,20200619,202508,37,1,1080,489,1167,564,200630/NAIM42/103_WSCT/WSCT2747.JPG
200630,NAIM42,20200619,203908,34,1,3746,1707,3805,1759,200630/NAIM42/103_WSCT/WSCT2761.JPG
200630,NAIM42,20200620,061002,41,1,37,795,125,919,200630/NAIM42/103_WSCT/WSCT2852.JPG
200630,NAIM42,20200620,062002,31,1,1968,980,2044,1097,200630/NAIM42/103_WSCT/WSCT2862.JPG
200630,NAIM42,20200620,062602,40,1,253,779,320,839,200630/NAIM42/103_WSCT/WSCT2868.JPG
200630,NAIM42,20200620,064002,41,1,665,1769,733,1817,200630/NAIM42/103_WSCT/WSCT2882.JPG
200630,NAIM42,20200620,075102,31,1,2306,2073,2363,2126,200630/NAIM42/103_WSCT/WSCT2953.JPG
200630,NAIM42,20200620,081602,35,1,2983,1474,3063,1558,200630/NAIM42/103_WSCT/WSCT2978.JPG
200630,NAIM42,20200620,082302,47,1,2416,1021,2486,1076,200630/NAIM42/103_WSCT/WSCT2985.JPG
200630,NAIM42,20200620,105116,43,1,1969,985,2044,1095,200630/NAIM42/103_WSCT/WSCT3133.JPG
200630,NAIM42,20200620,122116,28,1,2994,1489,3059,1546,200630/NAIM42/103_WSCT/WSCT3223.JPG
200630,NAIM42,20200620,122416,75,1,2777,358,2859,478,200630/NAIM42/103_WSCT/WSCT3226.JPG
200630,NAIM42,20200620,122516,57,1,2777,359,2856,480,200630/NAIM42/103_WSCT/WSCT3227.JPG
200630,NAIM42,20200620,125316,31,1,1939,1600,2009,1647,200630/NAIM42/103_WSCT/WSCT3255.JPG
200630,NAIM42,20200620,141116,32,1,3719,164,3782,212,200630/NAIM42/103_WSCT/WSCT3333.JPG
200630,NAIM42,20200620,141616,46,1,3002,1487,3066,1550,200630/NAIM42/103_WSCT/WSCT3338.JPG
200630,NAIM42,20200620,141716,55,1,3004,1488,3071,1545,200630/NAIM42/103_WSCT/WSCT3339.JPG
200630,NAIM42,20200620,143016,28,1,4004,1811,4063,1856,200630/NAIM42/103_WSCT/WSCT3352.JPG
200630,NAIM42,20200620,145416,25,1,3009,1484,3084,1547,200630/NAIM42/103_WSCT/WSCT3376.JPG
200630,NAIM42,20200620,154016,27,1,1829,595,1888,659,200630/NAIM42/103_WSCT/WSCT3422.JPG
200630,NAIM42,20200620,155816,47,1,618,1826,686,1913,200630/NAIM42/103_WSCT/WSCT3440.JPG
200630,NAIM42,20200620,161522,29,1,2147,1182,2215,1229,200630/NAIM42/103_WSCT/WSCT3457.JPG
200630,NAIM42,20200620,162124,46,1,1742,1570,1801,1610,200630/NAIM42/103_WSCT/WSCT3463.JPG
200630,NAIM42,20200620,163422,50,1,1707,442,1782,490,200630/NAIM42/103_WSCT/WSCT3476.JPG
200630,NAIM42,20200620,164722,31,1,1928,1598,1990,1645,200630/NAIM42/103_WSCT/WSCT3489.JPG
200630,NAIM42,20200620,164722,42,1,3216,1440,3274,1485,200630/NAIM42/103_WSCT/WSCT3489.JPG
200630,NAIM42,20200620,164822,32,1,3215,1440,3275,1486,200630/NAIM42/103_WSCT/WSCT3490.JPG
200630,NAIM42,20200620,164922,38,1,3218,1441,3275,1488,200630/NAIM42/103_WSCT/WSCT3491.JPG
200630,NAIM42,20200620,165028,46,1,2101,1003,2179,1065,200630/NAIM42/103_WSCT/WSCT3492.JPG
200630,NAIM42,20200620,165930,60,1,3476,413,3536,468,200630/NAIM42/103_WSCT/WSCT3501.JPG
200630,NAIM42,20200620,170030,43,1,3209,1462,3262,1505,200630/NAIM42/103_WSCT/WSCT3502.JPG
200630,NAIM42,20200620,170130,33,1,3191,1464,3245,1506,200630/NAIM42/103_WSCT/WSCT3503.JPG
200630,NAIM42,20200620,180530,35,1,1938,1599,2001,1647,200630/NAIM42/103_WSCT/WSCT3567.JPG
200630,NAIM42,20200620,181730,27,1,1928,1600,1989,1649,200630/NAIM42/103_WSCT/WSCT3579.JPG
200630,NAIM42,20200620,182830,29,1,1161,634,1222,696,200630/NAIM42/103_WSCT/WSCT3590.JPG
200630,NAIM42,20200620,183330,48,1,180,1756,243,1814,200630/NAIM42/103_WSCT/WSCT3595.JPG
200630,NAIM42,20200620,185136,58,1,614,1834,681,1923,200630/NAIM42/103_WSCT/WSCT3613.JPG
200630,NAIM42,20200620,185536,42,1,190,1747,246,1800,200630/NAIM42/103_WSCT/WSCT3617.JPG
200630,NAIM42,20200620,185736,27,1,3744,1222,3804,1287,200630/NAIM42/103_WSCT/WSCT3619.JPG
200630,NAIM42,20200620,185836,79,1,610,1827,682,1921,200630/NAIM42/103_WSCT/WSCT3620.JPG
200630,NAIM42,20200620,191438,75,1,94,219,238,331,200630/NAIM42/103_WSCT/WSCT3636.JPG
200630,NAIM42,20200620,193636,26,1,2710,543,2767,587,200630/NAIM42/103_WSCT/WSCT3658.JPG
200630,NAIM42,20200620,193636,39,1,1544,1529,1604,1593,200630/NAIM42/103_WSCT/WSCT3658.JPG
200630,NAIM42,20200620,193736,30,1,3198,1427,3252,1468,200630/NAIM42/103_WSCT/WSCT3659.JPG
200630,NAIM42,20200620,193736,30,1,2676,228,2729,281,200630/NAIM42/103_WSCT/WSCT3659.JPG
200630,NAIM42,20200620,193836,35,1,3204,1427,3259,1469,200630/NAIM42/103_WSCT/WSCT3660.JPG
200630,NAIM42,20200620,194244,33,1,2663,162,2719,213,200630/NAIM42/103_WSCT/WSCT3664.JPG
200630,NAIM42,20200620,194644,26,1,1457,474,1533,524,200630/NAIM42/103_WSCT/WSCT3668.JPG
200630,NAIM42,20200620,195044,59,1,3075,380,3136,445,200630/NAIM42/103_WSCT/WSCT3672.JPG
200630,NAIM42,20200620,195244,26,1,3211,1425,3269,1469,200630/NAIM42/103_WSCT/WSCT3674.JPG
200630,NAIM42,20200620,195744,33,1,3076,376,3138,444,200630/NAIM42/103_WSCT/WSCT3679.JPG
200630,NAIM42,20200620,200044,27,1,175,963,251,1064,200630/NAIM42/103_WSCT/WSCT3682.JPG
200630,NAIM42,20200620,200744,52,1,3071,372,3131,438,200630/NAIM42/103_WSCT/WSCT3689.JPG
200630,NAIM42,20200620,200744,55,1,3658,1069,3723,1128,200630/NAIM42/103_WSCT/WSCT3689.JPG
200630,NAIM42,20200620,202444,27,1,678,1828,734,1885,200630/NAIM42/103_WSCT/WSCT3706.JPG
200630,NAIM42,20200620,203144,35,1,3087,330,3139,379,200630/NAIM42/103_WSCT/WSCT3713.JPG
200630,NAIM42,20200620,203644,33,1,3214,1506,3273,1549,200630/NAIM42/103_WSCT/WSCT3718.JPG
200630,NAIM42,20200620,204344,29,1,1704,821,1771,876,200630/NAIM42/103_WSCT/WSCT3725.JPG
200630,NAIM42,20200620,211244,37,1,650,1367,713,1424,200630/NAIM42/103_WSCT/WSCT3754.JPG
200630,NAIM42,20200620,213744,29,1,3078,373,3136,441,200630/NAIM42/103_WSCT/WSCT3779.JPG
200630,NAIM42,20200620,214744,28,1,568,1970,638,2024,200630/NAIM42/103_WSCT/WSCT3789.JPG
200630,NAIM42,20200620,214744,34,1,3905,424,3965,467,200630/NAIM42/103_WSCT/WSCT3789.JPG
200630,NAIM42,20200621,060402,41,1,2399,884,2489,962,200630/NAIM42/103_WSCT/WSCT3806.JPG
200630,NAIM42,20200621,061502,28,1,2992,1476,3063,1534,200630/NAIM42/103_WSCT/WSCT3817.JPG
200630,NAIM42,20200621,070302,35,1,2675,596,2735,640,200630/NAIM42/103_WSCT/WSCT3865.JPG
200630,NAIM42,20200621,070502,42,1,1942,675,2000,730,200630/NAIM42/103_WSCT/WSCT3867.JPG
200630,NAIM42,20200621,071002,47,1,2012,559,2070,609,200630/NAIM42/103_WSCT/WSCT3872.JPG
200630,NAIM42,20200621,071402,26,1,1592,270,1648,322,200630/NAIM42/103_WSCT/WSCT3876.JPG
200630,NAIM42,20200621,073102,57,1,96,218,190,333,200630/NAIM42/103_WSCT/WSCT3893.JPG
200630,NAIM42,20200621,074602,25,1,1811,2080,1878,2127,200630/NAIM42/103_WSCT/WSCT3908.JPG
200630,NAIM42,20200621,074702,35,1,2592,1460,2668,1515,200630/NAIM42/103_WSCT/WSCT3909.JPG
200630,NAIM42,20200621,074902,41,1,95,225,204,322,200630/NAIM42/103_WSCT/WSCT3911.JPG
200630,NAIM42,20200621,075702,41,1,1042,55,1105,111,200630/NAIM42/103_WSCT/WSCT3919.JPG
200630,NAIM42,20200621,075902,25,1,1831,601,1890,669,200630/NAIM42/103_WSCT/WSCT3921.JPG
200630,NAIM42,20200621,081702,51,1,647,51,726,123,200630/NAIM42/103_WSCT/WSCT3939.JPG
200630,NAIM42,20200621,081802,47,1,637,53,711,114,200630/NAIM42/103_WSCT/WSCT3940.JPG
200630,NAIM42,20200621,091902,44,1,518,365,588,447,200630/NAIM42/103_WSCT/WSCT4001.JPG
200630,NAIM42,20200621,092102,25,1,1879,1073,1964,1139,200630/NAIM42/103_WSCT/WSCT4003.JPG
200630,NAIM42,20200621,092202,38,1,1881,1075,1966,1144,200630/NAIM42/103_WSCT/WSCT4004.JPG
200630,NAIM42,20200621,092202,55,1,3496,299,3563,370,200630/NAIM42/103_WSCT/WSCT4004.JPG
200630,NAIM42,20200621,093102,29,1,96,213,229,317,200630/NAIM42/103_WSCT/WSCT4013.JPG
200630,NAIM42,20200621,101002,72,1,2766,363,2838,449,200630/NAIM42/103_WSCT/WSCT4052.JPG
200630,NAIM42,20200621,101302,50,1,2771,365,2840,442,200630/NAIM42/103_WSCT/WSCT4055.JPG
200630,NAIM42,20200621,103302,27,1,2084,601,2151,652,200630/NAIM42/103_WSCT/WSCT4075.JPG
200630,NAIM42,20200621,103802,92,1,1611,1700,1702,1827,200630/NAIM42/103_WSCT/WSCT4080.JPG
200630,NAIM42,20200621,103902,51,1,3511,414,3577,470,200630/NAIM42/103_WSCT/WSCT4081.JPG
200630,NAIM42,20200621,104002,72,1,3523,424,3609,522,200630/NAIM42/103_WSCT/WSCT4082.JPG
200630,NAIM42,20200621,104502,89,1,3875,374,3980,488,200630/NAIM42/103_WSCT/WSCT4087.JPG
200630,NAIM42,20200621,104602,85,1,3357,482,3487,565,200630/NAIM42/103_WSCT/WSCT4088.JPG
200630,NAIM42,20200621,111102,25,1,2235,494,2321,572,200630/NAIM42/103_WSCT/WSCT4113.JPG
200630,NAIM42,20200621,112302,26,1,2240,497,2319,574,200630/NAIM42/103_WSCT/WSCT4125.JPG
200630,NAIM42,20200621,112302,38,1,4122,1467,4207,1527,200630/NAIM42/103_WSCT/WSCT4125.JPG
200630,NAIM42,20200621,112402,38,1,2590,2045,2663,2146,200630/NAIM42/103_WSCT/WSCT4126.JPG
200630,NAIM42,20200621,112602,72,1,2974,980,3051,1079,200630/NAIM42/103_WSCT/WSCT4128.JPG
200630,NAIM42,20200621,113202,31,1,3065,376,3125,445,200630/NAIM42/103_WSCT/WSCT4134.JPG
200630,NAIM42,20200621,113602,40,1,3066,377,3126,446,200630/NAIM42/103_WSCT/WSCT4138.JPG
200630,NAIM42,20200621,114902,81,1,3564,423,3669,484,200630/NAIM42/103_WSCT/WSCT4151.JPG
200630,NAIM42,20200621,115002,83,1,3458,285,3577,360,200630/NAIM42/103_WSCT/WSCT4152.JPG
200630,NAIM42,20200621,115102,75,1,3500,432,3594,504,200630/NAIM42/103_WSCT/WSCT4153.JPG
200630,NAIM42,20200621,115502,89,1,3541,444,3628,551,200630/NAIM42/103_WSCT/WSCT4157.JPG
200630,NAIM42,20200621,115702,84,1,3489,50,3577,154,200630/NAIM42/103_WSCT/WSCT4159.JPG
200630,NAIM42,20200621,122208,27,1,1858,68,1925,124,200630/NAIM42/103_WSCT/WSCT4184.JPG
200630,NAIM42,20200621,122408,87,1,2329,918,2406,1025,200630/NAIM42/103_WSCT/WSCT4186.JPG
200630,NAIM42,20200621,124210,49,1,1710,1511,1764,1569,200630/NAIM42/103_WSCT/WSCT4204.JPG
200630,NAIM42,20200621,131208,27,1,2243,492,2323,574,200630/NAIM42/103_WSCT/WSCT4234.JPG
200630,NAIM42,20200621,131308,35,1,2245,492,2323,571,200630/NAIM42/103_WSCT/WSCT4235.JPG
200630,NAIM42,20200621,131608,29,1,2246,493,2320,571,200630/NAIM42/103_WSCT/WSCT4238.JPG
200630,NAIM42,20200621,131808,27,1,2248,491,2321,569,200630/NAIM42/103_WSCT/WSCT4240.JPG
200630,NAIM42,20200621,133808,27,1,3474,279,3543,334,200630/NAIM42/103_WSCT/WSCT4260.JPG
200630,NAIM42,20200621,133908,66,1,3458,298,3536,356,200630/NAIM42/103_WSCT/WSCT4261.JPG
200630,NAIM42,20200621,134408,27,1,3892,1058,3954,1119,200630/NAIM42/103_WSCT/WSCT4266.JPG
200630,NAIM42,20200621,140510,86,1,2792,1285,2874,1382,200630/NAIM42/103_WSCT/WSCT4287.JPG
200630,NAIM42,20200621,140910,50,1,555,188,635,247,200630/NAIM42/103_WSCT/WSCT4291.JPG
200630,NAIM42,20200621,144608,26,1,2051,1373,2121,1435,200630/NAIM42/103_WSCT/WSCT4328.JPG
200630,NAIM42,20200621,144908,65,1,1992,1024,2057,1107,200630/NAIM42/103_WSCT/WSCT4331.JPG
200630,NAIM42,20200621,145008,38,1,3810,1460,3887,1523,200630/NAIM42/103_WSCT/WSCT4332.JPG
200630,NAIM42,20200621,152310,25,1,3036,1186,3094,1229,200630/NAIM42/103_WSCT/WSCT4365.JPG
200630,NAIM42,20200621,152510,40,1,3004,1478,3073,1544,200630/NAIM42/103_WSCT/WSCT4367.JPG
200630,NAIM42,20200621,152610,38,1,3529,1673,3587,1729,200630/NAIM42/103_WSCT/WSCT4368.JPG
200630,NAIM42,20200621,155208,36,1,2421,2251,2496,2342,200630/NAIM42/103_WSCT/WSCT4394.JPG
200630,NAIM42,20200621,155308,81,1,2042,2255,2144,2328,200630/NAIM42/103_WSCT/WSCT4395.JPG
200630,NAIM42,20200621,160208,61,1,552,175,637,246,200630/NAIM42/103_WSCT/WSCT4404.JPG
200630,NAIM42,20200621,160508,34,1,551,174,637,245,200630/NAIM42/103_WSCT/WSCT4407.JPG
200630,NAIM42,20200621,160608,67,1,3213,482,3286,570,200630/NAIM42/103_WSCT/WSCT4408.JPG
200630,NAIM42,20200621,160708,26,1,3529,1673,3587,1725,200630/NAIM42/103_WSCT/WSCT4409.JPG
200630,NAIM42,20200621,161808,89,1,3804,2023,3885,2131,200630/NAIM42/103_WSCT/WSCT4420.JPG
200630,NAIM42,20200621,162414,29,1,551,174,641,247,200630/NAIM42/103_WSCT/WSCT4426.JPG
200630,NAIM42,20200621,162516,41,1,553,174,639,247,200630/NAIM42/103_WSCT/WSCT4427.JPG
200630,NAIM42,20200621,162516,85,1,2869,1102,2952,1219,200630/NAIM42/103_WSCT/WSCT4427.JPG
200630,NAIM42,20200621,162716,67,1,552,175,641,247,200630/NAIM42/103_WSCT/WSCT4429.JPG
200630,NAIM42,20200621,163216,51,1,557,176,633,243,200630/NAIM42/103_WSCT/WSCT4434.JPG
200630,NAIM42,20200621,164122,35,1,2096,1020,2172,1105,200630/NAIM42/103_WSCT/WSCT4443.JPG
200630,NAIM42,20200621,164622,74,1,4126,211,4204,303,200630/NAIM42/103_WSCT/WSCT4448.JPG
200630,NAIM42,20200621,164724,86,1,3795,1634,3901,1724,200630/NAIM42/103_WSCT/WSCT4449.JPG
200630,NAIM42,20200621,165424,85,1,2405,1509,2502,1581,200630/NAIM42/103_WSCT/WSCT4456.JPG
200630,NAIM42,20200621,165922,28,1,736,1721,804,1767,200630/NAIM42/103_WSCT/WSCT4461.JPG
200630,NAIM42,20200621,170222,27,1,660,2100,736,2146,200630/NAIM42/103_WSCT/WSCT4464.JPG
200630,NAIM42,20200621,172622,65,1,3502,83,3571,175,200630/NAIM42/103_WSCT/WSCT4488.JPG
200630,NAIM42,20200621,172722,89,1,3545,1829,3631,1946,200630/NAIM42/103_WSCT/WSCT4489.JPG
200630,NAIM42,20200621,173722,42,1,655,2103,724,2146,200630/NAIM42/103_WSCT/WSCT4499.JPG
200630,NAIM42,20200621,173822,50,1,654,2102,724,2146,200630/NAIM42/103_WSCT/WSCT4500.JPG
200630,NAIM42,20200621,173922,52,1,655,2101,722,2147,200630/NAIM42/103_WSCT/WSCT4501.JPG
200630,NAIM42,20200621,174022,51,1,659,2101,724,2144,200630/NAIM42/103_WSCT/WSCT4502.JPG
200630,NAIM42,20200621,174122,42,1,657,2103,721,2146,200630/NAIM42/103_WSCT/WSCT4503.JPG
200630,NAIM42,20200621,174422,51,1,564,1174,635,1258,200630/NAIM42/103_WSCT/WSCT4506.JPG
200630,NAIM42,20200621,180430,66,1,3839,1243,3917,1321,200630/NAIM42/103_WSCT/WSCT4526.JPG
200630,NAIM42,20200621,180930,28,1,1901,1088,1968,1168,200630/NAIM42/103_WSCT/WSCT4531.JPG
200630,NAIM42,20200621,182030,31,1,3889,1025,3959,1114,200630/NAIM42/103_WSCT/WSCT4542.JPG
200630,NAIM42,20200621,182630,27,1,1701,531,1779,603,200630/NAIM42/103_WSCT/WSCT4548.JPG
200630,NAIM42,20200621,183236,79,1,2028,46,2126,103,200630/NAIM42/103_WSCT/WSCT4554.JPG
200630,NAIM42,20200621,183436,84,1,2866,1513,2954,1631,200630/NAIM42/103_WSCT/WSCT4556.JPG
200630,NAIM42,20200621,184636,36,1,2168,344,2245,395,200630/NAIM42/103_WSCT/WSCT4568.JPG
200630,NAIM42,20200621,192836,27,1,72,740,126,795,200630/NAIM42/103_WSCT/WSCT4610.JPG
200630,NAIM42,20200621,195636,34,1,3315,520,3393,582,200630/NAIM42/103_WSCT/WSCT4638.JPG
200630,NAIM42,20200621,201436,37,1,557,179,632,240,200630/NAIM42/103_WSCT/WSCT4656.JPG
200630,NAIM42,20200621,202736,46,1,1905,1071,1983,1178,200630/NAIM42/103_WSCT/WSCT4669.JPG
200630,NAIM42,20200621,202836,27,1,1733,334,1790,394,200630/NAIM42/103_WSCT/WSCT4670.JPG
200630,NAIM42,20200621,203336,45,1,1817,597,1878,666,200630/NAIM42/103_WSCT/WSCT4675.JPG
200630,NAIM42,20200621,205036,30,1,231,1354,285,1402,200630/NAIM42/103_WSCT/WSCT4692.JPG
200630,NAIM42,20200621,210238,61,1,648,2096,723,2145,200630/NAIM42/103_WSCT/WSCT4704.JPG
200630,NAIM42,20200621,210736,32,1,848,822,921,874,200630/NAIM42/103_WSCT/WSCT4709.JPG
200630,NAIM42,20200621,210836,26,1,1,1856,35,1908,200630/NAIM42/103_WSCT/WSCT4710.JPG
200630,NAIM42,20200621,210836,27,1,0,1228,42,1278,200630/NAIM42/103_WSCT/WSCT4710.JPG
200630,NAIM42,20200621,210836,34,1,2346,859,2399,909,200630/NAIM42/103_WSCT/WSCT4710.JPG
200630,NAIM42,20200621,211036,35,1,1645,596,1704,641,200630/NAIM42/103_WSCT/WSCT4712.JPG
200630,NAIM42,20200621,211136,27,1,3063,381,3128,448,200630/NAIM42/103_WSCT/WSCT4713.JPG
200630,NAIM42,20200621,211236,34,1,3063,380,3128,447,200630/NAIM42/103_WSCT/WSCT4714.JPG
200630,NAIM42,20200621,211536,35,1,3068,379,3131,448,200630/NAIM42/103_WSCT/WSCT4717.JPG
200630,NAIM42,20200621,212136,29,1,3067,386,3127,449,200630/NAIM42/103_WSCT/WSCT4723.JPG
200630,NAIM42,20200621,212236,30,1,3066,385,3126,452,200630/NAIM42/103_WSCT/WSCT4724.JPG
200630,NAIM42,20200621,212336,25,1,3067,388,3126,452,200630/NAIM42/103_WSCT/WSCT4725.JPG
200630,NAIM42,20200621,212436,33,1,3067,389,3125,452,200630/NAIM42/103_WSCT/WSCT4726.JPG
200630,NAIM42,20200621,212536,43,1,3068,390,3127,453,200630/NAIM42/103_WSCT/WSCT4727.JPG
200630,NAIM42,20200621,213536,55,1,3065,388,3125,455,200630/NAIM42/103_WSCT/WSCT4737.JPG
200630,NAIM42,20200621,213736,35,1,3066,394,3124,454,200630/NAIM42/103_WSCT/WSCT4739.JPG
200630,NAIM42,20200621,213836,35,1,3067,391,3128,456,200630/NAIM42/103_WSCT/WSCT4740.JPG
200630,NAIM42,20200621,213936,52,1,3072,394,3127,451,200630/NAIM42/103_WSCT/WSCT4741.JPG
200630,NAIM42,20200621,214036,60,1,3071,389,3129,450,200630/NAIM42/103_WSCT/WSCT4742.JPG
200630,NAIM42,20200621,214136,58,1,3069,387,3128,447,200630/NAIM42/103_WSCT/WSCT4743.JPG
200630,NAIM42,20200621,214236,31,1,552,1585,604,1630,200630/NAIM42/103_WSCT/WSCT4744.JPG
200630,NAIM42,20200622,060002,70,1,2693,374,2788,492,200630/NAIM42/103_WSCT/WSCT4762.JPG
200630,NAIM42,20200622,060802,50,1,2692,374,2789,495,200630/NAIM42/103_WSCT/WSCT4770.JPG
200630,NAIM42,20200622,060902,30,1,2692,374,2780,483,200630/NAIM42/103_WSCT/WSCT4771.JPG
200630,NAIM42,20200622,060902,68,1,4057,627,4150,760,200630/NAIM42/103_WSCT/WSCT4771.JPG
200630,NAIM42,20200622,061902,81,1,4055,625,4149,755,200630/NAIM42/103_WSCT/WSCT4781.JPG
200630,NAIM42,20200622,062902,40,1,3061,341,3124,409,200630/NAIM42/103_WSCT/WSCT4791.JPG
200630,NAIM42,20200622,063502,34,1,2688,373,2772,474,200630/NAIM42/103_WSCT/WSCT4797.JPG
200630,NAIM42,20200622,063702,31,1,2688,373,2780,485,200630/NAIM42/103_WSCT/WSCT4799.JPG
200630,NAIM42,20200622,064502,37,1,1878,540,1954,590,200630/NAIM42/103_WSCT/WSCT4807.JPG
200630,NAIM42,20200622,064902,53,1,1889,550,1973,601,200630/NAIM42/103_WSCT/WSCT4811.JPG
200630,NAIM42,20200622,065602,34,1,2140,284,2256,348,200630/NAIM42/103_WSCT/WSCT4818.JPG
200630,NAIM42,20200622,065902,47,1,4056,622,4149,753,200630/NAIM42/103_WSCT/WSCT4821.JPG
200630,NAIM42,20200622,070102,33,1,2689,373,2775,479,200630/NAIM42/103_WSCT/WSCT4823.JPG
200630,NAIM42,20200622,070202,48,1,2691,375,2779,483,200630/NAIM42/103_WSCT/WSCT4824.JPG
200630,NAIM42,20200622,070302,28,1,2688,372,2775,479,200630/NAIM42/103_WSCT/WSCT4825.JPG
200630,NAIM42,20200622,070402,28,1,1079,490,1151,565,200630/NAIM42/103_WSCT/WSCT4826.JPG
200630,NAIM42,20200622,071502,38,1,1337,491,1393,546,200630/NAIM42/103_WSCT/WSCT4837.JPG
200630,NAIM42,20200622,071702,29,1,1993,1024,2059,1116,200630/NAIM42/103_WSCT/WSCT4839.JPG
200630,NAIM42,20200622,072502,32,1,1426,820,1486,869,200630/NAIM42/103_WSCT/WSCT4847.JPG
200630,NAIM42,20200622,074302,27,1,1821,619,1882,677,200630/NAIM42/103_WSCT/WSCT4865.JPG
200630,NAIM42,20200622,081702,26,1,1328,490,1385,545,200630/NAIM42/103_WSCT/WSCT4899.JPG
200630,NAIM42,20200622,082102,60,1,4059,630,4148,754,200630/NAIM42/103_WSCT/WSCT4903.JPG
200630,NAIM42,20200622,082202,38,1,2423,1045,2501,1104,200630/NAIM42/103_WSCT/WSCT4904.JPG
200630,NAIM42,20200622,082202,60,1,4057,631,4148,758,200630/NAIM42/103_WSCT/WSCT4904.JPG
200630,NAIM42,20200622,082302,52,1,4057,628,4150,758,200630/NAIM42/103_WSCT/WSCT4905.JPG
200630,NAIM42,20200622,082402,66,1,4059,630,4148,756,200630/NAIM42/103_WSCT/WSCT4906.JPG
200630,NAIM42,20200622,082802,59,1,2426,1043,2496,1108,200630/NAIM42/103_WSCT/WSCT4910.JPG
200630,NAIM42,20200622,082902,76,1,1329,381,1443,445,200630/NAIM42/103_WSCT/WSCT4911.JPG
200630,NAIM42,20200622,083002,33,1,2469,1800,2525,1855,200630/NAIM42/103_WSCT/WSCT4912.JPG
200630,NAIM42,20200622,083102,34,1,231,1054,290,1116,200630/NAIM42/103_WSCT/WSCT4913.JPG
200630,NAIM42,20200622,084102,38,1,1693,1194,1776,1301,200630/NAIM42/103_WSCT/WSCT4923.JPG
200630,NAIM42,20200622,084402,35,1,1693,1192,1776,1296,200630/NAIM42/103_WSCT/WSCT4926.JPG
200630,NAIM42,20200622,085302,36,1,4061,628,4147,758,200630/NAIM42/103_WSCT/WSCT4935.JPG
200630,NAIM42,20200622,085502,57,1,4062,629,4147,755,200630/NAIM42/103_WSCT/WSCT4937.JPG
200630,NAIM42,20200622,085702,61,1,4061,633,4145,754,200630/NAIM42/103_WSCT/WSCT4939.JPG
200630,NAIM42,20200622,085902,28,1,1693,1195,1777,1305,200630/NAIM42/103_WSCT/WSCT4941.JPG
200630,NAIM42,20200622,090402,46,1,4061,632,4146,753,200630/NAIM42/103_WSCT/WSCT4946.JPG
200630,NAIM42,20200622,090702,41,1,1696,1194,1775,1295,200630/NAIM42/103_WSCT/WSCT4949.JPG
200630,NAIM42,20200622,090902,27,1,0,1574,42,1651,200630/NAIM42/103_WSCT/WSCT4951.JPG
200630,NAIM42,20200622,091402,28,1,1694,1194,1776,1300,200630/NAIM42/103_WSCT/WSCT4956.JPG
200630,NAIM42,20200622,091502,42,1,1693,1196,1776,1308,200630/NAIM42/103_WSCT/WSCT4957.JPG
200630,NAIM42,20200622,091602,27,1,1692,1193,1776,1307,200630/NAIM42/103_WSCT/WSCT4958.JPG
200630,NAIM42,20200622,091702,38,1,1695,1195,1776,1302,200630/NAIM42/103_WSCT/WSCT4959.JPG
200630,NAIM42,20200622,091802,72,1,1694,1195,1776,1307,200630/NAIM42/103_WSCT/WSCT4960.JPG
200630,NAIM42,20200622,091902,55,1,1696,1194,1776,1307,200630/NAIM42/103_WSCT/WSCT4961.JPG
200630,NAIM42,20200622,092002,42,1,1692,1196,1776,1309,200630/NAIM42/103_WSCT/WSCT4962.JPG
200630,NAIM42,20200622,092102,38,1,1693,1196,1775,1305,200630/NAIM42/103_WSCT/WSCT4963.JPG
200630,NAIM42,20200622,092202,40,1,1692,1194,1776,1312,200630/NAIM42/103_WSCT/WSCT4964.JPG
200630,NAIM42,20200622,092302,27,1,1691,1195,1774,1307,200630/NAIM42/103_WSCT/WSCT4965.JPG
200630,NAIM42,20200622,093902,64,1,2404,887,2491,970,200630/NAIM42/103_WSCT/WSCT4981.JPG
200630,NAIM42,20200622,095202,28,1,1691,1198,1774,1302,200630/NAIM42/103_WSCT/WSCT4994.JPG
200630,NAIM42,20200622,102302,29,1,4148,1133,4216,1204,200630/NAIM42/103_WSCT/WSCT5025.JPG
200630,NAIM42,20200622,102702,28,1,2683,375,2753,456,200630/NAIM42/103_WSCT/WSCT5029.JPG
200630,NAIM42,20200622,102802,27,1,2685,375,2753,452,200630/NAIM42/103_WSCT/WSCT5030.JPG
200630,NAIM42,20200622,104102,47,1,2681,377,2750,459,200630/NAIM42/103_WSCT/WSCT5043.JPG
200630,NAIM42,20200622,105402,35,1,545,1243,629,1295,200630/NAIM42/103_WSCT/WSCT5056.JPG
200630,NAIM42,20200622,105502,46,1,544,1247,627,1298,200630/NAIM42/103_WSCT/WSCT5057.JPG
200630,NAIM42,20200622,111102,32,1,550,175,637,243,200630/NAIM42/103_WSCT/WSCT5073.JPG
200630,NAIM42,20200622,111908,61,1,1749,1370,1816,1444,200630/NAIM42/103_WSCT/WSCT5081.JPG
200630,NAIM42,20200622,112208,31,1,2246,520,2319,603,200630/NAIM42/103_WSCT/WSCT5084.JPG
200630,NAIM42,20200622,112508,34,1,550,178,634,242,200630/NAIM42/103_WSCT/WSCT5087.JPG
200630,NAIM42,20200622,115510,26,1,548,182,632,243,200630/NAIM42/103_WSCT/WSCT5117.JPG
200630,NAIM42,20200622,120508,49,1,547,178,636,248,200630/NAIM42/103_WSCT/WSCT5127.JPG
200630,NAIM42,20200622,123908,27,1,470,1424,532,1489,200630/NAIM42/103_WSCT/WSCT5161.JPG
200630,NAIM42,20200622,124508,39,1,1266,1141,1345,1198,200630/NAIM42/103_WSCT/WSCT5167.JPG
200630,NAIM42,20200622,125008,71,1,3008,818,3162,916,200630/NAIM42/103_WSCT/WSCT5172.JPG
200630,NAIM42,20200622,125108,74,1,3011,593,3121,710,200630/NAIM42/103_WSCT/WSCT5173.JPG
200630,NAIM42,20200622,125308,39,1,2099,2068,2189,2118,200630/NAIM42/103_WSCT/WSCT5175.JPG
200630,NAIM42,20200622,125808,86,1,2427,495,2524,625,200630/NAIM42/103_WSCT/WSCT5180.JPG
200630,NAIM42,20200622,125908,29,1,796,1191,867,1239,200630/NAIM42/103_WSCT/WSCT5181.JPG
200630,NAIM42,20200622,125908,34,1,2430,501,2527,651,200630/NAIM42/103_WSCT/WSCT5181.JPG
200630,NAIM42,20200622,131710,35,1,2660,1179,2734,1229,200630/NAIM42/103_WSCT/WSCT5199.JPG
200630,NAIM42,20200622,132408,28,1,4061,631,4144,751,200630/NAIM42/103_WSCT/WSCT5206.JPG
200630,NAIM42,20200622,132608,60,1,547,171,634,244,200630/NAIM42/103_WSCT/WSCT5208.JPG
200630,NAIM42,20200622,132808,40,1,548,172,633,241,200630/NAIM42/103_WSCT/WSCT5210.JPG
200630,NAIM42,20200622,133508,32,1,2020,994,2113,1071,200630/NAIM42/103_WSCT/WSCT5217.JPG
200630,NAIM42,20200622,134008,49,1,548,169,633,243,200630/NAIM42/103_WSCT/WSCT5222.JPG
200630,NAIM42,20200622,134308,35,1,548,167,632,240,200630/NAIM42/103_WSCT/WSCT5225.JPG
200630,NAIM42,20200622,135716,36,1,552,177,633,236,200630/NAIM42/103_WSCT/WSCT5239.JPG
200630,NAIM42,20200622,142016,32,1,2626,140,2699,230,200630/NAIM42/103_WSCT/WSCT5262.JPG
200630,NAIM42,20200622,143216,49,1,2622,137,2699,239,200630/NAIM42/103_WSCT/WSCT5274.JPG
200630,NAIM42,20200622,145016,32,1,2625,153,2696,243,200630/NAIM42/103_WSCT/WSCT5292.JPG
200630,NAIM42,20200622,145816,41,1,3299,990,3445,1088,200630/NAIM42/103_WSCT/WSCT5300.JPG
200630,NAIM42,20200622,145916,34,1,3260,914,3360,1050,200630/NAIM42/103_WSCT/WSCT5301.JPG
200630,NAIM42,20200622,150116,47,1,3184,1465,3271,1536,200630/NAIM42/103_WSCT/WSCT5303.JPG
200630,NAIM42,20200622,150216,41,1,3187,1467,3269,1534,200630/NAIM42/103_WSCT/WSCT5304.JPG
200630,NAIM42,20200622,150316,29,1,3189,1472,3272,1532,200630/NAIM42/103_WSCT/WSCT5305.JPG
200630,NAIM42,20200622,150416,31,1,3186,1470,3271,1536,200630/NAIM42/103_WSCT/WSCT5306.JPG
200630,NAIM42,20200622,150516,47,1,3185,1471,3273,1536,200630/NAIM42/103_WSCT/WSCT5307.JPG
200630,NAIM42,20200622,151216,34,1,4052,632,4139,753,200630/NAIM42/103_WSCT/WSCT5314.JPG
200630,NAIM42,20200622,151716,37,1,3190,1476,3270,1547,200630/NAIM42/103_WSCT/WSCT5319.JPG
200630,NAIM42,20200622,151816,54,1,3190,1476,3269,1547,200630/NAIM42/103_WSCT/WSCT5320.JPG
200630,NAIM42,20200622,152116,33,1,3194,1476,3269,1545,200630/NAIM42/103_WSCT/WSCT5323.JPG
200630,NAIM42,20200622,152216,39,1,3193,1475,3274,1543,200630/NAIM42/103_WSCT/WSCT5324.JPG
200630,NAIM42,20200622,152316,31,1,3197,1477,3271,1545,200630/NAIM42/103_WSCT/WSCT5325.JPG
200630,NAIM42,20200622,152316,35,1,3971,1115,4036,1169,200630/NAIM42/103_WSCT/WSCT5325.JPG
200630,NAIM42,20200622,152416,50,1,3193,1476,3273,1549,200630/NAIM42/103_WSCT/WSCT5326.JPG
200630,NAIM42,20200622,152516,30,1,3193,1477,3270,1546,200630/NAIM42/103_WSCT/WSCT5327.JPG
200630,NAIM42,20200622,152516,36,1,3655,1072,3722,1126,200630/NAIM42/103_WSCT/WSCT5327.JPG
200630,NAIM42,20200622,152816,51,1,3197,1477,3270,1544,200630/NAIM42/103_WSCT/WSCT5330.JPG
200630,NAIM42,20200622,153916,39,1,3185,1488,3267,1553,200630/NAIM42/103_WSCT/WSCT5341.JPG
200630,NAIM42,20200622,154016,43,1,551,150,628,227,200630/NAIM42/103_WSCT/WSCT5342.JPG
200630,NAIM42,20200622,160016,30,1,2272,1171,2331,1220,200630/NAIM42/103_WSCT/WSCT5362.JPG
200630,NAIM42,20200622,160916,33,1,552,150,631,229,200630/NAIM42/103_WSCT/WSCT5371.JPG
200630,NAIM42,20200622,161316,47,1,1887,1124,1947,1193,200630/NAIM42/103_WSCT/WSCT5375.JPG
200630,NAIM42,20200622,161916,27,1,553,151,631,228,200630/NAIM42/103_WSCT/WSCT5381.JPG
200630,NAIM42,20200622,162116,41,1,558,155,634,232,200630/NAIM42/103_WSCT/WSCT5383.JPG
200630,NAIM42,20200622,162216,52,1,558,153,631,230,200630/NAIM42/103_WSCT/WSCT5384.JPG
200630,NAIM42,20200622,162622,38,1,551,149,634,231,200630/NAIM42/103_WSCT/WSCT5388.JPG
200630,NAIM42,20200622,163222,39,1,562,159,632,226,200630/NAIM42/103_WSCT/WSCT5394.JPG
200630,NAIM42,20200622,163622,26,1,2160,954,2233,1045,200630/NAIM42/103_WSCT/WSCT5398.JPG
200630,NAIM42,20200622,164122,51,1,2165,963,2234,1045,200630/NAIM42/103_WSCT/WSCT5403.JPG
200630,NAIM42,20200622,164222,30,1,561,161,627,224,200630/NAIM42/103_WSCT/WSCT5404.JPG
200630,NAIM42,20200622,164322,50,1,558,157,630,227,200630/NAIM42/103_WSCT/WSCT5405.JPG
200630,NAIM42,20200622,164922,67,1,558,156,629,228,200630/NAIM42/103_WSCT/WSCT5411.JPG
200630,NAIM42,20200622,165022,46,1,2688,373,2762,460,200630/NAIM42/103_WSCT/WSCT5412.JPG
200630,NAIM42,20200622,170122,28,1,566,168,630,227,200630/NAIM42/103_WSCT/WSCT5423.JPG
200630,NAIM42,20200622,170122,33,1,2689,383,2758,447,200630/NAIM42/103_WSCT/WSCT5423.JPG
200630,NAIM42,20200622,171624,71,1,3222,1397,3336,1475,200630/NAIM42/103_WSCT/WSCT5438.JPG
200630,NAIM42,20200622,172724,52,1,1555,395,1639,480,200630/NAIM42/103_WSCT/WSCT5449.JPG
200630,NAIM42,20200622,173122,44,1,554,151,632,232,200630/NAIM42/103_WSCT/WSCT5453.JPG
200630,NAIM42,20200622,173822,59,1,3762,1930,3891,2035,200630/NAIM42/103_WSCT/WSCT5460.JPG
200630,NAIM42,20200622,174322,54,1,559,156,631,229,200630/NAIM42/103_WSCT/WSCT5465.JPG
200630,NAIM42,20200622,174622,58,1,557,154,632,230,200630/NAIM42/103_WSCT/WSCT5468.JPG
200630,NAIM42,20200622,174822,42,1,558,154,633,229,200630/NAIM42/103_WSCT/WSCT5470.JPG
200630,NAIM42,20200622,175022,30,1,774,1392,838,1455,200630/NAIM42/103_WSCT/WSCT5472.JPG
200630,NAIM42,20200622,175022,41,1,2084,2068,2192,2127,200630/NAIM42/103_WSCT/WSCT5472.JPG
200630,NAIM42,20200622,175822,34,1,4161,537,4224,625,200630/NAIM42/103_WSCT/WSCT5480.JPG
200630,NAIM42,20200622,175922,44,1,552,1172,623,1259,200630/NAIM42/103_WSCT/WSCT5481.JPG
200630,NAIM42,20200622,175922,89,1,1802,1857,1918,1953,200630/NAIM42/103_WSCT/WSCT5481.JPG
200630,NAIM42,20200622,180022,30,1,550,1172,623,1261,200630/NAIM42/103_WSCT/WSCT5482.JPG
200630,NAIM42,20200622,181730,30,1,560,159,629,225,200630/NAIM42/103_WSCT/WSCT5499.JPG
200630,NAIM42,20200622,181830,54,1,224,1796,290,1863,200630/NAIM42/103_WSCT/WSCT5500.JPG
200630,NAIM42,20200622,181830,73,1,559,158,629,227,200630/NAIM42/103_WSCT/WSCT5500.JPG
200630,NAIM42,20200622,181930,26,1,562,160,629,226,200630/NAIM42/103_WSCT/WSCT5501.JPG
200630,NAIM42,20200622,182030,26,1,2418,2084,2489,2170,200630/NAIM42/103_WSCT/WSCT5502.JPG
200630,NAIM42,20200622,183630,43,1,4073,1850,4142,1903,200630/NAIM42/103_WSCT/WSCT5518.JPG
200630,NAIM42,20200622,183930,33,1,4058,227,4133,288,200630/NAIM42/103_WSCT/WSCT5521.JPG
200630,NAIM42,20200622,183930,35,1,4156,1660,4209,1708,200630/NAIM42/103_WSCT/WSCT5521.JPG
200630,NAIM42,20200622,185030,27,1,4057,635,4132,746,200630/NAIM42/103_WSCT/WSCT5532.JPG
200630,NAIM42,20200622,190230,60,1,3477,1015,3555,1106,200630/NAIM42/103_WSCT/WSCT5544.JPG
200630,NAIM42,20200622,191430,34,1,4151,1650,4209,1703,200630/NAIM42/103_WSCT/WSCT5556.JPG
200630,NAIM42,20200622,191730,28,1,162,1777,243,1841,200630/NAIM42/103_WSCT/WSCT5559.JPG
200630,NAIM42,20200622,192130,50,1,4147,1651,4208,1705,200630/NAIM42/103_WSCT/WSCT5563.JPG
200630,NAIM42,20200622,192230,30,1,4148,1651,4208,1704,200630/NAIM42/103_WSCT/WSCT5564.JPG
200630,NAIM42,20200622,194530,55,1,556,154,635,231,200630/NAIM42/103_WSCT/WSCT5587.JPG
200630,NAIM42,20200622,194630,27,1,723,1818,780,1866,200630/NAIM42/103_WSCT/WSCT5588.JPG
200630,NAIM42,20200622,194630,80,1,553,150,635,236,200630/NAIM42/103_WSCT/WSCT5588.JPG
200630,NAIM42,20200622,195230,32,1,690,1620,784,1678,200630/NAIM42/103_WSCT/WSCT5594.JPG
200630,NAIM42,20200622,195736,40,1,2191,1195,2250,1240,200630/NAIM42/103_WSCT/WSCT5599.JPG
200630,NAIM42,20200622,200938,49,1,1978,929,2036,989,200630/NAIM42/103_WSCT/WSCT5611.JPG
200630,NAIM42,20200622,201238,26,1,4111,2072,4184,2146,200630/NAIM42/103_WSCT/WSCT5614.JPG
200630,NAIM42,20200622,201538,72,1,547,145,634,228,200630/NAIM42/103_WSCT/WSCT5617.JPG
200630,NAIM42,20200622,201936,27,1,3794,1481,3874,1541,200630/NAIM42/103_WSCT/WSCT5621.JPG
200630,NAIM42,20200622,202736,37,1,551,147,634,228,200630/NAIM42/103_WSCT/WSCT5629.JPG
200630,NAIM42,20200622,203444,27,1,3927,1452,3989,1496,200630/NAIM42/103_WSCT/WSCT5636.JPG
200630,NAIM42,20200622,204344,36,1,554,149,634,226,200630/NAIM42/103_WSCT/WSCT5645.JPG
200630,NAIM42,20200622,210044,35,1,549,1697,600,1743,200630/NAIM42/103_WSCT/WSCT5662.JPG
200630,NAIM42,20200622,210144,42,1,2431,1039,2498,1100,200630/NAIM42/103_WSCT/WSCT5663.JPG
200630,NAIM42,20200622,211752,77,1,3881,439,3971,495,200630/NAIM42/103_WSCT/WSCT5679.JPG
200630,NAIM42,20200622,211852,62,1,551,146,632,229,200630/NAIM42/103_WSCT/WSCT5680.JPG
200630,NAIM42,20200622,211952,64,1,3481,284,3560,342,200630/NAIM42/103_WSCT/WSCT5681.JPG
200630,NAIM42,20200622,212552,29,1,551,148,634,226,200630/NAIM42/103_WSCT/WSCT5687.JPG
200630,NAIM42,20200622,213152,28,1,3623,440,3686,510,200630/NAIM42/103_WSCT/WSCT5693.JPG
200630,NAIM42,20200622,214552,46,1,555,150,632,227,200630/NAIM42/103_WSCT/WSCT5707.JPG
200630,NAIM42,20200622,214650,48,1,553,150,632,227,200630/NAIM42/103_WSCT/WSCT5708.JPG
200630,NAIM42,20200622,215550,45,1,4046,627,4146,767,200630/NAIM42/103_WSCT/WSCT5717.JPG
200630,NAIM42,20200623,061002,26,1,2406,893,2499,980,200630/NAIM42/103_WSCT/WSCT5732.JPG
200630,NAIM42,20200623,061402,35,1,59,709,122,781,200630/NAIM42/103_WSCT/WSCT5736.JPG
200630,NAIM42,20200623,062502,37,1,301,1059,370,1138,200630/NAIM42/103_WSCT/WSCT5747.JPG
200630,NAIM42,20200623,064602,30,1,2797,2206,2853,2248,200630/NAIM42/103_WSCT/WSCT5768.JPG
200630,NAIM42,20200623,065302,33,1,2435,598,2524,703,200630/NAIM42/103_WSCT/WSCT5775.JPG
200630,NAIM42,20200623,065402,35,1,2823,1495,2908,1595,200630/NAIM42/103_WSCT/WSCT5776.JPG
200630,NAIM42,20200623,065502,28,1,42,1495,101,1556,200630/NAIM42/103_WSCT/WSCT5777.JPG
200630,NAIM42,20200623,065602,29,1,1876,1234,1944,1316,200630/NAIM42/103_WSCT/WSCT5778.JPG
200630,NAIM42,20200623,072702,25,1,1715,536,1793,627,200630/NAIM42/103_WSCT/WSCT5809.JPG
200630,NAIM42,20200623,073602,28,1,1770,260,1827,317,200630/NAIM42/103_WSCT/WSCT5818.JPG
200630,NAIM42,20200623,073902,44,1,547,1174,620,1257,200630/NAIM42/103_WSCT/WSCT5821.JPG
200630,NAIM42,20200623,075302,45,1,1827,604,1894,682,200630/NAIM42/103_WSCT/WSCT5835.JPG
200630,NAIM42,20200623,075402,30,1,1714,537,1789,617,200630/NAIM42/103_WSCT/WSCT5836.JPG
200630,NAIM42,20200623,075802,45,1,74,558,150,662,200630/NAIM42/103_WSCT/WSCT5840.JPG
200630,NAIM42,20200623,081502,26,1,1988,766,2045,817,200630/NAIM42/103_WSCT/WSCT5857.JPG
200630,NAIM42,20200623,081702,57,1,1728,1352,1819,1469,200630/NAIM42/103_WSCT/WSCT5859.JPG
200630,NAIM42,20200623,081802,50,1,1730,1358,1817,1470,200630/NAIM42/103_WSCT/WSCT5860.JPG
200630,NAIM42,20200623,082002,45,1,4052,639,4139,756,200630/NAIM42/103_WSCT/WSCT5862.JPG
200630,NAIM42,20200623,083102,28,1,4055,640,4138,752,200630/NAIM42/103_WSCT/WSCT5873.JPG
200630,NAIM42,20200623,084102,45,1,4057,644,4140,756,200630/NAIM42/103_WSCT/WSCT5883.JPG
200630,NAIM42,20200623,084402,29,1,4060,644,4134,745,200630/NAIM42/103_WSCT/WSCT5886.JPG
200630,NAIM42,20200623,085102,28,1,3847,562,3925,615,200630/NAIM42/103_WSCT/WSCT5893.JPG
200630,NAIM42,20200623,090302,27,1,2324,2076,2383,2131,200630/NAIM42/103_WSCT/WSCT5905.JPG
200630,NAIM42,20200623,094510,87,1,3095,1061,3334,1196,200630/NAIM42/103_WSCT/WSCT5947.JPG
200630,NAIM42,20200623,102208,65,1,3256,984,3352,1082,200630/NAIM42/103_WSCT/WSCT5984.JPG
200630,NAIM42,20200623,105916,35,1,3765,1837,3857,1964,200630/NAIM42/103_WSCT/WSCT6021.JPG
200630,NAIM42,20200623,111016,49,1,511,1105,577,1155,200630/NAIM42/103_WSCT/WSCT6032.JPG
200630,NAIM42,20200623,115716,57,1,1572,1237,1634,1301,200630/NAIM42/103_WSCT/WSCT6079.JPG
200630,NAIM42,20200623,122216,35,1,3288,820,3354,877,200630/NAIM42/103_WSCT/WSCT6104.JPG
200630,NAIM42,20200623,124216,37,1,1730,1375,1806,1484,200630/NAIM42/103_WSCT/WSCT6124.JPG
200630,NAIM42,20200623,124616,60,1,1734,1374,1810,1472,200630/NAIM42/103_WSCT/WSCT6128.JPG
200630,NAIM42,20200623,125416,34,1,3152,1398,3251,1490,200630/NAIM42/103_WSCT/WSCT6136.JPG
200630,NAIM42,20200623,133924,61,1,1452,0,1612,77,200630/NAIM42/103_WSCT/WSCT6181.JPG
200630,NAIM42,20200623,133924,75,1,1677,290,1897,432,200630/NAIM42/103_WSCT/WSCT6181.JPG
200630,NAIM42,20200623,142722,49,1,3277,712,3383,843,200630/NAIM42/103_WSCT/WSCT6229.JPG
200630,NAIM42,20200623,142822,72,1,2938,674,3071,798,200630/NAIM42/103_WSCT/WSCT6230.JPG
200630,NAIM42,20200623,142922,70,1,3184,968,3296,1127,200630/NAIM42/103_WSCT/WSCT6231.JPG
200630,NAIM42,20200623,143322,26,1,3130,1670,3193,1744,200630/NAIM42/103_WSCT/WSCT6235.JPG
200630,NAIM42,20200623,144022,86,1,3776,2253,3963,2376,200630/NAIM42/103_WSCT/WSCT6242.JPG
200630,NAIM42,20200623,150124,41,1,4078,470,4155,574,200630/NAIM42/103_WSCT/WSCT6263.JPG
200630,NAIM42,20200623,150224,26,1,3656,433,3712,478,200630/NAIM42/103_WSCT/WSCT6264.JPG
200630,NAIM42,20200623,150524,43,1,3079,1312,3259,1453,200630/NAIM42/103_WSCT/WSCT6267.JPG
200630,NAIM42,20200623,150624,29,1,4065,647,4135,745,200630/NAIM42/103_WSCT/WSCT6268.JPG
200630,NAIM42,20200623,150624,65,1,2911,727,3043,919,200630/NAIM42/103_WSCT/WSCT6268.JPG
200630,NAIM42,20200623,150924,44,1,2798,945,2875,1037,200630/NAIM42/103_WSCT/WSCT6271.JPG
200630,NAIM42,20200623,152430,31,1,2415,274,2476,339,200630/NAIM42/103_WSCT/WSCT6286.JPG
200630,NAIM42,20200623,153230,80,1,3429,2001,3597,2154,200630/NAIM42/103_WSCT/WSCT6294.JPG
200630,NAIM42,20200623,154330,31,1,2018,892,2084,941,200630/NAIM42/103_WSCT/WSCT6305.JPG
200630,NAIM42,20200623,154530,84,1,1041,1803,1213,1946,200630/NAIM42/103_WSCT/WSCT6307.JPG
200630,NAIM42,20200623,155930,34,1,1806,847,1868,909,200630/NAIM42/103_WSCT/WSCT6321.JPG
200630,NAIM42,20200623,155930,36,1,1346,701,1439,784,200630/NAIM42/103_WSCT/WSCT6321.JPG
200630,NAIM42,20200623,160030,27,1,2012,93,2076,145,200630/NAIM42/103_WSCT/WSCT6322.JPG
200630,NAIM42,20200623,160730,87,1,2601,2082,2749,2167,200630/NAIM42/103_WSCT/WSCT6329.JPG
200630,NAIM42,20200623,160830,87,1,2132,1811,2228,1956,200630/NAIM42/103_WSCT/WSCT6330.JPG
200630,NAIM42,20200623,160930,86,1,2132,1753,2272,1843,200630/NAIM42/103_WSCT/WSCT6331.JPG
200630,NAIM42,20200623,161030,82,1,2513,1881,2636,1974,200630/NAIM42/103_WSCT/WSCT6332.JPG
200630,NAIM42,20200623,161330,73,1,3582,2020,3732,2113,200630/NAIM42/103_WSCT/WSCT6335.JPG
200630,NAIM42,20200623,161430,85,1,3752,2058,3872,2190,200630/NAIM42/103_WSCT/WSCT6336.JPG
200630,NAIM42,20200623,162230,44,1,3256,609,3344,681,200630/NAIM42/103_WSCT/WSCT6344.JPG
200630,NAIM42,20200623,162330,27,1,4164,1937,4222,2010,200630/NAIM42/103_WSCT/WSCT6345.JPG
200630,NAIM42,20200623,162330,84,1,3058,865,3209,959,200630/NAIM42/103_WSCT/WSCT6345.JPG
200630,NAIM42,20200623,163130,31,1,2558,568,2620,618,200630/NAIM42/103_WSCT/WSCT6353.JPG
200630,NAIM42,20200623,163330,32,1,4058,621,4142,752,200630/NAIM42/103_WSCT/WSCT6355.JPG
200630,NAIM42,20200623,163830,27,1,1748,1222,1850,1319,200630/NAIM42/103_WSCT/WSCT6360.JPG
200630,NAIM42,20200623,163930,36,1,747,2184,821,2268,200630/NAIM42/103_WSCT/WSCT6361.JPG
200630,NAIM42,20200623,164030,28,1,554,148,629,220,200630/NAIM42/103_WSCT/WSCT6362.JPG
200630,NAIM42,20200623,164030,29,1,1747,1219,1846,1318,200630/NAIM42/103_WSCT/WSCT6362.JPG
200630,NAIM42,20200623,164530,47,1,4083,1,4223,109,200630/NAIM42/103_WSCT/WSCT6367.JPG
200630,NAIM42,20200623,165230,83,1,1759,1229,1852,1316,200630/NAIM42/103_WSCT/WSCT6374.JPG
200630,NAIM42,20200623,165330,60,1,4060,630,4142,749,200630/NAIM42/103_WSCT/WSCT6375.JPG
200630,NAIM42,20200623,165730,78,1,3065,775,3295,906,200630/NAIM42/103_WSCT/WSCT6379.JPG
200630,NAIM42,20200623,170430,33,1,458,1328,535,1392,200630/NAIM42/103_WSCT/WSCT6386.JPG
200630,NAIM42,20200623,171230,32,1,1827,615,1890,670,200630/NAIM42/103_WSCT/WSCT6394.JPG
200630,NAIM42,20200623,171630,47,1,404,1877,476,1932,200630/NAIM42/103_WSCT/WSCT6398.JPG
200630,NAIM42,20200623,172330,37,1,4059,634,4141,753,200630/NAIM42/103_WSCT/WSCT6405.JPG
200630,NAIM42,20200623,172630,47,1,1306,702,1371,763,200630/NAIM42/103_WSCT/WSCT6408.JPG
200630,NAIM42,20200623,173430,83,1,1527,1643,1641,1760,200630/NAIM42/103_WSCT/WSCT6416.JPG
200630,NAIM42,20200623,173530,35,1,4066,646,4142,739,200630/NAIM42/103_WSCT/WSCT6417.JPG
200630,NAIM42,20200623,173530,41,1,3043,1593,3097,1636,200630/NAIM42/103_WSCT/WSCT6417.JPG
200630,NAIM42,20200623,173830,27,1,691,1511,758,1563,200630/NAIM42/103_WSCT/WSCT6420.JPG
200630,NAIM42,20200623,174230,27,1,556,149,628,222,200630/NAIM42/103_WSCT/WSCT6424.JPG
200630,NAIM42,20200623,174330,28,1,1932,700,1990,752,200630/NAIM42/103_WSCT/WSCT6425.JPG
200630,NAIM42,20200623,174530,66,1,4058,631,4143,757,200630/NAIM42/103_WSCT/WSCT6427.JPG
200630,NAIM42,20200623,175030,33,1,229,1812,294,1869,200630/NAIM42/103_WSCT/WSCT6432.JPG
200630,NAIM42,20200623,180130,86,1,3118,1044,3235,1172,200630/NAIM42/103_WSCT/WSCT6443.JPG
200630,NAIM42,20200623,180230,83,1,3189,850,3353,950,200630/NAIM42/103_WSCT/WSCT6444.JPG
200630,NAIM42,20200623,180330,87,1,3797,2030,3910,2164,200630/NAIM42/103_WSCT/WSCT6445.JPG
200630,NAIM42,20200623,180830,30,1,1696,443,1775,492,200630/NAIM42/103_WSCT/WSCT6450.JPG
200630,NAIM42,20200623,180830,36,1,552,141,631,223,200630/NAIM42/103_WSCT/WSCT6450.JPG
200630,NAIM42,20200623,180930,28,1,551,142,630,221,200630/NAIM42/103_WSCT/WSCT6451.JPG
200630,NAIM42,20200623,183130,28,1,2789,192,2846,248,200630/NAIM42/103_WSCT/WSCT6473.JPG
200630,NAIM42,20200623,183630,30,1,2393,878,2465,928,200630/NAIM42/103_WSCT/WSCT6478.JPG
200630,NAIM42,20200623,183630,36,1,556,144,627,220,200630/NAIM42/103_WSCT/WSCT6478.JPG
200630,NAIM42,20200623,183630,38,1,3656,35,3710,81,200630/NAIM42/103_WSCT/WSCT6478.JPG
200630,NAIM42,20200623,183730,59,1,552,142,626,220,200630/NAIM42/103_WSCT/WSCT6479.JPG
200630,NAIM42,20200623,183830,56,1,554,143,629,222,200630/NAIM42/103_WSCT/WSCT6480.JPG
200630,NAIM42,20200623,184630,44,1,4061,647,4137,746,200630/NAIM42/103_WSCT/WSCT6488.JPG
200630,NAIM42,20200623,184730,32,1,1746,835,1813,914,200630/NAIM42/103_WSCT/WSCT6489.JPG
200630,NAIM42,20200623,184930,30,1,2242,73,2328,128,200630/NAIM42/103_WSCT/WSCT6491.JPG
200630,NAIM42,20200623,185036,27,1,1836,612,1896,677,200630/NAIM42/103_WSCT/WSCT6492.JPG
200630,NAIM42,20200623,185436,47,1,239,1814,296,1872,200630/NAIM42/103_WSCT/WSCT6496.JPG
200630,NAIM42,20200623,185636,49,1,4056,633,4139,749,200630/NAIM42/103_WSCT/WSCT6498.JPG
200630,NAIM42,20200623,185736,27,1,746,659,805,722,200630/NAIM42/103_WSCT/WSCT6499.JPG
200630,NAIM42,20200623,185736,59,1,4056,635,4140,751,200630/NAIM42/103_WSCT/WSCT6499.JPG
200630,NAIM42,20200623,190136,40,1,2291,2039,2351,2099,200630/NAIM42/103_WSCT/WSCT6503.JPG
200630,NAIM42,20200623,190438,35,1,2344,1712,2399,1761,200630/NAIM42/103_WSCT/WSCT6506.JPG
200630,NAIM42,20200623,190438,41,1,1893,1325,1957,1381,200630/NAIM42/103_WSCT/WSCT6506.JPG
200630,NAIM42,20200623,190536,36,1,1885,1318,1953,1382,200630/NAIM42/103_WSCT/WSCT6507.JPG
200630,NAIM42,20200623,191638,30,1,2513,1231,2576,1288,200630/NAIM42/103_WSCT/WSCT6518.JPG
200630,NAIM42,20200623,192038,57,1,2414,259,2479,334,200630/NAIM42/103_WSCT/WSCT6522.JPG
200630,NAIM42,20200623,193736,31,1,1828,335,1899,383,200630/NAIM42/103_WSCT/WSCT6539.JPG
200630,NAIM42,20200623,193936,44,1,4062,645,4138,748,200630/NAIM42/103_WSCT/WSCT6541.JPG
200630,NAIM42,20200623,194036,69,1,4057,650,4136,743,200630/NAIM42/103_WSCT/WSCT6542.JPG
200630,NAIM42,20200623,194836,40,1,3100,382,3162,449,200630/NAIM42/103_WSCT/WSCT6550.JPG
200630,NAIM42,20200623,195536,28,1,670,1408,759,1472,200630/NAIM42/103_WSCT/WSCT6557.JPG
200630,NAIM42,20200623,201136,26,1,942,1664,995,1709,200630/NAIM42/103_WSCT/WSCT6573.JPG
200630,NAIM42,20200623,201236,33,1,622,313,693,415,200630/NAIM42/103_WSCT/WSCT6574.JPG
200630,NAIM42,20200623,201336,40,1,3049,1682,3130,1768,200630/NAIM42/103_WSCT/WSCT6575.JPG
200630,NAIM42,20200623,201836,26,1,3259,1434,3332,1493,200630/NAIM42/103_WSCT/WSCT6580.JPG
200630,NAIM42,20200623,202336,47,1,540,1176,625,1274,200630/NAIM42/103_WSCT/WSCT6585.JPG
200630,NAIM42,20200623,203044,29,1,403,1822,466,1868,200630/NAIM42/103_WSCT/WSCT6592.JPG
200630,NAIM42,20200623,203144,36,1,233,1815,292,1874,200630/NAIM42/103_WSCT/WSCT6593.JPG
200630,NAIM42,20200623,203544,55,1,2111,2078,2199,2133,200630/NAIM42/103_WSCT/WSCT6597.JPG
200630,NAIM42,20200623,204344,39,1,2518,1236,2587,1293,200630/NAIM42/103_WSCT/WSCT6605.JPG
200630,NAIM42,20200623,204644,28,1,695,1517,758,1562,200630/NAIM42/103_WSCT/WSCT6608.JPG
200630,NAIM42,20200623,204644,28,1,885,1772,946,1826,200630/NAIM42/103_WSCT/WSCT6608.JPG
200630,NAIM42,20200623,205244,48,1,4030,1238,4094,1299,200630/NAIM42/103_WSCT/WSCT6614.JPG
200630,NAIM42,20200623,205544,29,1,2781,1525,2853,1610,200630/NAIM42/103_WSCT/WSCT6617.JPG
200630,NAIM42,20200623,205544,31,1,1823,602,1891,670,200630/NAIM42/103_WSCT/WSCT6617.JPG
200630,NAIM42,20200623,205644,26,1,1830,610,1891,663,200630/NAIM42/103_WSCT/WSCT6618.JPG
200630,NAIM42,20200623,205744,29,1,1834,613,1892,665,200630/NAIM42/103_WSCT/WSCT6619.JPG
200630,NAIM42,20200623,205844,28,1,296,1051,364,1139,200630/NAIM42/103_WSCT/WSCT6620.JPG
200630,NAIM42,20200623,205844,38,1,1903,1091,1973,1134,200630/NAIM42/103_WSCT/WSCT6620.JPG
200630,NAIM42,20200623,211044,44,1,230,1808,293,1868,200630/NAIM42/103_WSCT/WSCT6632.JPG
200630,NAIM42,20200623,211744,30,1,785,622,846,675,200630/NAIM42/103_WSCT/WSCT6639.JPG
200630,NAIM42,20200623,211844,26,1,1997,139,2049,185,200630/NAIM42/103_WSCT/WSCT6640.JPG
200630,NAIM42,20200623,212844,65,1,551,134,632,219,200630/NAIM42/103_WSCT/WSCT6650.JPG
200630,NAIM42,20200623,212944,36,1,232,1814,294,1877,200630/NAIM42/103_WSCT/WSCT6651.JPG
200630,NAIM42,20200623,212944,39,1,554,139,631,220,200630/NAIM42/103_WSCT/WSCT6651.JPG
200630,NAIM42,20200623,213144,37,1,226,1809,293,1868,200630/NAIM42/103_WSCT/WSCT6653.JPG
200630,NAIM42,20200623,213944,80,1,3485,243,3576,306,200630/NAIM42/103_WSCT/WSCT6661.JPG
200630,NAIM42,20200623,214144,31,1,3319,623,3391,719,200630/NAIM42/103_WSCT/WSCT6663.JPG
200630,NAIM42,20200623,214844,29,1,226,1745,285,1792,200630/NAIM42/103_WSCT/WSCT6670.JPG
200630,NAIM42,20200623,215444,27,1,4169,330,4219,383,200630/NAIM42/103_WSCT/WSCT6676.JPG
200630,NAIM42,20200623,215444,43,1,1516,1599,1585,1662,200630/NAIM42/103_WSCT/WSCT6676.JPG
200630,NAIM42,20200623,215544,35,1,4176,328,4223,382,200630/NAIM42/103_WSCT/WSCT6677.JPG
200630,NAIM42,20200623,215944,36,1,552,138,632,224,200630/NAIM42/103_WSCT/WSCT6681.JPG
200630,NAIM42,20200624,060502,70,1,2526,2183,2589,2239,200630/NAIM42/103_WSCT/WSCT6687.JPG
200630,NAIM42,20200624,060802,25,1,1038,1145,1113,1230,200630/NAIM42/103_WSCT/WSCT6690.JPG
200630,NAIM42,20200624,061102,34,1,3570,1420,3645,1514,200630/NAIM42/103_WSCT/WSCT6693.JPG
200630,NAIM42,20200624,061602,35,1,144,1088,194,1136,200630/NAIM42/103_WSCT/WSCT6698.JPG
200630,NAIM42,20200624,061702,30,1,642,2147,701,2195,200630/NAIM42/103_WSCT/WSCT6699.JPG
200630,NAIM42,20200624,062002,64,1,1006,519,1067,564,200630/NAIM42/103_WSCT/WSCT6702.JPG
200630,NAIM42,20200624,063202,31,1,695,1230,754,1275,200630/NAIM42/103_WSCT/WSCT6714.JPG
200630,NAIM42,20200624,063202,38,1,2275,2047,2335,2109,200630/NAIM42/103_WSCT/WSCT6714.JPG
200630,NAIM42,20200624,064602,28,1,3874,394,3943,479,200630/NAIM42/103_WSCT/WSCT6728.JPG
200630,NAIM42,20200624,064902,38,1,371,1144,432,1211,200630/NAIM42/103_WSCT/WSCT6731.JPG
200630,NAIM42,20200624,065402,32,1,2773,1516,2841,1599,200630/NAIM42/103_WSCT/WSCT6736.JPG
200630,NAIM42,20200624,065702,70,1,1672,1274,1750,1377,200630/NAIM42/103_WSCT/WSCT6739.JPG
200630,NAIM42,20200624,065802,82,1,1672,1272,1750,1371,200630/NAIM42/103_WSCT/WSCT6740.JPG
200630,NAIM42,20200624,065902,28,1,1672,1266,1752,1364,200630/NAIM42/103_WSCT/WSCT6741.JPG
200630,NAIM42,20200624,065902,40,1,673,1679,740,1766,200630/NAIM42/103_WSCT/WSCT6741.JPG
200630,NAIM42,20200624,070002,54,1,1671,1264,1753,1366,200630/NAIM42/103_WSCT/WSCT6742.JPG
200630,NAIM42,20200624,071802,41,1,3054,1662,3132,1743,200630/NAIM42/103_WSCT/WSCT6760.JPG
200630,NAIM42,20200624,072802,44,1,130,1307,227,1427,200630/NAIM42/103_WSCT/WSCT6770.JPG
200630,NAIM42,20200624,073102,88,1,2865,1130,3012,1245,200630/NAIM42/103_WSCT/WSCT6773.JPG
200630,NAIM42,20200624,073202,33,1,270,936,342,1024,200630/NAIM42/103_WSCT/WSCT6774.JPG
200630,NAIM42,20200624,075702,44,1,550,1181,615,1257,200630/NAIM42/103_WSCT/WSCT6799.JPG
200630,NAIM42,20200624,084002,34,1,2437,1053,2501,1120,200630/NAIM42/103_WSCT/WSCT6842.JPG
200630,NAIM42,20200624,091402,27,1,748,1396,829,1465,200630/NAIM42/103_WSCT/WSCT6876.JPG
200630,NAIM42,20200624,092502,50,1,1671,1284,1756,1382,200630/NAIM42/103_WSCT/WSCT6887.JPG
200630,NAIM42,20200624,094502,51,1,989,1767,1101,1908,200630/NAIM42/103_WSCT/WSCT6907.JPG
200630,NAIM42,20200624,101902,49,1,2620,1726,2739,1850,200630/NAIM42/103_WSCT/WSCT6941.JPG
200630,NAIM42,20200624,102102,49,1,3731,996,3826,1059,200630/NAIM42/103_WSCT/WSCT6943.JPG
200630,NAIM42,20200624,102602,29,1,436,1045,520,1141,200630/NAIM42/103_WSCT/WSCT6948.JPG
200630,NAIM42,20200624,104702,68,1,2859,680,3011,798,200630/NAIM42/103_WSCT/WSCT6969.JPG
200630,NAIM42,20200624,105502,26,1,1872,1296,1944,1379,200630/NAIM42/103_WSCT/WSCT6977.JPG
200630,NAIM42,20200624,110302,39,1,1882,1299,1951,1385,200630/NAIM42/103_WSCT/WSCT6985.JPG
200630,NAIM42,20200624,111002,27,1,2737,2049,2801,2096,200630/NAIM42/103_WSCT/WSCT6992.JPG
200630,NAIM42,20200624,111602,26,1,1770,1315,1841,1404,200630/NAIM42/103_WSCT/WSCT6998.JPG
200630,NAIM42,20200624,121302,42,1,1739,1385,1808,1477,200630/NAIM42/103_WSCT/WSCT7055.JPG
200630,NAIM42,20200624,121402,32,1,1742,1395,1803,1474,200630/NAIM42/103_WSCT/WSCT7056.JPG
200630,NAIM42,20200624,121402,89,1,1018,1484,1123,1619,200630/NAIM42/103_WSCT/WSCT7056.JPG
200630,NAIM42,20200624,121602,47,1,1741,1394,1803,1473,200630/NAIM42/103_WSCT/WSCT7058.JPG
200630,NAIM42,20200624,122002,83,1,2890,1101,2973,1203,200630/NAIM42/103_WSCT/WSCT7062.JPG
200630,NAIM42,20200624,123202,29,1,662,1655,750,1737,200630/NAIM42/103_WSCT/WSCT7074.JPG
200630,NAIM42,20200624,133602,58,1,2985,1994,3051,2067,200630/NAIM42/103_WSCT/WSCT7138.JPG
200630,NAIM42,20200624,142002,61,1,1738,1363,1817,1471,200630/NAIM42/103_WSCT/WSCT7182.JPG
200630,NAIM42,20200624,143802,25,1,2988,1999,3053,2075,200630/NAIM42/103_WSCT/WSCT7200.JPG
200630,NAIM42,20200624,145802,89,1,1837,1935,1932,2047,200630/NAIM42/103_WSCT/WSCT7220.JPG
200630,NAIM42,20200624,150802,45,1,4177,1372,4224,1450,200630/NAIM42/103_WSCT/WSCT7230.JPG
200630,NAIM42,20200624,151808,51,1,634,2160,698,2214,200630/NAIM42/103_WSCT/WSCT7240.JPG
200630,NAIM42,20200624,152008,27,1,3644,1084,3712,1161,200630/NAIM42/103_WSCT/WSCT7242.JPG
200630,NAIM42,20200624,152108,43,1,4137,339,4211,394,200630/NAIM42/103_WSCT/WSCT7243.JPG
200630,NAIM42,20200624,153108,27,1,2626,541,2685,614,200630/NAIM42/103_WSCT/WSCT7253.JPG
200630,NAIM42,20200624,153308,38,1,3051,1636,3147,1757,200630/NAIM42/103_WSCT/WSCT7255.JPG
200630,NAIM42,20200624,153708,90,1,1779,1938,1891,2075,200630/NAIM42/103_WSCT/WSCT7259.JPG
200630,NAIM42,20200624,154010,37,1,2822,764,2876,820,200630/NAIM42/103_WSCT/WSCT7262.JPG
200630,NAIM42,20200624,154110,27,1,2305,2260,2362,2311,200630/NAIM42/103_WSCT/WSCT7263.JPG
200630,NAIM42,20200624,154510,28,1,1758,844,1850,915,200630/NAIM42/103_WSCT/WSCT7267.JPG
200630,NAIM42,20200624,154510,33,1,2189,1975,2261,2059,200630/NAIM42/103_WSCT/WSCT7267.JPG
200630,NAIM42,20200624,154710,43,1,2770,1898,2864,1972,200630/NAIM42/103_WSCT/WSCT7269.JPG
200630,NAIM42,20200624,155310,25,1,3919,1234,3982,1298,200630/NAIM42/103_WSCT/WSCT7275.JPG
200630,NAIM42,20200624,160708,49,1,2715,418,2786,521,200630/NAIM42/103_WSCT/WSCT7289.JPG
200630,NAIM42,20200624,161908,31,1,1232,954,1317,1020,200630/NAIM42/103_WSCT/WSCT7301.JPG
200630,NAIM42,20200624,162308,43,1,1868,1297,1941,1390,200630/NAIM42/103_WSCT/WSCT7305.JPG
200630,NAIM42,20200624,162708,49,1,1309,721,1373,788,200630/NAIM42/103_WSCT/WSCT7309.JPG
200630,NAIM42,20200624,163608,58,1,904,64,1005,184,200630/NAIM42/103_WSCT/WSCT7318.JPG
200630,NAIM42,20200624,163708,27,1,885,110,987,199,200630/NAIM42/103_WSCT/WSCT7319.JPG
200630,NAIM42,20200624,164210,25,1,2294,1083,2375,1168,200630/NAIM42/103_WSCT/WSCT7324.JPG
200630,NAIM42,20200624,165310,89,1,1613,2250,1755,2376,200630/NAIM42/103_WSCT/WSCT7335.JPG
200630,NAIM42,20200624,165510,85,1,3613,2035,3726,2170,200630/NAIM42/103_WSCT/WSCT7337.JPG
200630,NAIM42,20200624,165710,58,1,2950,2011,3047,2096,200630/NAIM42/103_WSCT/WSCT7339.JPG
200630,NAIM42,20200624,165810,43,1,2956,2008,3046,2090,200630/NAIM42/103_WSCT/WSCT7340.JPG
200630,NAIM42,20200624,165910,34,1,2969,2011,3047,2079,200630/NAIM42/103_WSCT/WSCT7341.JPG
200630,NAIM42,20200624,170510,26,1,3765,1186,3838,1241,200630/NAIM42/103_WSCT/WSCT7347.JPG
200630,NAIM42,20200624,170910,31,1,2952,2004,3043,2087,200630/NAIM42/103_WSCT/WSCT7351.JPG
200630,NAIM42,20200624,170910,32,1,4161,51,4220,121,200630/NAIM42/103_WSCT/WSCT7351.JPG
200630,NAIM42,20200624,171010,39,1,2943,2012,3051,2096,200630/NAIM42/103_WSCT/WSCT7352.JPG
200630,NAIM42,20200624,171110,53,1,2957,2002,3043,2084,200630/NAIM42/103_WSCT/WSCT7353.JPG
200630,NAIM42,20200624,171908,32,1,2947,1999,3046,2091,200630/NAIM42/103_WSCT/WSCT7361.JPG
200630,NAIM42,20200624,172210,28,1,1710,1615,1784,1694,200630/NAIM42/103_WSCT/WSCT7364.JPG
200630,NAIM42,20200624,172708,25,1,2945,2000,3048,2090,200630/NAIM42/103_WSCT/WSCT7369.JPG
200630,NAIM42,20200624,174308,38,1,3196,1485,3301,1570,200630/NAIM42/103_WSCT/WSCT7385.JPG
200630,NAIM42,20200624,174408,33,1,3200,1484,3302,1570,200630/NAIM42/103_WSCT/WSCT7386.JPG
200630,NAIM42,20200624,180008,27,1,2944,2001,3048,2086,200630/NAIM42/103_WSCT/WSCT7402.JPG
200630,NAIM42,20200624,180008,32,1,1733,1360,1809,1480,200630/NAIM42/103_WSCT/WSCT7402.JPG
200630,NAIM42,20200624,180108,71,1,1733,1365,1806,1475,200630/NAIM42/103_WSCT/WSCT7403.JPG
200630,NAIM42,20200624,180208,32,1,637,2290,713,2365,200630/NAIM42/103_WSCT/WSCT7404.JPG
200630,NAIM42,20200624,181708,33,1,4184,347,4224,418,200630/NAIM42/103_WSCT/WSCT7419.JPG
200630,NAIM42,20200624,182310,31,1,3876,1081,3952,1167,200630/NAIM42/103_WSCT/WSCT7425.JPG
200630,NAIM42,20200624,183010,32,1,65,908,126,978,200630/NAIM42/103_WSCT/WSCT7432.JPG
200630,NAIM42,20200624,183510,25,1,4105,18,4177,73,200630/NAIM42/103_WSCT/WSCT7437.JPG
200630,NAIM42,20200624,183710,26,1,4175,1780,4223,1834,200630/NAIM42/103_WSCT/WSCT7439.JPG
200630,NAIM42,20200624,183810,30,1,4108,18,4174,71,200630/NAIM42/103_WSCT/WSCT7440.JPG
200630,NAIM42,20200624,184110,27,1,4029,866,4094,938,200630/NAIM42/103_WSCT/WSCT7443.JPG
200630,NAIM42,20200624,184508,72,1,666,1676,747,1788,200630/NAIM42/103_WSCT/WSCT7447.JPG
200630,NAIM42,20200624,184708,32,1,4070,1625,4140,1702,200630/NAIM42/103_WSCT/WSCT7449.JPG
200630,NAIM42,20200624,184810,33,1,1753,1316,1842,1397,200630/NAIM42/103_WSCT/WSCT7450.JPG
200630,NAIM42,20200624,185708,46,1,663,1697,733,1789,200630/NAIM42/103_WSCT/WSCT7459.JPG
200630,NAIM42,20200624,190408,37,1,875,690,937,739,200630/NAIM42/103_WSCT/WSCT7466.JPG
200630,NAIM42,20200624,190408,48,1,363,1302,418,1351,200630/NAIM42/103_WSCT/WSCT7466.JPG
200630,NAIM42,20200624,191408,56,1,3920,1227,3986,1302,200630/NAIM42/103_WSCT/WSCT7476.JPG
200630,NAIM42,20200624,191508,62,1,3919,1246,3984,1297,200630/NAIM42/103_WSCT/WSCT7477.JPG
200630,NAIM42,20200624,192408,31,1,660,772,727,850,200630/NAIM42/103_WSCT/WSCT7486.JPG
200630,NAIM42,20200624,194610,51,1,2806,931,2904,1054,200630/NAIM42/103_WSCT/WSCT7508.JPG
200630,NAIM42,20200624,195410,34,1,1528,1829,1602,1881,200630/NAIM42/103_WSCT/WSCT7516.JPG
200630,NAIM42,20200624,201516,39,1,566,1823,629,1887,200630/NAIM42/103_WSCT/WSCT7537.JPG
200630,NAIM42,20200624,203816,34,1,515,155,609,240,200630/NAIM42/103_WSCT/WSCT7560.JPG
200630,NAIM42,20200624,204016,30,1,366,498,423,548,200630/NAIM42/103_WSCT/WSCT7562.JPG
200630,NAIM42,20200624,205216,27,1,3612,1148,3677,1201,200630/NAIM42/103_WSCT/WSCT7574.JPG
200630,NAIM42,20200624,205416,26,1,695,1538,759,1583,200630/NAIM42/103_WSCT/WSCT7576.JPG
200630,NAIM42,20200624,210416,26,1,2968,349,3078,413,200630/NAIM42/103_WSCT/WSCT7586.JPG
200630,NAIM42,20200624,211516,58,1,217,814,278,879,200630/NAIM42/103_WSCT/WSCT7597.JPG
200630,NAIM42,20200624,212116,27,1,1901,684,1973,739,200630/NAIM42/103_WSCT/WSCT7603.JPG
200630,NAIM42,20200624,212616,50,1,192,824,266,877,200630/NAIM42/103_WSCT/WSCT7608.JPG
200630,NAIM42,20200624,212616,64,1,524,157,608,245,200630/NAIM42/103_WSCT/WSCT7608.JPG
200630,NAIM42,20200624,213116,38,1,1764,278,1821,336,200630/NAIM42/103_WSCT/WSCT7613.JPG
200630,NAIM42,20200624,213716,34,1,3715,988,3784,1038,200630/NAIM42/103_WSCT/WSCT7619.JPG
200630,NAIM42,20200624,213916,35,1,2786,953,2883,1057,200630/NAIM42/103_WSCT/WSCT7621.JPG
200630,NAIM42,20200624,214816,48,1,1920,162,1975,207,200630/NAIM42/103_WSCT/WSCT7630.JPG
200630,NAIM42,20200624,215216,49,1,110,438,168,488,200630/NAIM42/103_WSCT/WSCT7634.JPG
200630,NAIM42,20200624,215216,53,1,1821,353,1882,405,200630/NAIM42/103_WSCT/WSCT7634.JPG
200630,NAIM42,20200624,215416,25,1,0,356,38,409,200630/NAIM42/103_WSCT/WSCT7636.JPG
200630,NAIM42,20200625,070408,51,1,4011,1259,4081,1326,200630/NAIM42/103_WSCT/WSCT7706.JPG
200630,NAIM42,20200625,073708,32,1,184,1399,242,1457,200630/NAIM42/103_WSCT/WSCT7739.JPG
200630,NAIM42,20200625,074708,26,1,1514,1790,1593,1896,200630/NAIM42/103_WSCT/WSCT7749.JPG
200630,NAIM42,20200625,081410,29,1,1518,1782,1594,1892,200630/NAIM42/103_WSCT/WSCT7776.JPG
200630,NAIM42,20200625,082010,40,1,4013,1260,4087,1331,200630/NAIM42/103_WSCT/WSCT7782.JPG
200630,NAIM42,20200625,082010,48,1,1524,1775,1600,1860,200630/NAIM42/103_WSCT/WSCT7782.JPG
200630,NAIM42,20200625,082708,30,1,2688,397,2762,475,200630/NAIM42/103_WSCT/WSCT7789.JPG
200630,NAIM42,20200625,085308,42,1,2950,2008,3037,2089,200630/NAIM42/103_WSCT/WSCT7815.JPG
200630,NAIM42,20200625,090410,32,1,2844,2307,2980,2374,200630/NAIM42/103_WSCT/WSCT7826.JPG
200630,NAIM42,20200625,090508,67,1,2220,653,2304,752,200630/NAIM42/103_WSCT/WSCT7827.JPG
200630,NAIM42,20200625,111922,31,1,3131,1500,3211,1575,200630/NAIM42/103_WSCT/WSCT7961.JPG
200630,NAIM42,20200625,112122,41,1,3286,1225,3363,1294,200630/NAIM42/103_WSCT/WSCT7963.JPG
200630,NAIM42,20200625,113422,28,1,3274,1223,3366,1296,200630/NAIM42/103_WSCT/WSCT7976.JPG
200630,NAIM42,20200625,121424,29,1,3296,1200,3372,1287,200630/NAIM42/103_WSCT/WSCT8016.JPG
200630,NAIM42,20200625,144924,69,1,1207,1558,1389,1695,200630/NAIM42/103_WSCT/WSCT8171.JPG
200630,NAIM42,20200625,150724,60,1,3734,1084,3790,1146,200630/NAIM42/103_WSCT/WSCT8189.JPG
200630,NAIM42,20200625,150824,42,1,3735,1084,3789,1147,200630/NAIM42/103_WSCT/WSCT8190.JPG
200630,NAIM42,20200625,151224,26,1,3347,354,3398,404,200630/NAIM42/103_WSCT/WSCT8194.JPG
200630,NAIM42,20200625,151622,47,1,3603,1804,3696,1936,200630/NAIM42/103_WSCT/WSCT8198.JPG
200630,NAIM42,20200625,153022,26,1,3037,1664,3103,1745,200630/NAIM42/103_WSCT/WSCT8212.JPG
200630,NAIM42,20200625,153122,43,1,2389,300,2453,363,200630/NAIM42/103_WSCT/WSCT8213.JPG
200630,NAIM42,20200625,153322,31,1,2785,1881,2867,1951,200630/NAIM42/103_WSCT/WSCT8215.JPG
200630,NAIM42,20200625,154722,56,1,1788,353,1878,437,200630/NAIM42/103_WSCT/WSCT8229.JPG
200630,NAIM42,20200625,154822,43,1,2395,295,2456,358,200630/NAIM42/103_WSCT/WSCT8230.JPG
200630,NAIM42,20200625,155224,71,1,3066,1582,3154,1722,200630/NAIM42/103_WSCT/WSCT8234.JPG
200630,NAIM42,20200625,155622,28,1,2394,301,2452,358,200630/NAIM42/103_WSCT/WSCT8238.JPG
200630,NAIM42,20200625,160722,50,1,2711,421,2783,523,200630/NAIM42/103_WSCT/WSCT8249.JPG
200630,NAIM42,20200625,161424,37,1,3031,1072,3118,1134,200630/NAIM42/103_WSCT/WSCT8256.JPG
200630,NAIM42,20200625,161424,45,1,2331,2109,2382,2157,200630/NAIM42/103_WSCT/WSCT8256.JPG
200630,NAIM42,20200625,162324,86,1,1236,943,1316,1053,200630/NAIM42/103_WSCT/WSCT8265.JPG
200630,NAIM42,20200625,162424,74,1,1236,948,1316,1060,200630/NAIM42/103_WSCT/WSCT8266.JPG
200630,NAIM42,20200625,162624,31,1,1146,1704,1217,1809,200630/NAIM42/103_WSCT/WSCT8268.JPG
200630,NAIM42,20200625,162724,32,1,1176,1776,1251,1887,200630/NAIM42/103_WSCT/WSCT8269.JPG
200630,NAIM42,20200625,163124,50,1,1784,777,1896,854,200630/NAIM42/103_WSCT/WSCT8273.JPG
200630,NAIM42,20200625,163922,29,1,1824,1731,1909,1842,200630/NAIM42/103_WSCT/WSCT8281.JPG
200630,NAIM42,20200625,164422,35,1,329,1747,387,1810,200630/NAIM42/103_WSCT/WSCT8286.JPG
200630,NAIM42,20200625,165322,27,1,157,1778,226,1861,200630/NAIM42/103_WSCT/WSCT8295.JPG
200630,NAIM42,20200625,170022,32,1,3678,325,3749,409,200630/NAIM42/103_WSCT/WSCT8302.JPG
200630,NAIM42,20200625,174524,28,1,2473,870,2585,936,200630/NAIM42/103_WSCT/WSCT8347.JPG
200630,NAIM42,20200625,174824,90,1,3495,626,3669,755,200630/NAIM42/103_WSCT/WSCT8350.JPG
200630,NAIM42,20200625,175024,34,1,3771,1190,3844,1240,200630/NAIM42/103_WSCT/WSCT8352.JPG
200630,NAIM42,20200625,180522,72,1,1801,781,1899,845,200630/NAIM42/103_WSCT/WSCT8367.JPG
200630,NAIM42,20200625,181522,34,1,1276,464,1345,533,200630/NAIM42/103_WSCT/WSCT8377.JPG
200630,NAIM42,20200625,181822,27,1,3927,1239,3989,1295,200630/NAIM42/103_WSCT/WSCT8380.JPG
200630,NAIM42,20200625,181822,30,1,937,1495,1003,1564,200630/NAIM42/103_WSCT/WSCT8380.JPG
200630,NAIM42,20200625,182222,34,1,3927,1236,3997,1298,200630/NAIM42/103_WSCT/WSCT8384.JPG
200630,NAIM42,20200625,182322,59,1,1376,462,1439,522,200630/NAIM42/103_WSCT/WSCT8385.JPG
200630,NAIM42,20200625,182622,37,1,2808,304,2874,359,200630/NAIM42/103_WSCT/WSCT8388.JPG
200630,NAIM42,20200625,183222,40,1,722,582,789,669,200630/NAIM42/103_WSCT/WSCT8394.JPG
200630,NAIM42,20200625,183622,41,1,628,2158,711,2211,200630/NAIM42/103_WSCT/WSCT8398.JPG
200630,NAIM42,20200625,183922,29,1,1683,473,1748,521,200630/NAIM42/103_WSCT/WSCT8401.JPG
200630,NAIM42,20200625,184830,44,1,3829,1376,3886,1427,200630/NAIM42/103_WSCT/WSCT8410.JPG
200630,NAIM42,20200625,185530,26,1,3855,743,3932,823,200630/NAIM42/103_WSCT/WSCT8417.JPG
200630,NAIM42,20200625,185730,26,1,3210,1484,3287,1547,200630/NAIM42/103_WSCT/WSCT8419.JPG
200630,NAIM42,20200625,190530,32,1,1723,558,1796,637,200630/NAIM42/103_WSCT/WSCT8427.JPG
200630,NAIM42,20200625,191330,30,1,2758,1123,2838,1233,200630/NAIM42/103_WSCT/WSCT8435.JPG
200630,NAIM42,20200625,191430,38,1,3642,1481,3709,1542,200630/NAIM42/103_WSCT/WSCT8436.JPG
200630,NAIM42,20200625,191730,29,1,3660,1096,3720,1168,200630/NAIM42/103_WSCT/WSCT8439.JPG
200630,NAIM42,20200625,191730,33,1,3636,1484,3701,1544,200630/NAIM42/103_WSCT/WSCT8439.JPG
200630,NAIM42,20200625,193730,26,1,3625,1483,3686,1527,200630/NAIM42/103_WSCT/WSCT8459.JPG
200630,NAIM42,20200625,194130,42,1,3640,785,3695,837,200630/NAIM42/103_WSCT/WSCT8463.JPG
200630,NAIM42,20200625,194430,27,1,3722,988,3784,1035,200630/NAIM42/103_WSCT/WSCT8466.JPG
200630,NAIM42,20200625,194930,27,1,3642,1478,3711,1536,200630/NAIM42/103_WSCT/WSCT8471.JPG
200630,NAIM42,20200625,195030,25,1,3644,1481,3712,1536,200630/NAIM42/103_WSCT/WSCT8472.JPG
200630,NAIM42,20200625,195230,29,1,3645,1477,3705,1533,200630/NAIM42/103_WSCT/WSCT8474.JPG
200630,NAIM42,20200625,202930,33,1,947,1852,1010,1904,200630/NAIM42/103_WSCT/WSCT8511.JPG
200630,NAIM42,20200625,203430,57,1,288,1662,365,1719,200630/NAIM42/103_WSCT/WSCT8516.JPG
200630,NAIM42,20200625,203830,37,1,1800,857,1863,919,200630/NAIM42/103_WSCT/WSCT8520.JPG
200630,NAIM42,20200625,204330,28,1,236,1853,300,1910,200630/NAIM42/103_WSCT/WSCT8525.JPG
200630,NAIM42,20200625,204730,26,1,3883,572,3953,622,200630/NAIM42/103_WSCT/WSCT8529.JPG
200630,NAIM42,20200625,205430,28,1,311,1515,378,1559,200630/NAIM42/103_WSCT/WSCT8536.JPG
200630,NAIM42,20200625,205530,52,1,290,1520,381,1573,200630/NAIM42/103_WSCT/WSCT8537.JPG
200630,NAIM42,20200625,205830,63,1,345,1108,417,1162,200630/NAIM42/103_WSCT/WSCT8540.JPG
200630,NAIM42,20200625,210330,42,1,358,1107,421,1154,200630/NAIM42/103_WSCT/WSCT8545.JPG
200630,NAIM42,20200625,210430,62,1,781,1223,862,1279,200630/NAIM42/103_WSCT/WSCT8546.JPG
200630,NAIM42,20200625,210830,26,1,723,604,776,665,200630/NAIM42/103_WSCT/WSCT8550.JPG
200630,NAIM42,20200625,211630,30,1,597,1905,653,1964,200630/NAIM42/103_WSCT/WSCT8558.JPG
200630,NAIM42,20200625,211730,52,1,311,1519,378,1565,200630/NAIM42/103_WSCT/WSCT8559.JPG
200630,NAIM42,20200625,212330,29,1,227,1778,290,1838,200630/NAIM42/103_WSCT/WSCT8565.JPG
200630,NAIM42,20200625,212830,39,1,3927,1237,3988,1295,200630/NAIM42/103_WSCT/WSCT8570.JPG
200630,NAIM42,20200625,213330,39,1,509,150,605,233,200630/NAIM42/103_WSCT/WSCT8575.JPG
200630,NAIM42,20200625,213830,27,1,3944,1436,4021,1510,200630/NAIM42/103_WSCT/WSCT8580.JPG
200630,NAIM42,20200625,214130,35,1,3116,1635,3195,1760,200630/NAIM42/103_WSCT/WSCT8583.JPG
200630,NAIM42,20200625,214330,38,1,245,1853,311,1907,200630/NAIM42/103_WSCT/WSCT8585.JPG
200630,NAIM42,20200625,214330,50,1,3100,1643,3198,1763,200630/NAIM42/103_WSCT/WSCT8585.JPG
200630,NAIM42,20200625,214630,32,1,670,1443,748,1530,200630/NAIM42/103_WSCT/WSCT8588.JPG
200630,NAIM42,20200625,215230,36,1,526,1836,596,1892,200630/NAIM42/103_WSCT/WSCT8594.JPG
200630,NAIM42,20200625,215630,27,1,858,1765,921,1810,200630/NAIM42/103_WSCT/WSCT8598.JPG
200630,NAIM42,20200626,060902,46,1,1194,1774,1303,1883,200630/NAIM42/103_WSCT/WSCT8611.JPG
200630,NAIM42,20200626,061702,39,1,576,1364,630,1419,200630/NAIM42/103_WSCT/WSCT8619.JPG
200630,NAIM42,20200626,070502,26,1,2698,1214,2758,1276,200630/NAIM42/103_WSCT/WSCT8667.JPG
200630,NAIM42,20200626,071202,58,1,240,1860,296,1914,200630/NAIM42/103_WSCT/WSCT8674.JPG
200630,NAIM42,20200626,081502,42,1,2380,1657,2611,1781,200630/NAIM42/103_WSCT/WSCT8737.JPG
200630,NAIM42,20200626,081902,26,1,4188,33,4224,124,200630/NAIM42/103_WSCT/WSCT8741.JPG
200630,NAIM42,20200626,081902,38,1,2689,412,2749,473,200630/NAIM42/103_WSCT/WSCT8741.JPG
200630,NAIM42,20200626,102908,48,1,3899,401,3947,448,200630/NAIM42/103_WSCT/WSCT8871.JPG
200630,NAIM42,20200626,104008,38,1,2248,1960,2315,2033,200630/NAIM42/103_WSCT/WSCT8882.JPG
200630,NAIM42,20200626,113610,31,1,3271,2179,3388,2281,200630/NAIM42/103_WSCT/WSCT8938.JPG
200630,NAIM42,20200626,114810,90,1,2747,1814,2855,1970,200630/NAIM42/103_WSCT/WSCT8950.JPG
200630,NAIM42,20200626,120308,34,1,509,147,595,239,200630/NAIM42/103_WSCT/WSCT8965.JPG
200630,NAIM42,20200626,124010,30,1,507,151,592,239,200630/NAIM42/103_WSCT/WSCT9002.JPG
200630,NAIM42,20200626,124108,50,1,506,148,593,236,200630/NAIM42/103_WSCT/WSCT9003.JPG
200630,NAIM42,20200626,124510,41,1,505,144,589,234,200630/NAIM42/103_WSCT/WSCT9007.JPG
200630,NAIM42,20200626,151108,26,1,3639,1155,3709,1216,200630/NAIM42/103_WSCT/WSCT9153.JPG
200630,NAIM42,20200626,151408,30,1,4191,811,4224,884,200630/NAIM42/103_WSCT/WSCT9156.JPG
200630,NAIM42,20200626,152510,32,1,3753,1231,3805,1280,200630/NAIM42/103_WSCT/WSCT9167.JPG
200630,NAIM42,20200626,153010,31,1,2913,581,3098,730,200630/NAIM42/103_WSCT/WSCT9172.JPG
200630,NAIM42,20200626,153010,79,1,2945,50,3036,175,200630/NAIM42/103_WSCT/WSCT9172.JPG
200630,NAIM42,20200626,154314,43,1,2732,1847,2813,1948,200630/NAIM42/103_WSCT/WSCT9185.JPG
200630,NAIM42,20200626,154416,56,1,2279,745,2349,797,200630/NAIM42/103_WSCT/WSCT9186.JPG
200630,NAIM42,20200626,155316,28,1,2956,1534,3076,1607,200630/NAIM42/103_WSCT/WSCT9195.JPG
200630,NAIM42,20200626,155816,44,1,1925,698,1984,754,200630/NAIM42/103_WSCT/WSCT9200.JPG
200630,NAIM42,20200626,160416,37,1,2134,1947,2189,1993,200630/NAIM42/103_WSCT/WSCT9206.JPG
200630,NAIM42,20200626,160516,39,1,1631,849,1692,921,200630/NAIM42/103_WSCT/WSCT9207.JPG
200630,NAIM42,20200626,161516,35,1,3761,1189,3848,1250,200630/NAIM42/103_WSCT/WSCT9217.JPG
200630,NAIM42,20200626,161616,41,1,1781,535,1853,622,200630/NAIM42/103_WSCT/WSCT9218.JPG
200630,NAIM42,20200626,161716,34,1,1857,424,1950,484,200630/NAIM42/103_WSCT/WSCT9219.JPG
200630,NAIM42,20200626,162016,25,1,2172,1186,2233,1240,200630/NAIM42/103_WSCT/WSCT9222.JPG
200630,NAIM42,20200626,162416,28,1,1481,507,1590,573,200630/NAIM42/103_WSCT/WSCT9226.JPG
200630,NAIM42,20200626,163416,38,1,3768,1192,3845,1246,200630/NAIM42/103_WSCT/WSCT9236.JPG
200630,NAIM42,20200626,165216,48,1,1296,715,1368,793,200630/NAIM42/103_WSCT/WSCT9254.JPG
200630,NAIM42,20200626,170616,73,1,2861,706,3011,866,200630/NAIM42/103_WSCT/WSCT9268.JPG
200630,NAIM42,20200626,174116,27,1,3762,1189,3845,1245,200630/NAIM42/103_WSCT/WSCT9303.JPG
200630,NAIM42,20200626,175516,51,1,2467,879,2572,940,200630/NAIM42/103_WSCT/WSCT9317.JPG
200630,NAIM42,20200626,175616,31,1,3276,2179,3375,2271,200630/NAIM42/103_WSCT/WSCT9318.JPG
200630,NAIM42,20200626,180816,72,1,1372,1192,1474,1358,200630/NAIM42/103_WSCT/WSCT9330.JPG
200630,NAIM42,20200626,181016,26,1,2350,863,2430,920,200630/NAIM42/103_WSCT/WSCT9332.JPG
200630,NAIM42,20200626,181116,37,1,1879,535,2021,643,200630/NAIM42/103_WSCT/WSCT9333.JPG
200630,NAIM42,20200626,181416,37,1,2837,892,3054,1016,200630/NAIM42/103_WSCT/WSCT9336.JPG
200630,NAIM42,20200626,183516,41,1,2505,673,2570,752,200630/NAIM42/103_WSCT/WSCT9357.JPG
200630,NAIM42,20200626,184316,59,1,4069,605,4149,692,200630/NAIM42/103_WSCT/WSCT9365.JPG
200630,NAIM42,20200626,184516,29,1,322,1623,389,1704,200630/NAIM42/103_WSCT/WSCT9367.JPG
200630,NAIM42,20200626,185516,46,1,3682,1314,3732,1361,200630/NAIM42/103_WSCT/WSCT9377.JPG
200630,NAIM42,20200626,190622,32,1,3915,389,3984,438,200630/NAIM42/103_WSCT/WSCT9388.JPG
200630,NAIM42,20200626,190622,43,1,1062,2238,1133,2280,200630/NAIM42/103_WSCT/WSCT9388.JPG
200630,NAIM42,20200626,190922,42,1,416,1908,473,1961,200630/NAIM42/103_WSCT/WSCT9391.JPG
200630,NAIM42,20200626,192422,40,1,4187,1012,4224,1084,200630/NAIM42/103_WSCT/WSCT9406.JPG
200630,NAIM42,20200626,193122,31,1,3216,1450,3276,1494,200630/NAIM42/103_WSCT/WSCT9413.JPG
200630,NAIM42,20200626,195824,48,1,249,1854,306,1915,200630/NAIM42/103_WSCT/WSCT9440.JPG
200630,NAIM42,20200626,200724,28,1,780,1228,843,1274,200630/NAIM42/103_WSCT/WSCT9449.JPG
200630,NAIM42,20200626,200924,59,1,203,813,261,865,200630/NAIM42/103_WSCT/WSCT9451.JPG
200630,NAIM42,20200626,202022,27,1,164,1799,265,1926,200630/NAIM42/103_WSCT/WSCT9462.JPG
200630,NAIM42,20200626,202222,26,1,253,1861,306,1917,200630/NAIM42/103_WSCT/WSCT9464.JPG
200630,NAIM42,20200626,202622,25,1,3965,171,4019,228,200630/NAIM42/103_WSCT/WSCT9468.JPG
200630,NAIM42,20200626,202922,27,1,167,1971,224,2019,200630/NAIM42/103_WSCT/WSCT9471.JPG
200630,NAIM42,20200626,203822,32,1,2243,2125,2326,2202,200630/NAIM42/103_WSCT/WSCT9480.JPG
200630,NAIM42,20200626,211624,28,1,748,2096,801,2147,200630/NAIM42/103_WSCT/WSCT9518.JPG
200630,NAIM42,20200626,214422,26,1,492,1124,555,1170,200630/NAIM42/103_WSCT/WSCT9546.JPG
200630,NAIM42,20200626,214622,33,1,204,2226,258,2274,200630/NAIM42/103_WSCT/WSCT9548.JPG
200630,NAIM42,20200626,214722,26,1,1725,550,1780,598,200630/NAIM42/103_WSCT/WSCT9549.JPG
200630,NAIM42,20200626,214722,36,1,3184,1439,3238,1482,200630/NAIM42/103_WSCT/WSCT9549.JPG
200630,NAIM42,20200626,214822,40,1,3178,1437,3233,1481,200630/NAIM42/103_WSCT/WSCT9550.JPG
200630,NAIM42,20200627,061702,33,1,3890,412,3957,501,200630/NAIM42/103_WSCT/WSCT9579.JPG
200630,NAIM42,20200627,064302,29,1,4005,1260,4069,1321,200630/NAIM42/103_WSCT/WSCT9605.JPG
200630,NAIM42,20200627,070202,54,1,491,1171,550,1233,200630/NAIM42/103_WSCT/WSCT9624.JPG
200630,NAIM42,20200627,070402,36,1,4004,1257,4066,1319,200630/NAIM42/103_WSCT/WSCT9626.JPG
200630,NAIM42,20200627,070702,29,1,4002,1258,4067,1320,200630/NAIM42/103_WSCT/WSCT9629.JPG
200630,NAIM42,20200627,071102,26,1,4005,1261,4068,1320,200630/NAIM42/103_WSCT/WSCT9633.JPG
200630,NAIM42,20200627,071202,26,1,4003,1259,4066,1320,200630/NAIM42/103_WSCT/WSCT9634.JPG
200630,NAIM42,20200627,072802,26,1,1688,468,1752,510,200630/NAIM42/103_WSCT/WSCT9650.JPG
200630,NAIM42,20200627,075202,32,1,1836,613,1897,675,200630/NAIM42/103_WSCT/WSCT9674.JPG
200630,NAIM42,20200627,081402,27,1,494,1117,557,1162,200630/NAIM42/103_WSCT/WSCT9696.JPG
200630,NAIM42,20200627,091302,28,1,337,1122,393,1168,200630/NAIM42/103_WSCT/WSCT9755.JPG
200630,NAIM42,20200627,091602,28,1,251,1092,313,1163,200630/NAIM42/103_WSCT/WSCT9758.JPG
200630,NAIM42,20200627,092702,40,1,257,1100,318,1171,200630/NAIM42/103_WSCT/WSCT9769.JPG
200630,NAIM42,20200627,094602,33,1,366,1924,447,2041,200630/NAIM42/103_WSCT/WSCT9788.JPG
200630,NAIM42,20200627,100402,30,1,642,2163,699,2210,200630/NAIM42/103_WSCT/WSCT9806.JPG
200630,NAIM42,20200627,100402,45,1,1290,719,1348,777,200630/NAIM42/103_WSCT/WSCT9806.JPG
200630,NAIM42,20200627,121010,46,1,3272,977,3402,1114,200630/NAIM42/103_WSCT/WSCT9932.JPG
200630,NAIM42,20200627,121410,83,1,3032,1008,3146,1226,200630/NAIM42/103_WSCT/WSCT9936.JPG
200630,NAIM42,20200627,121510,89,1,3250,985,3373,1187,200630/NAIM42/103_WSCT/WSCT9937.JPG
200630,NAIM42,20200627,124708,28,1,2047,1706,2116,1788,200630/NAIM42/103_WSCT/WSCT9969.JPG
200630,NAIM42,20200627,125008,26,1,2902,520,3078,644,200630/NAIM42/103_WSCT/WSCT9972.JPG
