200630,NAIM17_2_0,20200611,125208,28,1,3300,1084,3398,1190,200630/NAIM17_2_0/102_WSCT/WSCT0043.JPG
200630,NAIM17_2_0,20200611,125908,29,1,3301,1085,3399,1191,200630/NAIM17_2_0/102_WSCT/WSCT0050.JPG
200630,NAIM17_2_0,20200611,130008,29,1,3300,1084,3399,1193,200630/NAIM17_2_0/102_WSCT/WSCT0051.JPG
200630,NAIM17_2_0,20200611,130108,38,1,3301,1086,3398,1192,200630/NAIM17_2_0/102_WSCT/WSCT0052.JPG
200630,NAIM17_2_0,20200611,130308,33,1,3299,1082,3400,1195,200630/NAIM17_2_0/102_WSCT/WSCT0054.JPG
200630,NAIM17_2_0,20200611,130408,37,1,3298,1083,3401,1192,200630/NAIM17_2_0/102_WSCT/WSCT0055.JPG
200630,NAIM17_2_0,20200611,130908,30,1,1229,1366,1286,1420,200630/NAIM17_2_0/102_WSCT/WSCT0060.JPG
200630,NAIM17_2_0,20200611,132008,31,1,1508,463,1590,571,200630/NAIM17_2_0/102_WSCT/WSCT0071.JPG
200630,NAIM17_2_0,20200611,132810,31,1,1781,1223,1860,1341,200630/NAIM17_2_0/102_WSCT/WSCT0079.JPG
200630,NAIM17_2_0,20200611,134110,47,1,1775,1213,1868,1345,200630/NAIM17_2_0/102_WSCT/WSCT0092.JPG
200630,NAIM17_2_0,20200611,134310,65,1,1775,1220,1863,1345,200630/NAIM17_2_0/102_WSCT/WSCT0094.JPG
200630,NAIM17_2_0,20200611,134710,30,1,1773,1235,1853,1342,200630/NAIM17_2_0/102_WSCT/WSCT0098.JPG
200630,NAIM17_2_0,20200611,134910,64,1,1769,1231,1855,1349,200630/NAIM17_2_0/102_WSCT/WSCT0100.JPG
200630,NAIM17_2_0,20200611,135208,70,1,1774,1225,1859,1345,200630/NAIM17_2_0/102_WSCT/WSCT0103.JPG
200630,NAIM17_2_0,20200611,135308,38,1,3705,326,3778,419,200630/NAIM17_2_0/102_WSCT/WSCT0104.JPG
200630,NAIM17_2_0,20200611,135308,38,1,1775,1227,1854,1340,200630/NAIM17_2_0/102_WSCT/WSCT0104.JPG
200630,NAIM17_2_0,20200611,135408,74,1,1772,1222,1862,1349,200630/NAIM17_2_0/102_WSCT/WSCT0105.JPG
200630,NAIM17_2_0,20200611,135514,39,1,1773,1222,1860,1347,200630/NAIM17_2_0/102_WSCT/WSCT0106.JPG
200630,NAIM17_2_0,20200611,135916,66,1,1772,1232,1854,1348,200630/NAIM17_2_0/102_WSCT/WSCT0110.JPG
200630,NAIM17_2_0,20200611,141116,82,1,3089,1787,3227,1974,200630/NAIM17_2_0/102_WSCT/WSCT0122.JPG
200630,NAIM17_2_0,20200611,142116,36,1,3299,1081,3406,1200,200630/NAIM17_2_0/102_WSCT/WSCT0132.JPG
200630,NAIM17_2_0,20200611,142216,27,1,3302,1084,3405,1197,200630/NAIM17_2_0/102_WSCT/WSCT0133.JPG
200630,NAIM17_2_0,20200611,142516,55,1,3301,1081,3406,1198,200630/NAIM17_2_0/102_WSCT/WSCT0136.JPG
200630,NAIM17_2_0,20200611,142616,52,1,3300,1083,3405,1198,200630/NAIM17_2_0/102_WSCT/WSCT0137.JPG
200630,NAIM17_2_0,20200611,142916,28,1,3299,1081,3409,1202,200630/NAIM17_2_0/102_WSCT/WSCT0140.JPG
200630,NAIM17_2_0,20200611,143216,26,1,3299,1079,3406,1198,200630/NAIM17_2_0/102_WSCT/WSCT0143.JPG
200630,NAIM17_2_0,20200611,143716,26,1,3298,1078,3406,1198,200630/NAIM17_2_0/102_WSCT/WSCT0148.JPG
200630,NAIM17_2_0,20200611,143816,50,1,3299,1079,3407,1197,200630/NAIM17_2_0/102_WSCT/WSCT0149.JPG
200630,NAIM17_2_0,20200611,144016,40,1,3291,1076,3412,1203,200630/NAIM17_2_0/102_WSCT/WSCT0151.JPG
200630,NAIM17_2_0,20200611,144316,64,1,1774,1217,1863,1346,200630/NAIM17_2_0/102_WSCT/WSCT0154.JPG
200630,NAIM17_2_0,20200611,151122,88,1,3556,543,3718,709,200630/NAIM17_2_0/102_WSCT/WSCT0182.JPG
200630,NAIM17_2_0,20200611,164522,39,1,1574,1389,1679,1467,200630/NAIM17_2_0/102_WSCT/WSCT0276.JPG
200630,NAIM17_2_0,20200611,172330,48,1,3302,1077,3402,1184,200630/NAIM17_2_0/102_WSCT/WSCT0314.JPG
200630,NAIM17_2_0,20200611,173530,33,1,3304,1077,3400,1183,200630/NAIM17_2_0/102_WSCT/WSCT0326.JPG
200630,NAIM17_2_0,20200611,173836,30,1,3302,1076,3401,1183,200630/NAIM17_2_0/102_WSCT/WSCT0329.JPG
200630,NAIM17_2_0,20200611,174236,32,1,3303,1077,3401,1180,200630/NAIM17_2_0/102_WSCT/WSCT0333.JPG
200630,NAIM17_2_0,20200611,183436,37,1,271,783,330,838,200630/NAIM17_2_0/102_WSCT/WSCT0385.JPG
200630,NAIM17_2_0,20200611,185036,36,1,1,1588,55,1641,200630/NAIM17_2_0/102_WSCT/WSCT0401.JPG
200630,NAIM17_2_0,20200611,190936,37,1,2381,754,2448,827,200630/NAIM17_2_0/102_WSCT/WSCT0420.JPG
200630,NAIM17_2_0,20200611,190936,52,1,390,288,458,374,200630/NAIM17_2_0/102_WSCT/WSCT0420.JPG
200630,NAIM17_2_0,20200611,191036,53,1,393,299,453,365,200630/NAIM17_2_0/102_WSCT/WSCT0421.JPG
200630,NAIM17_2_0,20200611,191936,72,1,3041,381,3152,481,200630/NAIM17_2_0/102_WSCT/WSCT0430.JPG
200630,NAIM17_2_0,20200611,192536,42,1,661,518,717,577,200630/NAIM17_2_0/102_WSCT/WSCT0436.JPG
200630,NAIM17_2_0,20200611,193336,30,1,2381,752,2448,829,200630/NAIM17_2_0/102_WSCT/WSCT0444.JPG
200630,NAIM17_2_0,20200611,193636,31,1,3187,541,3247,604,200630/NAIM17_2_0/102_WSCT/WSCT0447.JPG
200630,NAIM17_2_0,20200611,193736,46,1,3669,567,3728,626,200630/NAIM17_2_0/102_WSCT/WSCT0448.JPG
200630,NAIM17_2_0,20200611,194536,64,1,850,2133,920,2199,200630/NAIM17_2_0/102_WSCT/WSCT0456.JPG
200630,NAIM17_2_0,20200611,195236,58,1,1414,932,1485,1017,200630/NAIM17_2_0/102_WSCT/WSCT0463.JPG
200630,NAIM17_2_0,20200611,195336,45,1,728,347,815,412,200630/NAIM17_2_0/102_WSCT/WSCT0464.JPG
200630,NAIM17_2_0,20200611,195536,41,1,108,1321,188,1381,200630/NAIM17_2_0/102_WSCT/WSCT0466.JPG
200630,NAIM17_2_0,20200611,195836,36,1,2005,882,2059,934,200630/NAIM17_2_0/102_WSCT/WSCT0469.JPG
200630,NAIM17_2_0,20200611,200536,25,1,1494,448,1585,561,200630/NAIM17_2_0/102_WSCT/WSCT0476.JPG
200630,NAIM17_2_0,20200611,200636,49,1,1496,446,1587,562,200630/NAIM17_2_0/102_WSCT/WSCT0477.JPG
200630,NAIM17_2_0,20200611,201536,50,1,1254,177,1310,232,200630/NAIM17_2_0/102_WSCT/WSCT0486.JPG
200630,NAIM17_2_0,20200611,201636,47,1,2152,706,2208,763,200630/NAIM17_2_0/102_WSCT/WSCT0487.JPG
200630,NAIM17_2_0,20200611,201936,28,1,1498,448,1585,555,200630/NAIM17_2_0/102_WSCT/WSCT0490.JPG
200630,NAIM17_2_0,20200611,201936,42,1,118,1631,201,1691,200630/NAIM17_2_0/102_WSCT/WSCT0490.JPG
200630,NAIM17_2_0,20200611,202036,28,1,2232,1870,2298,1937,200630/NAIM17_2_0/102_WSCT/WSCT0491.JPG
200630,NAIM17_2_0,20200611,202136,26,1,2233,1870,2300,1942,200630/NAIM17_2_0/102_WSCT/WSCT0492.JPG
200630,NAIM17_2_0,20200611,202236,31,1,200,405,263,454,200630/NAIM17_2_0/102_WSCT/WSCT0493.JPG
200630,NAIM17_2_0,20200611,203636,28,1,3067,667,3127,722,200630/NAIM17_2_0/102_WSCT/WSCT0507.JPG
200630,NAIM17_2_0,20200611,203836,32,1,3572,202,3661,300,200630/NAIM17_2_0/102_WSCT/WSCT0509.JPG
200630,NAIM17_2_0,20200611,204238,28,1,1230,224,1294,282,200630/NAIM17_2_0/102_WSCT/WSCT0513.JPG
200630,NAIM17_2_0,20200611,204636,35,1,828,308,885,364,200630/NAIM17_2_0/102_WSCT/WSCT0517.JPG
200630,NAIM17_2_0,20200611,205036,31,1,427,1223,480,1267,200630/NAIM17_2_0/102_WSCT/WSCT0521.JPG
200630,NAIM17_2_0,20200611,205136,45,1,420,1594,477,1644,200630/NAIM17_2_0/102_WSCT/WSCT0522.JPG
200630,NAIM17_2_0,20200611,205536,35,1,2973,955,3031,1011,200630/NAIM17_2_0/102_WSCT/WSCT0526.JPG
200630,NAIM17_2_0,20200611,205636,47,1,658,784,715,842,200630/NAIM17_2_0/102_WSCT/WSCT0527.JPG
200630,NAIM17_2_0,20200611,205636,49,1,2150,711,2223,787,200630/NAIM17_2_0/102_WSCT/WSCT0527.JPG
200630,NAIM17_2_0,20200611,205736,38,1,460,1739,550,1825,200630/NAIM17_2_0/102_WSCT/WSCT0528.JPG
200630,NAIM17_2_0,20200611,210036,33,1,228,1395,288,1450,200630/NAIM17_2_0/102_WSCT/WSCT0531.JPG
200630,NAIM17_2_0,20200611,210536,46,1,2270,783,2330,836,200630/NAIM17_2_0/102_WSCT/WSCT0536.JPG
200630,NAIM17_2_0,20200611,210536,47,1,149,529,204,581,200630/NAIM17_2_0/102_WSCT/WSCT0536.JPG
200630,NAIM17_2_0,20200611,210736,29,1,123,1341,189,1413,200630/NAIM17_2_0/102_WSCT/WSCT0538.JPG
200630,NAIM17_2_0,20200611,210836,29,1,2131,708,2189,760,200630/NAIM17_2_0/102_WSCT/WSCT0539.JPG
200630,NAIM17_2_0,20200611,210836,39,1,3511,960,3574,1015,200630/NAIM17_2_0/102_WSCT/WSCT0539.JPG
200630,NAIM17_2_0,20200611,211242,67,1,2690,1157,2769,1236,200630/NAIM17_2_0/102_WSCT/WSCT0543.JPG
200630,NAIM17_2_0,20200611,211544,35,1,1876,1711,1962,1779,200630/NAIM17_2_0/102_WSCT/WSCT0546.JPG
200630,NAIM17_2_0,20200611,212344,71,1,2270,345,2376,408,200630/NAIM17_2_0/102_WSCT/WSCT0554.JPG
200630,NAIM17_2_0,20200611,213144,33,1,3043,1444,3117,1530,200630/NAIM17_2_0/102_WSCT/WSCT0562.JPG
200630,NAIM17_2_0,20200611,213244,52,1,3058,770,3177,875,200630/NAIM17_2_0/102_WSCT/WSCT0563.JPG
200630,NAIM17_2_0,20200611,213544,37,1,1984,953,2103,1020,200630/NAIM17_2_0/102_WSCT/WSCT0566.JPG
200630,NAIM17_2_0,20200612,060800,43,1,2316,1408,2413,1498,200630/NAIM17_2_0/102_WSCT/WSCT0599.JPG
200630,NAIM17_2_0,20200612,060902,29,1,2313,1404,2415,1513,200630/NAIM17_2_0/102_WSCT/WSCT0600.JPG
200630,NAIM17_2_0,20200612,061002,43,1,2313,1399,2419,1501,200630/NAIM17_2_0/102_WSCT/WSCT0601.JPG
200630,NAIM17_2_0,20200612,061502,40,1,676,2039,741,2087,200630/NAIM17_2_0/102_WSCT/WSCT0606.JPG
200630,NAIM17_2_0,20200612,062302,43,1,736,2134,805,2184,200630/NAIM17_2_0/102_WSCT/WSCT0614.JPG
200630,NAIM17_2_0,20200612,072202,27,1,1577,1846,1674,1945,200630/NAIM17_2_0/102_WSCT/WSCT0673.JPG
200630,NAIM17_2_0,20200612,082602,32,1,717,338,796,405,200630/NAIM17_2_0/102_WSCT/WSCT0737.JPG
200630,NAIM17_2_0,20200612,083502,28,1,242,1320,312,1366,200630/NAIM17_2_0/102_WSCT/WSCT0746.JPG
200630,NAIM17_2_0,20200612,085900,27,1,1820,843,1887,900,200630/NAIM17_2_0/102_WSCT/WSCT0770.JPG
200630,NAIM17_2_0,20200612,090100,34,1,233,300,302,359,200630/NAIM17_2_0/102_WSCT/WSCT0772.JPG
200630,NAIM17_2_0,20200612,113002,38,1,2117,2029,2172,2080,200630/NAIM17_2_0/102_WSCT/WSCT0921.JPG
200630,NAIM17_2_0,20200612,121202,32,1,1993,1822,2062,1890,200630/NAIM17_2_0/102_WSCT/WSCT0963.JPG
200630,NAIM17_2_0,20200612,123502,36,1,1499,439,1590,560,200630/NAIM17_2_0/102_WSCT/WSCT0986.JPG
200630,NAIM17_2_0,20200612,123602,38,1,1496,440,1581,547,200630/NAIM17_2_0/102_WSCT/WSCT0987.JPG
200630,NAIM17_2_0,20200612,123702,26,1,1497,440,1583,548,200630/NAIM17_2_0/102_WSCT/WSCT0988.JPG
200630,NAIM17_2_0,20200612,124302,27,1,629,384,684,433,200630/NAIM17_2_0/102_WSCT/WSCT0994.JPG
200630,NAIM17_2_0,20200612,124602,27,1,1498,438,1592,557,200630/NAIM17_2_0/102_WSCT/WSCT0997.JPG
200630,NAIM17_2_0,20200612,125302,38,1,673,2063,732,2114,200630/NAIM17_2_0/102_WSCT/WSCT1004.JPG
200630,NAIM17_2_0,20200612,130602,52,1,461,361,540,415,200630/NAIM17_2_0/102_WSCT/WSCT1017.JPG
200630,NAIM17_2_0,20200612,130702,26,1,686,2176,752,2237,200630/NAIM17_2_0/102_WSCT/WSCT1018.JPG
200630,NAIM17_2_0,20200612,131002,27,1,458,361,546,419,200630/NAIM17_2_0/102_WSCT/WSCT1021.JPG
200630,NAIM17_2_0,20200612,132302,31,1,412,1292,471,1350,200630/NAIM17_2_0/102_WSCT/WSCT1034.JPG
200630,NAIM17_2_0,20200612,133300,30,1,1495,448,1578,553,200630/NAIM17_2_0/102_WSCT/WSCT1044.JPG
200630,NAIM17_2_0,20200612,133902,85,1,2835,146,2967,362,200630/NAIM17_2_0/102_WSCT/WSCT1050.JPG
200630,NAIM17_2_0,20200612,134702,29,1,1494,447,1577,555,200630/NAIM17_2_0/102_WSCT/WSCT1058.JPG
200630,NAIM17_2_0,20200612,135302,25,1,1,1251,46,1308,200630/NAIM17_2_0/102_WSCT/WSCT1064.JPG
200630,NAIM17_2_0,20200612,135402,26,1,0,177,35,254,200630/NAIM17_2_0/102_WSCT/WSCT1065.JPG
200630,NAIM17_2_0,20200612,135402,28,1,2102,2195,2160,2249,200630/NAIM17_2_0/102_WSCT/WSCT1065.JPG
200630,NAIM17_2_0,20200612,135602,31,1,244,1613,300,1663,200630/NAIM17_2_0/102_WSCT/WSCT1067.JPG
200630,NAIM17_2_0,20200612,135802,26,1,1495,444,1581,554,200630/NAIM17_2_0/102_WSCT/WSCT1069.JPG
200630,NAIM17_2_0,20200612,140102,41,1,457,1531,518,1597,200630/NAIM17_2_0/102_WSCT/WSCT1072.JPG
200630,NAIM17_2_0,20200612,140502,44,1,1778,1830,1843,1903,200630/NAIM17_2_0/102_WSCT/WSCT1076.JPG
200630,NAIM17_2_0,20200612,140602,59,1,2000,1807,2060,1868,200630/NAIM17_2_0/102_WSCT/WSCT1077.JPG
200630,NAIM17_2_0,20200612,142402,31,1,1493,441,1580,554,200630/NAIM17_2_0/102_WSCT/WSCT1095.JPG
200630,NAIM17_2_0,20200612,142702,29,1,1567,2057,1624,2104,200630/NAIM17_2_0/102_WSCT/WSCT1098.JPG
200630,NAIM17_2_0,20200612,142702,45,1,3569,211,3658,299,200630/NAIM17_2_0/102_WSCT/WSCT1098.JPG
200630,NAIM17_2_0,20200612,142802,53,1,1561,2057,1620,2108,200630/NAIM17_2_0/102_WSCT/WSCT1099.JPG
200630,NAIM17_2_0,20200612,143602,36,1,425,231,490,296,200630/NAIM17_2_0/102_WSCT/WSCT1107.JPG
200630,NAIM17_2_0,20200612,144902,37,1,337,399,397,455,200630/NAIM17_2_0/102_WSCT/WSCT1120.JPG
200630,NAIM17_2_0,20200612,145600,32,1,815,1594,874,1656,200630/NAIM17_2_0/102_WSCT/WSCT1127.JPG
200630,NAIM17_2_0,20200612,155102,26,1,4049,477,4111,521,200630/NAIM17_2_0/102_WSCT/WSCT1182.JPG
200630,NAIM17_2_0,20200612,160202,79,1,1608,0,1798,85,200630/NAIM17_2_0/102_WSCT/WSCT1193.JPG
200630,NAIM17_2_0,20200612,160402,34,1,2752,83,2808,139,200630/NAIM17_2_0/102_WSCT/WSCT1195.JPG
200630,NAIM17_2_0,20200612,161502,43,1,140,1757,201,1804,200630/NAIM17_2_0/102_WSCT/WSCT1206.JPG
200630,NAIM17_2_0,20200612,164202,42,1,533,1579,594,1628,200630/NAIM17_2_0/102_WSCT/WSCT1233.JPG
200630,NAIM17_2_0,20200612,165302,72,1,3568,211,3659,310,200630/NAIM17_2_0/102_WSCT/WSCT1244.JPG
200630,NAIM17_2_0,20200612,173602,28,1,3561,208,3663,310,200630/NAIM17_2_0/102_WSCT/WSCT1287.JPG
200630,NAIM17_2_0,20200612,175202,30,1,305,1559,368,1618,200630/NAIM17_2_0/102_WSCT/WSCT1303.JPG
200630,NAIM17_2_0,20200612,175800,26,1,73,1819,132,1874,200630/NAIM17_2_0/102_WSCT/WSCT1309.JPG
200630,NAIM17_2_0,20200612,180002,41,1,67,764,123,814,200630/NAIM17_2_0/102_WSCT/WSCT1311.JPG
200630,NAIM17_2_0,20200612,180402,79,1,2686,2019,2784,2079,200630/NAIM17_2_0/102_WSCT/WSCT1315.JPG
200630,NAIM17_2_0,20200612,180702,31,1,2323,1412,2426,1499,200630/NAIM17_2_0/102_WSCT/WSCT1318.JPG
200630,NAIM17_2_0,20200612,194408,30,1,3196,2113,3265,2166,200630/NAIM17_2_0/102_WSCT/WSCT1415.JPG
200630,NAIM17_2_0,20200612,194808,62,1,151,795,213,856,200630/NAIM17_2_0/102_WSCT/WSCT1419.JPG
200630,NAIM17_2_0,20200612,201508,26,1,779,1981,840,2030,200630/NAIM17_2_0/102_WSCT/WSCT1446.JPG
200630,NAIM17_2_0,20200612,201808,44,1,258,804,316,864,200630/NAIM17_2_0/102_WSCT/WSCT1449.JPG
200630,NAIM17_2_0,20200612,202108,43,1,472,2195,532,2253,200630/NAIM17_2_0/102_WSCT/WSCT1452.JPG
200630,NAIM17_2_0,20200612,202608,37,1,438,1504,503,1550,200630/NAIM17_2_0/102_WSCT/WSCT1457.JPG
200630,NAIM17_2_0,20200612,203808,28,1,463,2192,526,2252,200630/NAIM17_2_0/102_WSCT/WSCT1469.JPG
200630,NAIM17_2_0,20200612,205608,35,1,217,854,288,917,200630/NAIM17_2_0/102_WSCT/WSCT1487.JPG
200630,NAIM17_2_0,20200612,205808,33,1,40,741,101,795,200630/NAIM17_2_0/102_WSCT/WSCT1489.JPG
200630,NAIM17_2_0,20200612,205908,44,1,47,742,112,801,200630/NAIM17_2_0/102_WSCT/WSCT1490.JPG
200630,NAIM17_2_0,20200612,210208,27,1,416,1838,478,1901,200630/NAIM17_2_0/102_WSCT/WSCT1493.JPG
200630,NAIM17_2_0,20200612,210308,35,1,140,739,196,788,200630/NAIM17_2_0/102_WSCT/WSCT1494.JPG
200630,NAIM17_2_0,20200613,061102,31,1,3597,814,3655,865,200630/NAIM17_2_0/102_WSCT/WSCT1562.JPG
200630,NAIM17_2_0,20200613,061302,47,1,2177,405,2253,484,200630/NAIM17_2_0/102_WSCT/WSCT1564.JPG
200630,NAIM17_2_0,20200613,062402,27,1,2826,1541,2887,1605,200630/NAIM17_2_0/102_WSCT/WSCT1575.JPG
200630,NAIM17_2_0,20200613,064302,31,1,1640,830,1729,895,200630/NAIM17_2_0/102_WSCT/WSCT1594.JPG
200630,NAIM17_2_0,20200613,064602,28,1,1640,828,1726,895,200630/NAIM17_2_0/102_WSCT/WSCT1597.JPG
200630,NAIM17_2_0,20200613,070302,61,1,144,1401,237,1477,200630/NAIM17_2_0/102_WSCT/WSCT1614.JPG
200630,NAIM17_2_0,20200613,070502,30,1,151,1406,235,1471,200630/NAIM17_2_0/102_WSCT/WSCT1616.JPG
200630,NAIM17_2_0,20200613,071202,36,1,314,1005,410,1067,200630/NAIM17_2_0/102_WSCT/WSCT1623.JPG
200630,NAIM17_2_0,20200613,074402,26,1,515,2059,570,2111,200630/NAIM17_2_0/102_WSCT/WSCT1655.JPG
200630,NAIM17_2_0,20200613,075002,32,1,626,1374,682,1429,200630/NAIM17_2_0/102_WSCT/WSCT1661.JPG
200630,NAIM17_2_0,20200613,082402,37,1,188,295,245,348,200630/NAIM17_2_0/102_WSCT/WSCT1695.JPG
200630,NAIM17_2_0,20200613,083902,49,1,3019,211,3125,319,200630/NAIM17_2_0/102_WSCT/WSCT1710.JPG
200630,NAIM17_2_0,20200613,084502,70,1,2602,1450,2687,1563,200630/NAIM17_2_0/102_WSCT/WSCT1716.JPG
200630,NAIM17_2_0,20200613,084802,86,1,1875,916,1970,1010,200630/NAIM17_2_0/102_WSCT/WSCT1719.JPG
200630,NAIM17_2_0,20200613,085000,31,1,1496,444,1583,561,200630/NAIM17_2_0/102_WSCT/WSCT1721.JPG
200630,NAIM17_2_0,20200613,091802,88,1,1979,1091,2066,1220,200630/NAIM17_2_0/102_WSCT/WSCT1749.JPG
200630,NAIM17_2_0,20200613,093002,40,1,1718,329,1809,447,200630/NAIM17_2_0/102_WSCT/WSCT1761.JPG
200630,NAIM17_2_0,20200613,093808,28,1,37,625,96,681,200630/NAIM17_2_0/102_WSCT/WSCT1769.JPG
200630,NAIM17_2_0,20200613,093808,42,1,2685,603,2765,685,200630/NAIM17_2_0/102_WSCT/WSCT1769.JPG
200630,NAIM17_2_0,20200613,093908,41,1,39,628,99,682,200630/NAIM17_2_0/102_WSCT/WSCT1770.JPG
200630,NAIM17_2_0,20200613,102008,47,1,3303,420,3380,473,200630/NAIM17_2_0/102_WSCT/WSCT1811.JPG
200630,NAIM17_2_0,20200613,102208,26,1,455,2195,518,2266,200630/NAIM17_2_0/102_WSCT/WSCT1813.JPG
200630,NAIM17_2_0,20200613,111108,26,1,483,1711,546,1772,200630/NAIM17_2_0/102_WSCT/WSCT1862.JPG
200630,NAIM17_2_0,20200613,111708,27,1,1402,1326,1480,1393,200630/NAIM17_2_0/102_WSCT/WSCT1868.JPG
200630,NAIM17_2_0,20200613,115008,28,1,1886,1800,1949,1872,200630/NAIM17_2_0/102_WSCT/WSCT1901.JPG
200630,NAIM17_2_0,20200613,121108,35,1,667,1378,730,1442,200630/NAIM17_2_0/102_WSCT/WSCT1922.JPG
200630,NAIM17_2_0,20200613,122008,66,1,0,1597,50,1666,200630/NAIM17_2_0/102_WSCT/WSCT1931.JPG
200630,NAIM17_2_0,20200613,124208,26,1,0,1272,36,1339,200630/NAIM17_2_0/102_WSCT/WSCT1953.JPG
200630,NAIM17_2_0,20200613,125008,28,1,674,1355,736,1412,200630/NAIM17_2_0/102_WSCT/WSCT1961.JPG
200630,NAIM17_2_0,20200613,125808,39,1,901,274,962,336,200630/NAIM17_2_0/102_WSCT/WSCT1969.JPG
200630,NAIM17_2_0,20200613,130008,30,1,4122,1503,4198,1551,200630/NAIM17_2_0/102_WSCT/WSCT1971.JPG
200630,NAIM17_2_0,20200613,130208,26,1,713,1838,779,1898,200630/NAIM17_2_0/102_WSCT/WSCT1973.JPG
200630,NAIM17_2_0,20200613,130508,25,1,953,1626,1014,1670,200630/NAIM17_2_0/102_WSCT/WSCT1976.JPG
200630,NAIM17_2_0,20200613,130910,48,1,2070,90,2152,146,200630/NAIM17_2_0/102_WSCT/WSCT1980.JPG
200630,NAIM17_2_0,20200613,131808,39,1,1563,235,1630,310,200630/NAIM17_2_0/102_WSCT/WSCT1989.JPG
200630,NAIM17_2_0,20200613,132408,46,1,327,1525,406,1592,200630/NAIM17_2_0/102_WSCT/WSCT1995.JPG
200630,NAIM17_2_0,20200613,133208,89,1,2860,205,3008,423,200630/NAIM17_2_0/102_WSCT/WSCT2003.JPG
200630,NAIM17_2_0,20200613,133608,30,1,865,341,939,419,200630/NAIM17_2_0/102_WSCT/WSCT2007.JPG
200630,NAIM17_2_0,20200613,133808,25,1,672,1382,738,1446,200630/NAIM17_2_0/102_WSCT/WSCT2009.JPG
200630,NAIM17_2_0,20200613,134608,29,1,1883,891,1956,948,200630/NAIM17_2_0/102_WSCT/WSCT2017.JPG
200630,NAIM17_2_0,20200613,140116,25,1,93,699,154,759,200630/NAIM17_2_0/102_WSCT/WSCT2032.JPG
200630,NAIM17_2_0,20200613,141416,29,1,2006,861,2081,959,200630/NAIM17_2_0/102_WSCT/WSCT2045.JPG
200630,NAIM17_2_0,20200613,142922,44,1,215,519,277,577,200630/NAIM17_2_0/102_WSCT/WSCT2060.JPG
200630,NAIM17_2_0,20200613,143622,34,1,989,2164,1049,2207,200630/NAIM17_2_0/102_WSCT/WSCT2067.JPG
200630,NAIM17_2_0,20200613,144622,35,1,691,1215,745,1269,200630/NAIM17_2_0/102_WSCT/WSCT2077.JPG
200630,NAIM17_2_0,20200613,145122,28,1,2898,840,2966,892,200630/NAIM17_2_0/102_WSCT/WSCT2082.JPG
200630,NAIM17_2_0,20200613,145422,53,1,2959,1615,3020,1669,200630/NAIM17_2_0/102_WSCT/WSCT2085.JPG
200630,NAIM17_2_0,20200613,150222,58,1,3815,657,3873,714,200630/NAIM17_2_0/102_WSCT/WSCT2093.JPG
200630,NAIM17_2_0,20200613,150322,37,1,3812,658,3871,717,200630/NAIM17_2_0/102_WSCT/WSCT2094.JPG
200630,NAIM17_2_0,20200613,150722,32,1,1016,1450,1088,1530,200630/NAIM17_2_0/102_WSCT/WSCT2098.JPG
200630,NAIM17_2_0,20200613,152522,26,1,1073,2128,1129,2183,200630/NAIM17_2_0/102_WSCT/WSCT2116.JPG
200630,NAIM17_2_0,20200613,152722,28,1,123,1672,185,1735,200630/NAIM17_2_0/102_WSCT/WSCT2118.JPG
200630,NAIM17_2_0,20200613,153022,38,1,673,1357,738,1418,200630/NAIM17_2_0/102_WSCT/WSCT2121.JPG
200630,NAIM17_2_0,20200613,154122,41,1,1558,2075,1618,2132,200630/NAIM17_2_0/102_WSCT/WSCT2132.JPG
200630,NAIM17_2_0,20200613,154924,28,1,755,1976,812,2024,200630/NAIM17_2_0/102_WSCT/WSCT2140.JPG
200630,NAIM17_2_0,20200613,155624,28,1,54,735,115,785,200630/NAIM17_2_0/102_WSCT/WSCT2147.JPG
200630,NAIM17_2_0,20200613,155924,27,1,45,729,116,780,200630/NAIM17_2_0/102_WSCT/WSCT2150.JPG
200630,NAIM17_2_0,20200613,160924,50,1,1,690,51,756,200630/NAIM17_2_0/102_WSCT/WSCT2160.JPG
200630,NAIM17_2_0,20200613,161824,40,1,1532,1985,1586,2031,200630/NAIM17_2_0/102_WSCT/WSCT2169.JPG
200630,NAIM17_2_0,20200613,163022,25,1,100,687,160,735,200630/NAIM17_2_0/102_WSCT/WSCT2181.JPG
200630,NAIM17_2_0,20200613,163022,37,1,614,1261,681,1307,200630/NAIM17_2_0/102_WSCT/WSCT2181.JPG
200630,NAIM17_2_0,20200613,163322,34,1,1454,1861,1511,1906,200630/NAIM17_2_0/102_WSCT/WSCT2184.JPG
200630,NAIM17_2_0,20200613,165630,47,1,1949,1866,2024,1920,200630/NAIM17_2_0/102_WSCT/WSCT2207.JPG
200630,NAIM17_2_0,20200613,170836,25,1,681,1370,741,1433,200630/NAIM17_2_0/102_WSCT/WSCT2219.JPG
200630,NAIM17_2_0,20200613,171036,29,1,330,960,390,1025,200630/NAIM17_2_0/102_WSCT/WSCT2221.JPG
200630,NAIM17_2_0,20200613,171236,28,1,1162,2140,1218,2182,200630/NAIM17_2_0/102_WSCT/WSCT2223.JPG
200630,NAIM17_2_0,20200613,171536,48,1,91,1723,145,1773,200630/NAIM17_2_0/102_WSCT/WSCT2226.JPG
200630,NAIM17_2_0,20200613,171636,64,1,187,1402,294,1499,200630/NAIM17_2_0/102_WSCT/WSCT2227.JPG
200630,NAIM17_2_0,20200613,172036,29,1,1183,2096,1233,2140,200630/NAIM17_2_0/102_WSCT/WSCT2231.JPG
200630,NAIM17_2_0,20200613,173036,36,1,2050,2058,2100,2105,200630/NAIM17_2_0/102_WSCT/WSCT2241.JPG
200630,NAIM17_2_0,20200613,173536,29,1,65,1616,122,1677,200630/NAIM17_2_0/102_WSCT/WSCT2246.JPG
200630,NAIM17_2_0,20200613,173536,37,1,3442,1940,3551,2005,200630/NAIM17_2_0/102_WSCT/WSCT2246.JPG
200630,NAIM17_2_0,20200613,173636,32,1,240,325,300,382,200630/NAIM17_2_0/102_WSCT/WSCT2247.JPG
200630,NAIM17_2_0,20200613,173838,40,1,0,700,46,767,200630/NAIM17_2_0/102_WSCT/WSCT2249.JPG
200630,NAIM17_2_0,20200613,174136,28,1,1125,1545,1191,1593,200630/NAIM17_2_0/102_WSCT/WSCT2252.JPG
200630,NAIM17_2_0,20200613,175036,37,1,753,287,815,342,200630/NAIM17_2_0/102_WSCT/WSCT2261.JPG
200630,NAIM17_2_0,20200613,175236,26,1,1069,489,1130,544,200630/NAIM17_2_0/102_WSCT/WSCT2263.JPG
200630,NAIM17_2_0,20200613,180836,41,1,286,1968,379,2026,200630/NAIM17_2_0/102_WSCT/WSCT2279.JPG
200630,NAIM17_2_0,20200613,180836,46,1,3947,715,4017,765,200630/NAIM17_2_0/102_WSCT/WSCT2279.JPG
200630,NAIM17_2_0,20200613,181636,32,1,386,2183,447,2239,200630/NAIM17_2_0/102_WSCT/WSCT2287.JPG
200630,NAIM17_2_0,20200613,181936,55,1,142,1195,233,1251,200630/NAIM17_2_0/102_WSCT/WSCT2290.JPG
200630,NAIM17_2_0,20200613,182036,35,1,172,1630,229,1683,200630/NAIM17_2_0/102_WSCT/WSCT2291.JPG
200630,NAIM17_2_0,20200613,182336,55,1,2886,949,2958,1024,200630/NAIM17_2_0/102_WSCT/WSCT2294.JPG
200630,NAIM17_2_0,20200613,183236,27,1,3491,1765,3567,1813,200630/NAIM17_2_0/102_WSCT/WSCT2303.JPG
200630,NAIM17_2_0,20200613,183936,82,1,2725,1527,2802,1609,200630/NAIM17_2_0/102_WSCT/WSCT2310.JPG
200630,NAIM17_2_0,20200613,184036,33,1,1050,501,1110,557,200630/NAIM17_2_0/102_WSCT/WSCT2311.JPG
200630,NAIM17_2_0,20200613,184036,56,1,452,87,532,196,200630/NAIM17_2_0/102_WSCT/WSCT2311.JPG
200630,NAIM17_2_0,20200613,185636,33,1,1014,1453,1083,1528,200630/NAIM17_2_0/102_WSCT/WSCT2327.JPG
200630,NAIM17_2_0,20200613,185836,43,1,1293,2137,1348,2185,200630/NAIM17_2_0/102_WSCT/WSCT2329.JPG
200630,NAIM17_2_0,20200613,190036,69,1,455,2209,514,2267,200630/NAIM17_2_0/102_WSCT/WSCT2331.JPG
200630,NAIM17_2_0,20200613,190136,28,1,459,2208,523,2272,200630/NAIM17_2_0/102_WSCT/WSCT2332.JPG
200630,NAIM17_2_0,20200613,190136,28,1,241,283,299,329,200630/NAIM17_2_0/102_WSCT/WSCT2332.JPG
200630,NAIM17_2_0,20200613,190136,32,1,79,2302,137,2358,200630/NAIM17_2_0/102_WSCT/WSCT2332.JPG
200630,NAIM17_2_0,20200613,191636,35,1,893,1528,948,1576,200630/NAIM17_2_0/102_WSCT/WSCT2347.JPG
200630,NAIM17_2_0,20200613,191636,36,1,485,180,555,232,200630/NAIM17_2_0/102_WSCT/WSCT2347.JPG
200630,NAIM17_2_0,20200613,191836,25,1,4174,1938,4224,2000,200630/NAIM17_2_0/102_WSCT/WSCT2349.JPG
200630,NAIM17_2_0,20200613,191836,31,1,1008,1569,1066,1628,200630/NAIM17_2_0/102_WSCT/WSCT2349.JPG
200630,NAIM17_2_0,20200613,192336,93,1,2131,103,2329,246,200630/NAIM17_2_0/102_WSCT/WSCT2354.JPG
200630,NAIM17_2_0,20200613,192436,40,1,3197,6,3326,87,200630/NAIM17_2_0/102_WSCT/WSCT2355.JPG
200630,NAIM17_2_0,20200613,192536,33,1,813,1373,872,1424,200630/NAIM17_2_0/102_WSCT/WSCT2356.JPG
200630,NAIM17_2_0,20200613,194836,31,1,3182,1436,3266,1534,200630/NAIM17_2_0/102_WSCT/WSCT2379.JPG
200630,NAIM17_2_0,20200613,195136,33,1,1401,2166,1460,2209,200630/NAIM17_2_0/102_WSCT/WSCT2382.JPG
200630,NAIM17_2_0,20200613,195936,60,1,839,1642,964,1732,200630/NAIM17_2_0/102_WSCT/WSCT2390.JPG
200630,NAIM17_2_0,20200613,200336,26,1,1673,2287,1737,2350,200630/NAIM17_2_0/102_WSCT/WSCT2394.JPG
200630,NAIM17_2_0,20200613,203436,45,1,291,1959,379,2010,200630/NAIM17_2_0/102_WSCT/WSCT2425.JPG
200630,NAIM17_2_0,20200613,203536,55,1,290,1959,383,2015,200630/NAIM17_2_0/102_WSCT/WSCT2426.JPG
200630,NAIM17_2_0,20200613,203836,49,1,459,121,526,182,200630/NAIM17_2_0/102_WSCT/WSCT2429.JPG
200630,NAIM17_2_0,20200613,205036,33,1,1496,850,1552,899,200630/NAIM17_2_0/102_WSCT/WSCT2441.JPG
200630,NAIM17_2_0,20200613,210436,54,1,288,1959,383,2014,200630/NAIM17_2_0/102_WSCT/WSCT2455.JPG
200630,NAIM17_2_0,20200613,212136,25,1,2019,2025,2073,2077,200630/NAIM17_2_0/102_WSCT/WSCT2472.JPG
200630,NAIM17_2_0,20200613,213336,51,1,2316,1407,2419,1495,200630/NAIM17_2_0/102_WSCT/WSCT2484.JPG
200630,NAIM17_2_0,20200613,213436,38,1,2313,1408,2421,1492,200630/NAIM17_2_0/102_WSCT/WSCT2485.JPG
200630,NAIM17_2_0,20200613,213536,60,1,2315,1406,2423,1493,200630/NAIM17_2_0/102_WSCT/WSCT2486.JPG
200630,NAIM17_2_0,20200613,213936,41,1,308,1963,380,2012,200630/NAIM17_2_0/102_WSCT/WSCT2490.JPG
200630,NAIM17_2_0,20200613,214036,26,1,311,1959,379,2007,200630/NAIM17_2_0/102_WSCT/WSCT2491.JPG
200630,NAIM17_2_0,20200613,214336,30,1,313,1959,379,2006,200630/NAIM17_2_0/102_WSCT/WSCT2494.JPG
200630,NAIM17_2_0,20200614,060102,31,1,1593,478,1663,548,200630/NAIM17_2_0/102_WSCT/WSCT2512.JPG
200630,NAIM17_2_0,20200614,060202,38,1,1592,480,1662,547,200630/NAIM17_2_0/102_WSCT/WSCT2513.JPG
200630,NAIM17_2_0,20200614,061202,59,1,2305,1402,2419,1471,200630/NAIM17_2_0/102_WSCT/WSCT2523.JPG
200630,NAIM17_2_0,20200614,061302,40,1,1592,483,1664,546,200630/NAIM17_2_0/102_WSCT/WSCT2524.JPG
200630,NAIM17_2_0,20200614,061402,62,1,1590,485,1666,548,200630/NAIM17_2_0/102_WSCT/WSCT2525.JPG
200630,NAIM17_2_0,20200614,061502,42,1,373,89,438,150,200630/NAIM17_2_0/102_WSCT/WSCT2526.JPG
200630,NAIM17_2_0,20200614,061502,64,1,1586,484,1663,548,200630/NAIM17_2_0/102_WSCT/WSCT2526.JPG
200630,NAIM17_2_0,20200614,061602,38,1,1584,486,1662,548,200630/NAIM17_2_0/102_WSCT/WSCT2527.JPG
200630,NAIM17_2_0,20200614,061702,55,1,1587,483,1663,547,200630/NAIM17_2_0/102_WSCT/WSCT2528.JPG
200630,NAIM17_2_0,20200614,061802,65,1,1583,483,1665,550,200630/NAIM17_2_0/102_WSCT/WSCT2529.JPG
200630,NAIM17_2_0,20200614,061902,33,1,581,2144,641,2200,200630/NAIM17_2_0/102_WSCT/WSCT2530.JPG
200630,NAIM17_2_0,20200614,061902,49,1,1584,480,1665,549,200630/NAIM17_2_0/102_WSCT/WSCT2530.JPG
200630,NAIM17_2_0,20200614,061902,54,1,2309,1405,2418,1473,200630/NAIM17_2_0/102_WSCT/WSCT2530.JPG
200630,NAIM17_2_0,20200614,062002,67,1,1582,483,1665,552,200630/NAIM17_2_0/102_WSCT/WSCT2531.JPG
200630,NAIM17_2_0,20200614,062102,62,1,1577,483,1667,552,200630/NAIM17_2_0/102_WSCT/WSCT2532.JPG
200630,NAIM17_2_0,20200614,062202,36,1,1578,482,1667,552,200630/NAIM17_2_0/102_WSCT/WSCT2533.JPG
200630,NAIM17_2_0,20200614,062302,56,1,1580,483,1665,549,200630/NAIM17_2_0/102_WSCT/WSCT2534.JPG
200630,NAIM17_2_0,20200614,062502,35,1,2313,1406,2417,1473,200630/NAIM17_2_0/102_WSCT/WSCT2536.JPG
200630,NAIM17_2_0,20200614,062502,43,1,1575,479,1669,551,200630/NAIM17_2_0/102_WSCT/WSCT2536.JPG
200630,NAIM17_2_0,20200614,062602,73,1,1570,487,1663,555,200630/NAIM17_2_0/102_WSCT/WSCT2537.JPG
200630,NAIM17_2_0,20200614,062702,28,1,15,1633,76,1689,200630/NAIM17_2_0/102_WSCT/WSCT2538.JPG
200630,NAIM17_2_0,20200614,062702,81,1,1553,477,1673,571,200630/NAIM17_2_0/102_WSCT/WSCT2538.JPG
200630,NAIM17_2_0,20200614,063102,26,1,1040,1262,1107,1322,200630/NAIM17_2_0/102_WSCT/WSCT2542.JPG
200630,NAIM17_2_0,20200614,063402,73,1,1555,480,1671,569,200630/NAIM17_2_0/102_WSCT/WSCT2545.JPG
200630,NAIM17_2_0,20200614,063502,80,1,1553,480,1672,569,200630/NAIM17_2_0/102_WSCT/WSCT2546.JPG
200630,NAIM17_2_0,20200614,063602,30,1,2315,1408,2414,1475,200630/NAIM17_2_0/102_WSCT/WSCT2547.JPG
200630,NAIM17_2_0,20200614,063602,74,1,1551,482,1673,573,200630/NAIM17_2_0/102_WSCT/WSCT2547.JPG
200630,NAIM17_2_0,20200614,063702,72,1,1552,486,1671,574,200630/NAIM17_2_0/102_WSCT/WSCT2548.JPG
200630,NAIM17_2_0,20200614,064302,53,1,1555,483,1669,568,200630/NAIM17_2_0/102_WSCT/WSCT2554.JPG
200630,NAIM17_2_0,20200614,064402,77,1,1557,483,1669,566,200630/NAIM17_2_0/102_WSCT/WSCT2555.JPG
200630,NAIM17_2_0,20200614,064502,78,1,1557,486,1668,566,200630/NAIM17_2_0/102_WSCT/WSCT2556.JPG
200630,NAIM17_2_0,20200614,064602,78,1,1560,484,1669,564,200630/NAIM17_2_0/102_WSCT/WSCT2557.JPG
200630,NAIM17_2_0,20200614,064702,75,1,1562,484,1666,563,200630/NAIM17_2_0/102_WSCT/WSCT2558.JPG
200630,NAIM17_2_0,20200614,071408,56,1,1590,477,1671,548,200630/NAIM17_2_0/102_WSCT/WSCT2585.JPG
200630,NAIM17_2_0,20200614,072008,33,1,1592,478,1672,543,200630/NAIM17_2_0/102_WSCT/WSCT2591.JPG
200630,NAIM17_2_0,20200614,072108,32,1,1592,486,1667,551,200630/NAIM17_2_0/102_WSCT/WSCT2592.JPG
200630,NAIM17_2_0,20200614,072908,35,1,359,1523,426,1582,200630/NAIM17_2_0/102_WSCT/WSCT2600.JPG
200630,NAIM17_2_0,20200614,080608,33,1,607,63,667,114,200630/NAIM17_2_0/102_WSCT/WSCT2637.JPG
200630,NAIM17_2_0,20200614,081716,25,1,424,240,494,308,200630/NAIM17_2_0/102_WSCT/WSCT2648.JPG
200630,NAIM17_2_0,20200614,084216,28,1,2567,1257,2662,1350,200630/NAIM17_2_0/102_WSCT/WSCT2673.JPG
200630,NAIM17_2_0,20200614,094316,26,1,2541,737,2613,831,200630/NAIM17_2_0/102_WSCT/WSCT2734.JPG
200630,NAIM17_2_0,20200614,122422,49,1,420,622,497,724,200630/NAIM17_2_0/102_WSCT/WSCT2895.JPG
200630,NAIM17_2_0,20200614,123222,91,1,2566,2067,2777,2251,200630/NAIM17_2_0/102_WSCT/WSCT2903.JPG
200630,NAIM17_2_0,20200614,123422,90,1,1631,625,1776,761,200630/NAIM17_2_0/102_WSCT/WSCT2905.JPG
200630,NAIM17_2_0,20200614,124722,28,1,917,1035,987,1095,200630/NAIM17_2_0/102_WSCT/WSCT2918.JPG
200630,NAIM17_2_0,20200614,145122,92,1,2915,2024,3088,2210,200630/NAIM17_2_0/102_WSCT/WSCT3042.JPG
200630,NAIM17_2_0,20200614,145322,35,1,2066,1500,2364,1682,200630/NAIM17_2_0/102_WSCT/WSCT3044.JPG
200630,NAIM17_2_0,20200614,145422,49,1,2060,1485,2371,1689,200630/NAIM17_2_0/102_WSCT/WSCT3045.JPG
200630,NAIM17_2_0,20200614,162122,80,1,712,1845,878,2008,200630/NAIM17_2_0/102_WSCT/WSCT3132.JPG
200630,NAIM17_2_0,20200614,170022,94,1,2830,1945,3047,2086,200630/NAIM17_2_0/102_WSCT/WSCT3171.JPG
200630,NAIM17_2_0,20200614,181622,29,1,1883,215,1942,259,200630/NAIM17_2_0/102_WSCT/WSCT3247.JPG
200630,NAIM17_2_0,20200614,183522,34,1,1786,240,1847,289,200630/NAIM17_2_0/102_WSCT/WSCT3266.JPG
200630,NAIM17_2_0,20200614,183622,35,1,1796,223,1866,288,200630/NAIM17_2_0/102_WSCT/WSCT3267.JPG
200630,NAIM17_2_0,20200614,194922,27,1,1795,106,1854,153,200630/NAIM17_2_0/102_WSCT/WSCT3340.JPG
200630,NAIM17_2_0,20200614,195122,28,1,2908,746,2973,793,200630/NAIM17_2_0/102_WSCT/WSCT3342.JPG
200630,NAIM17_2_0,20200614,202322,25,1,1348,305,1409,362,200630/NAIM17_2_0/102_WSCT/WSCT3374.JPG
200630,NAIM17_2_0,20200614,204222,31,1,409,1830,470,1890,200630/NAIM17_2_0/102_WSCT/WSCT3393.JPG
200630,NAIM17_2_0,20200614,204722,33,1,461,2186,519,2244,200630/NAIM17_2_0/102_WSCT/WSCT3398.JPG
200630,NAIM17_2_0,20200614,204922,34,1,457,2183,514,2240,200630/NAIM17_2_0/102_WSCT/WSCT3400.JPG
200630,NAIM17_2_0,20200614,215022,32,1,2284,1379,2412,1455,200630/NAIM17_2_0/102_WSCT/WSCT3461.JPG
200630,NAIM17_2_0,20200615,060102,42,1,404,613,498,718,200630/NAIM17_2_0/102_WSCT/WSCT3472.JPG
200630,NAIM17_2_0,20200615,065102,85,1,88,6,723,467,200630/NAIM17_2_0/102_WSCT/WSCT3522.JPG
200630,NAIM17_2_0,20200615,070602,27,1,2571,1252,2662,1337,200630/NAIM17_2_0/102_WSCT/WSCT3537.JPG
200630,NAIM17_2_0,20200615,072402,31,1,2571,1251,2664,1341,200630/NAIM17_2_0/102_WSCT/WSCT3555.JPG
200630,NAIM17_2_0,20200615,073002,31,1,2569,1254,2662,1342,200630/NAIM17_2_0/102_WSCT/WSCT3561.JPG
200630,NAIM17_2_0,20200615,074002,35,1,2570,1253,2661,1341,200630/NAIM17_2_0/102_WSCT/WSCT3571.JPG
200630,NAIM17_2_0,20200615,074202,30,1,885,516,950,581,200630/NAIM17_2_0/102_WSCT/WSCT3573.JPG
200630,NAIM17_2_0,20200615,074502,85,1,2825,2099,2977,2250,200630/NAIM17_2_0/102_WSCT/WSCT3576.JPG
200630,NAIM17_2_0,20200615,074902,35,1,2571,1251,2664,1342,200630/NAIM17_2_0/102_WSCT/WSCT3580.JPG
200630,NAIM17_2_0,20200615,075102,38,1,420,224,499,305,200630/NAIM17_2_0/102_WSCT/WSCT3582.JPG
200630,NAIM17_2_0,20200615,075602,34,1,2570,1253,2664,1342,200630/NAIM17_2_0/102_WSCT/WSCT3587.JPG
200630,NAIM17_2_0,20200615,080702,34,1,2570,1252,2662,1341,200630/NAIM17_2_0/102_WSCT/WSCT3598.JPG
200630,NAIM17_2_0,20200615,080802,36,1,2569,1251,2662,1341,200630/NAIM17_2_0/102_WSCT/WSCT3599.JPG
200630,NAIM17_2_0,20200615,080902,30,1,2569,1253,2663,1344,200630/NAIM17_2_0/102_WSCT/WSCT3600.JPG
200630,NAIM17_2_0,20200615,081002,50,1,2573,1256,2665,1343,200630/NAIM17_2_0/102_WSCT/WSCT3601.JPG
200630,NAIM17_2_0,20200615,081402,47,1,2572,1253,2663,1340,200630/NAIM17_2_0/102_WSCT/WSCT3605.JPG
200630,NAIM17_2_0,20200615,082202,58,1,2573,1253,2665,1341,200630/NAIM17_2_0/102_WSCT/WSCT3613.JPG
200630,NAIM17_2_0,20200615,082802,33,1,644,1188,704,1230,200630/NAIM17_2_0/102_WSCT/WSCT3619.JPG
200630,NAIM17_2_0,20200615,082902,32,1,2573,1252,2665,1341,200630/NAIM17_2_0/102_WSCT/WSCT3620.JPG
200630,NAIM17_2_0,20200615,083002,27,1,2574,1253,2664,1340,200630/NAIM17_2_0/102_WSCT/WSCT3621.JPG
200630,NAIM17_2_0,20200615,083502,27,1,1594,452,1669,522,200630/NAIM17_2_0/102_WSCT/WSCT3626.JPG
200630,NAIM17_2_0,20200615,084002,47,1,2578,1254,2663,1339,200630/NAIM17_2_0/102_WSCT/WSCT3631.JPG
200630,NAIM17_2_0,20200615,084102,30,1,2576,1253,2662,1339,200630/NAIM17_2_0/102_WSCT/WSCT3632.JPG
200630,NAIM17_2_0,20200615,084702,35,1,798,706,871,789,200630/NAIM17_2_0/102_WSCT/WSCT3638.JPG
200630,NAIM17_2_0,20200615,085102,44,1,2575,1250,2663,1338,200630/NAIM17_2_0/102_WSCT/WSCT3642.JPG
200630,NAIM17_2_0,20200615,092202,49,1,2118,37,2195,87,200630/NAIM17_2_0/102_WSCT/WSCT3673.JPG
200630,NAIM17_2_0,20200615,094502,29,1,2549,1663,2643,1724,200630/NAIM17_2_0/102_WSCT/WSCT3696.JPG
200630,NAIM17_2_0,20200615,102002,89,1,2453,1796,2605,1943,200630/NAIM17_2_0/102_WSCT/WSCT3731.JPG
200630,NAIM17_2_0,20200615,104708,85,1,1919,1947,2104,2080,200630/NAIM17_2_0/102_WSCT/WSCT3758.JPG
200630,NAIM17_2_0,20200615,105008,90,1,283,2243,495,2365,200630/NAIM17_2_0/102_WSCT/WSCT3761.JPG
200630,NAIM17_2_0,20200615,110608,91,1,1684,565,1850,756,200630/NAIM17_2_0/102_WSCT/WSCT3777.JPG
200630,NAIM17_2_0,20200615,110708,44,1,1467,2230,1539,2311,200630/NAIM17_2_0/102_WSCT/WSCT3778.JPG
200630,NAIM17_2_0,20200615,110708,87,1,3071,2164,3259,2332,200630/NAIM17_2_0/102_WSCT/WSCT3778.JPG
200630,NAIM17_2_0,20200615,111208,89,1,1638,833,1781,999,200630/NAIM17_2_0/102_WSCT/WSCT3783.JPG
200630,NAIM17_2_0,20200615,114008,71,1,2347,1410,2634,1602,200630/NAIM17_2_0/102_WSCT/WSCT3811.JPG
200630,NAIM17_2_0,20200615,114108,52,1,2347,1409,2628,1595,200630/NAIM17_2_0/102_WSCT/WSCT3812.JPG
200630,NAIM17_2_0,20200615,114208,73,1,2349,1412,2622,1588,200630/NAIM17_2_0/102_WSCT/WSCT3813.JPG
200630,NAIM17_2_0,20200615,115908,78,1,219,1594,339,1776,200630/NAIM17_2_0/102_WSCT/WSCT3830.JPG
200630,NAIM17_2_0,20200615,120008,88,1,2660,1494,2758,1614,200630/NAIM17_2_0/102_WSCT/WSCT3831.JPG
200630,NAIM17_2_0,20200615,120308,79,1,2060,1813,2158,1882,200630/NAIM17_2_0/102_WSCT/WSCT3834.JPG
200630,NAIM17_2_0,20200615,121008,72,1,631,2116,742,2241,200630/NAIM17_2_0/102_WSCT/WSCT3841.JPG
200630,NAIM17_2_0,20200615,122408,31,1,399,607,478,716,200630/NAIM17_2_0/102_WSCT/WSCT3855.JPG
200630,NAIM17_2_0,20200615,124508,81,1,3172,2060,3266,2173,200630/NAIM17_2_0/102_WSCT/WSCT3876.JPG
200630,NAIM17_2_0,20200615,124910,32,1,943,1011,1026,1086,200630/NAIM17_2_0/102_WSCT/WSCT3880.JPG
200630,NAIM17_2_0,20200615,124910,85,1,1884,1277,1996,1344,200630/NAIM17_2_0/102_WSCT/WSCT3880.JPG
200630,NAIM17_2_0,20200615,125510,51,1,1652,1644,1738,1762,200630/NAIM17_2_0/102_WSCT/WSCT3886.JPG
200630,NAIM17_2_0,20200615,125910,90,1,2975,304,3168,462,200630/NAIM17_2_0/102_WSCT/WSCT3890.JPG
200630,NAIM17_2_0,20200615,130108,55,1,2018,284,2105,381,200630/NAIM17_2_0/102_WSCT/WSCT3892.JPG
200630,NAIM17_2_0,20200615,130308,72,1,3578,1944,3699,2020,200630/NAIM17_2_0/102_WSCT/WSCT3894.JPG
200630,NAIM17_2_0,20200615,130408,45,1,1606,436,1680,512,200630/NAIM17_2_0/102_WSCT/WSCT3895.JPG
200630,NAIM17_2_0,20200615,130708,76,1,296,1323,377,1422,200630/NAIM17_2_0/102_WSCT/WSCT3898.JPG
200630,NAIM17_2_0,20200615,132108,68,1,2521,1118,2609,1232,200630/NAIM17_2_0/102_WSCT/WSCT3912.JPG
200630,NAIM17_2_0,20200615,132608,82,1,2192,1993,2313,2078,200630/NAIM17_2_0/102_WSCT/WSCT3917.JPG
200630,NAIM17_2_0,20200615,133208,82,1,792,1318,897,1420,200630/NAIM17_2_0/102_WSCT/WSCT3923.JPG
200630,NAIM17_2_0,20200615,133908,46,1,3265,1250,3374,1362,200630/NAIM17_2_0/102_WSCT/WSCT3930.JPG
200630,NAIM17_2_0,20200615,134808,86,1,3014,203,3155,372,200630/NAIM17_2_0/102_WSCT/WSCT3939.JPG
200630,NAIM17_2_0,20200615,135508,85,1,1410,462,1527,539,200630/NAIM17_2_0/102_WSCT/WSCT3946.JPG
200630,NAIM17_2_0,20200615,135908,44,1,479,433,564,522,200630/NAIM17_2_0/102_WSCT/WSCT3950.JPG
200630,NAIM17_2_0,20200615,143308,30,1,2215,188,2295,289,200630/NAIM17_2_0/102_WSCT/WSCT3984.JPG
200630,NAIM17_2_0,20200615,144708,86,1,2454,1992,2551,2103,200630/NAIM17_2_0/102_WSCT/WSCT3998.JPG
200630,NAIM17_2_0,20200615,145008,70,1,346,2251,440,2365,200630/NAIM17_2_0/102_WSCT/WSCT4001.JPG
200630,NAIM17_2_0,20200615,145908,79,1,785,1600,921,1713,200630/NAIM17_2_0/102_WSCT/WSCT4010.JPG
200630,NAIM17_2_0,20200615,150108,75,1,782,1052,879,1145,200630/NAIM17_2_0/102_WSCT/WSCT4012.JPG
200630,NAIM17_2_0,20200615,150408,60,1,961,1582,1075,1659,200630/NAIM17_2_0/102_WSCT/WSCT4015.JPG
200630,NAIM17_2_0,20200615,150608,81,1,2722,1985,2815,2112,200630/NAIM17_2_0/102_WSCT/WSCT4017.JPG
200630,NAIM17_2_0,20200615,150908,80,1,1940,1911,2061,1982,200630/NAIM17_2_0/102_WSCT/WSCT4020.JPG
200630,NAIM17_2_0,20200615,151608,68,1,407,1792,505,1907,200630/NAIM17_2_0/102_WSCT/WSCT4027.JPG
200630,NAIM17_2_0,20200615,152108,70,1,1101,294,1220,366,200630/NAIM17_2_0/102_WSCT/WSCT4032.JPG
200630,NAIM17_2_0,20200615,152208,81,1,1940,1997,2075,2077,200630/NAIM17_2_0/102_WSCT/WSCT4033.JPG
200630,NAIM17_2_0,20200615,152508,67,1,3677,1998,3768,2107,200630/NAIM17_2_0/102_WSCT/WSCT4036.JPG
200630,NAIM17_2_0,20200615,152908,40,1,244,2005,354,2069,200630/NAIM17_2_0/102_WSCT/WSCT4040.JPG
200630,NAIM17_2_0,20200615,153208,33,1,3525,1876,3649,1984,200630/NAIM17_2_0/102_WSCT/WSCT4043.JPG
200630,NAIM17_2_0,20200615,153408,82,1,456,1821,549,1943,200630/NAIM17_2_0/102_WSCT/WSCT4045.JPG
200630,NAIM17_2_0,20200615,153608,79,1,3671,1933,3775,2030,200630/NAIM17_2_0/102_WSCT/WSCT4047.JPG
200630,NAIM17_2_0,20200615,153708,27,1,3647,1980,3738,2041,200630/NAIM17_2_0/102_WSCT/WSCT4048.JPG
200630,NAIM17_2_0,20200615,153908,84,1,2683,2080,2783,2165,200630/NAIM17_2_0/102_WSCT/WSCT4050.JPG
200630,NAIM17_2_0,20200615,154408,58,1,3714,1889,3801,1996,200630/NAIM17_2_0/102_WSCT/WSCT4055.JPG
200630,NAIM17_2_0,20200615,154910,54,1,3587,1856,3719,1927,200630/NAIM17_2_0/102_WSCT/WSCT4060.JPG
200630,NAIM17_2_0,20200615,155510,82,1,3574,1707,3663,1819,200630/NAIM17_2_0/102_WSCT/WSCT4066.JPG
200630,NAIM17_2_0,20200615,155910,51,1,3146,2278,3225,2365,200630/NAIM17_2_0/102_WSCT/WSCT4070.JPG
200630,NAIM17_2_0,20200615,160108,87,1,3537,1917,3621,2026,200630/NAIM17_2_0/102_WSCT/WSCT4072.JPG
200630,NAIM17_2_0,20200615,161210,80,1,3490,1942,3588,2049,200630/NAIM17_2_0/102_WSCT/WSCT4083.JPG
200630,NAIM17_2_0,20200615,161710,86,1,1600,1979,1705,2074,200630/NAIM17_2_0/102_WSCT/WSCT4088.JPG
200630,NAIM17_2_0,20200615,162310,78,1,800,1776,882,1874,200630/NAIM17_2_0/102_WSCT/WSCT4094.JPG
200630,NAIM17_2_0,20200615,164208,28,1,2241,1098,2322,1190,200630/NAIM17_2_0/102_WSCT/WSCT4113.JPG
200630,NAIM17_2_0,20200615,165208,28,1,1615,418,1689,494,200630/NAIM17_2_0/102_WSCT/WSCT4123.JPG
200630,NAIM17_2_0,20200615,170308,72,1,760,1727,849,1834,200630/NAIM17_2_0/102_WSCT/WSCT4134.JPG
200630,NAIM17_2_0,20200615,170408,56,1,1593,417,1680,500,200630/NAIM17_2_0/102_WSCT/WSCT4135.JPG
200630,NAIM17_2_0,20200615,170408,84,1,1781,63,1867,157,200630/NAIM17_2_0/102_WSCT/WSCT4135.JPG
200630,NAIM17_2_0,20200615,170508,90,1,2089,1053,2169,1167,200630/NAIM17_2_0/102_WSCT/WSCT4136.JPG
200630,NAIM17_2_0,20200615,170608,25,1,1587,417,1682,505,200630/NAIM17_2_0/102_WSCT/WSCT4137.JPG
200630,NAIM17_2_0,20200615,174516,37,1,406,1186,469,1242,200630/NAIM17_2_0/102_WSCT/WSCT4176.JPG
200630,NAIM17_2_0,20200615,174916,37,1,217,1012,279,1063,200630/NAIM17_2_0/102_WSCT/WSCT4180.JPG
200630,NAIM17_2_0,20200615,175422,26,1,1598,421,1678,495,200630/NAIM17_2_0/102_WSCT/WSCT4185.JPG
200630,NAIM17_2_0,20200615,180430,46,1,987,150,1052,206,200630/NAIM17_2_0/102_WSCT/WSCT4195.JPG
200630,NAIM17_2_0,20200615,180730,89,1,2833,2207,3016,2375,200630/NAIM17_2_0/102_WSCT/WSCT4198.JPG
200630,NAIM17_2_0,20200615,180830,34,1,2271,2239,2335,2298,200630/NAIM17_2_0/102_WSCT/WSCT4199.JPG
200630,NAIM17_2_0,20200615,181530,54,1,1604,421,1679,491,200630/NAIM17_2_0/102_WSCT/WSCT4206.JPG
200630,NAIM17_2_0,20200615,182230,33,1,1178,1926,1231,1977,200630/NAIM17_2_0/102_WSCT/WSCT4213.JPG
200630,NAIM17_2_0,20200615,182730,25,1,1603,421,1679,490,200630/NAIM17_2_0/102_WSCT/WSCT4218.JPG
200630,NAIM17_2_0,20200615,183130,49,1,1603,421,1681,490,200630/NAIM17_2_0/102_WSCT/WSCT4222.JPG
200630,NAIM17_2_0,20200615,183330,36,1,1602,420,1680,490,200630/NAIM17_2_0/102_WSCT/WSCT4224.JPG
200630,NAIM17_2_0,20200615,183430,33,1,1603,421,1680,489,200630/NAIM17_2_0/102_WSCT/WSCT4225.JPG
200630,NAIM17_2_0,20200615,183630,27,1,1603,421,1680,489,200630/NAIM17_2_0/102_WSCT/WSCT4227.JPG
200630,NAIM17_2_0,20200615,183730,28,1,119,2043,184,2117,200630/NAIM17_2_0/102_WSCT/WSCT4228.JPG
200630,NAIM17_2_0,20200615,183730,32,1,1603,420,1681,489,200630/NAIM17_2_0/102_WSCT/WSCT4228.JPG
200630,NAIM17_2_0,20200615,183930,26,1,1603,420,1681,490,200630/NAIM17_2_0/102_WSCT/WSCT4230.JPG
200630,NAIM17_2_0,20200615,190230,27,1,1603,421,1681,489,200630/NAIM17_2_0/102_WSCT/WSCT4253.JPG
200630,NAIM17_2_0,20200615,191030,45,1,154,583,215,640,200630/NAIM17_2_0/102_WSCT/WSCT4261.JPG
200630,NAIM17_2_0,20200615,192430,30,1,1604,420,1681,489,200630/NAIM17_2_0/102_WSCT/WSCT4275.JPG
200630,NAIM17_2_0,20200615,192930,30,1,1603,421,1681,488,200630/NAIM17_2_0/102_WSCT/WSCT4280.JPG
200630,NAIM17_2_0,20200615,193330,86,1,3107,59,3257,247,200630/NAIM17_2_0/102_WSCT/WSCT4284.JPG
200630,NAIM17_2_0,20200615,193530,45,1,288,249,347,298,200630/NAIM17_2_0/102_WSCT/WSCT4286.JPG
200630,NAIM17_2_0,20200615,200030,25,1,172,866,235,921,200630/NAIM17_2_0/102_WSCT/WSCT4311.JPG
200630,NAIM17_2_0,20200615,205430,35,1,1503,1467,1572,1511,200630/NAIM17_2_0/102_WSCT/WSCT4365.JPG
200630,NAIM17_2_0,20200615,211530,25,1,1596,425,1676,491,200630/NAIM17_2_0/102_WSCT/WSCT4386.JPG
200630,NAIM17_2_0,20200615,212030,27,1,1597,424,1676,493,200630/NAIM17_2_0/102_WSCT/WSCT4391.JPG
200630,NAIM17_2_0,20200615,212336,33,1,2360,1377,2441,1475,200630/NAIM17_2_0/102_WSCT/WSCT4394.JPG
200630,NAIM17_2_0,20200615,213236,29,1,554,2140,641,2191,200630/NAIM17_2_0/102_WSCT/WSCT4403.JPG
200630,NAIM17_2_0,20200615,214236,33,1,2275,1664,2335,1717,200630/NAIM17_2_0/102_WSCT/WSCT4413.JPG
200630,NAIM17_2_0,20200616,061502,38,1,2368,1396,2451,1489,200630/NAIM17_2_0/102_WSCT/WSCT4446.JPG
200630,NAIM17_2_0,20200616,063202,28,1,3219,1269,3305,1354,200630/NAIM17_2_0/102_WSCT/WSCT4463.JPG
200630,NAIM17_2_0,20200616,064008,80,1,1962,1308,2041,1419,200630/NAIM17_2_0/102_WSCT/WSCT4471.JPG
200630,NAIM17_2_0,20200616,064208,38,1,2369,1397,2453,1489,200630/NAIM17_2_0/102_WSCT/WSCT4473.JPG
200630,NAIM17_2_0,20200616,064410,27,1,2370,1396,2452,1488,200630/NAIM17_2_0/102_WSCT/WSCT4475.JPG
200630,NAIM17_2_0,20200616,065210,36,1,2369,1395,2453,1488,200630/NAIM17_2_0/102_WSCT/WSCT4483.JPG
200630,NAIM17_2_0,20200616,065308,67,1,2370,1398,2455,1491,200630/NAIM17_2_0/102_WSCT/WSCT4484.JPG
200630,NAIM17_2_0,20200616,071308,54,1,1526,866,1593,933,200630/NAIM17_2_0/102_WSCT/WSCT4504.JPG
200630,NAIM17_2_0,20200616,072108,28,1,1172,970,1248,1028,200630/NAIM17_2_0/102_WSCT/WSCT4512.JPG
200630,NAIM17_2_0,20200616,072208,40,1,2583,1250,2667,1328,200630/NAIM17_2_0/102_WSCT/WSCT4513.JPG
200630,NAIM17_2_0,20200616,075008,27,1,1578,447,1658,514,200630/NAIM17_2_0/102_WSCT/WSCT4541.JPG
200630,NAIM17_2_0,20200616,075108,32,1,2586,1253,2667,1330,200630/NAIM17_2_0/102_WSCT/WSCT4542.JPG
200630,NAIM17_2_0,20200616,080108,28,1,1581,447,1660,509,200630/NAIM17_2_0/102_WSCT/WSCT4552.JPG
200630,NAIM17_2_0,20200616,082508,33,1,269,483,332,528,200630/NAIM17_2_0/102_WSCT/WSCT4576.JPG
200630,NAIM17_2_0,20200616,082916,88,1,2099,1102,2251,1191,200630/NAIM17_2_0/102_WSCT/WSCT4580.JPG
200630,NAIM17_2_0,20200616,083122,46,1,2505,2005,2617,2101,200630/NAIM17_2_0/102_WSCT/WSCT4582.JPG
200630,NAIM17_2_0,20200616,083622,33,1,1590,443,1663,509,200630/NAIM17_2_0/102_WSCT/WSCT4587.JPG
200630,NAIM17_2_0,20200616,083722,27,1,1592,445,1665,507,200630/NAIM17_2_0/102_WSCT/WSCT4588.JPG
200630,NAIM17_2_0,20200616,083822,25,1,1595,444,1666,505,200630/NAIM17_2_0/102_WSCT/WSCT4589.JPG
200630,NAIM17_2_0,20200616,084622,28,1,674,1636,755,1689,200630/NAIM17_2_0/102_WSCT/WSCT4597.JPG
200630,NAIM17_2_0,20200616,085122,25,1,1861,1955,1963,2017,200630/NAIM17_2_0/102_WSCT/WSCT4602.JPG
200630,NAIM17_2_0,20200616,085422,58,1,2847,409,2939,464,200630/NAIM17_2_0/102_WSCT/WSCT4605.JPG
200630,NAIM17_2_0,20200616,090422,29,1,2162,1979,2283,2050,200630/NAIM17_2_0/102_WSCT/WSCT4615.JPG
200630,NAIM17_2_0,20200616,090522,39,1,304,305,375,362,200630/NAIM17_2_0/102_WSCT/WSCT4616.JPG
200630,NAIM17_2_0,20200616,090522,78,1,578,2015,731,2131,200630/NAIM17_2_0/102_WSCT/WSCT4616.JPG
200630,NAIM17_2_0,20200616,091422,27,1,2740,2039,2815,2098,200630/NAIM17_2_0/102_WSCT/WSCT4625.JPG
200630,NAIM17_2_0,20200616,092822,29,1,2159,1254,2244,1319,200630/NAIM17_2_0/102_WSCT/WSCT4639.JPG
200630,NAIM17_2_0,20200616,092922,38,1,2153,1243,2227,1325,200630/NAIM17_2_0/102_WSCT/WSCT4640.JPG
200630,NAIM17_2_0,20200616,095024,90,1,1183,942,1264,1050,200630/NAIM17_2_0/102_WSCT/WSCT4661.JPG
200630,NAIM17_2_0,20200616,095224,33,1,2437,1417,2721,1585,200630/NAIM17_2_0/102_WSCT/WSCT4663.JPG
200630,NAIM17_2_0,20200616,100022,35,1,2283,815,2372,933,200630/NAIM17_2_0/102_WSCT/WSCT4671.JPG
200630,NAIM17_2_0,20200616,100022,86,1,2319,2151,2456,2225,200630/NAIM17_2_0/102_WSCT/WSCT4671.JPG
200630,NAIM17_2_0,20200616,100522,41,1,377,1750,483,1829,200630/NAIM17_2_0/102_WSCT/WSCT4676.JPG
200630,NAIM17_2_0,20200616,101422,30,1,2676,1206,2744,1280,200630/NAIM17_2_0/102_WSCT/WSCT4685.JPG
200630,NAIM17_2_0,20200616,103522,84,1,785,899,878,989,200630/NAIM17_2_0/102_WSCT/WSCT4706.JPG
200630,NAIM17_2_0,20200616,110422,44,1,1985,2215,2060,2285,200630/NAIM17_2_0/102_WSCT/WSCT4735.JPG
200630,NAIM17_2_0,20200616,110524,40,1,261,1468,362,1541,200630/NAIM17_2_0/102_WSCT/WSCT4736.JPG
200630,NAIM17_2_0,20200616,114622,29,1,2304,1105,2374,1166,200630/NAIM17_2_0/102_WSCT/WSCT4777.JPG
200630,NAIM17_2_0,20200616,115222,47,1,3177,1412,3273,1516,200630/NAIM17_2_0/102_WSCT/WSCT4783.JPG
200630,NAIM17_2_0,20200616,122324,34,1,3662,766,3760,848,200630/NAIM17_2_0/102_WSCT/WSCT4814.JPG
200630,NAIM17_2_0,20200616,122930,87,1,835,1755,976,1946,200630/NAIM17_2_0/102_WSCT/WSCT4820.JPG
200630,NAIM17_2_0,20200616,123230,90,1,2281,1967,2480,2111,200630/NAIM17_2_0/102_WSCT/WSCT4823.JPG
200630,NAIM17_2_0,20200616,123330,92,1,53,246,282,399,200630/NAIM17_2_0/102_WSCT/WSCT4824.JPG
200630,NAIM17_2_0,20200616,125830,72,1,311,1926,427,1990,200630/NAIM17_2_0/102_WSCT/WSCT4849.JPG
200630,NAIM17_2_0,20200616,130030,33,1,2494,1235,2600,1301,200630/NAIM17_2_0/102_WSCT/WSCT4851.JPG
200630,NAIM17_2_0,20200616,130230,26,1,2505,1230,2608,1296,200630/NAIM17_2_0/102_WSCT/WSCT4853.JPG
200630,NAIM17_2_0,20200616,130830,25,1,2068,665,2132,741,200630/NAIM17_2_0/102_WSCT/WSCT4859.JPG
200630,NAIM17_2_0,20200616,130930,41,1,2069,670,2132,743,200630/NAIM17_2_0/102_WSCT/WSCT4860.JPG
200630,NAIM17_2_0,20200616,131530,80,1,524,1769,620,1873,200630/NAIM17_2_0/102_WSCT/WSCT4866.JPG
200630,NAIM17_2_0,20200616,131730,46,1,4125,2304,4221,2373,200630/NAIM17_2_0/102_WSCT/WSCT4868.JPG
200630,NAIM17_2_0,20200616,131830,26,1,2069,664,2138,748,200630/NAIM17_2_0/102_WSCT/WSCT4869.JPG
200630,NAIM17_2_0,20200616,132730,83,1,1832,1779,1944,1904,200630/NAIM17_2_0/102_WSCT/WSCT4878.JPG
200630,NAIM17_2_0,20200616,133430,39,1,3396,331,3531,440,200630/NAIM17_2_0/102_WSCT/WSCT4885.JPG
200630,NAIM17_2_0,20200616,140830,88,1,599,1552,768,1727,200630/NAIM17_2_0/102_WSCT/WSCT4919.JPG
200630,NAIM17_2_0,20200616,140930,92,1,2388,1861,2601,2008,200630/NAIM17_2_0/102_WSCT/WSCT4920.JPG
200630,NAIM17_2_0,20200616,141030,79,1,266,2253,381,2373,200630/NAIM17_2_0/102_WSCT/WSCT4921.JPG
200630,NAIM17_2_0,20200616,142130,74,1,1634,2071,1750,2139,200630/NAIM17_2_0/102_WSCT/WSCT4932.JPG
200630,NAIM17_2_0,20200616,143030,84,1,2698,2140,2824,2208,200630/NAIM17_2_0/102_WSCT/WSCT4941.JPG
200630,NAIM17_2_0,20200616,143430,66,1,2009,164,2127,237,200630/NAIM17_2_0/102_WSCT/WSCT4945.JPG
200630,NAIM17_2_0,20200616,143630,85,1,1432,874,1515,979,200630/NAIM17_2_0/102_WSCT/WSCT4947.JPG
200630,NAIM17_2_0,20200616,143730,83,1,1284,695,1367,785,200630/NAIM17_2_0/102_WSCT/WSCT4948.JPG
200630,NAIM17_2_0,20200616,144430,59,1,1664,2000,1756,2073,200630/NAIM17_2_0/102_WSCT/WSCT4955.JPG
200630,NAIM17_2_0,20200616,144630,79,1,947,960,1089,1090,200630/NAIM17_2_0/102_WSCT/WSCT4957.JPG
200630,NAIM17_2_0,20200616,144930,84,1,592,2181,679,2285,200630/NAIM17_2_0/102_WSCT/WSCT4960.JPG
200630,NAIM17_2_0,20200616,145330,86,1,2801,1978,2930,2050,200630/NAIM17_2_0/102_WSCT/WSCT4964.JPG
200630,NAIM17_2_0,20200616,150530,40,1,1191,500,1277,605,200630/NAIM17_2_0/102_WSCT/WSCT4976.JPG
200630,NAIM17_2_0,20200616,151630,31,1,3697,267,3810,342,200630/NAIM17_2_0/102_WSCT/WSCT4987.JPG
200630,NAIM17_2_0,20200616,152330,87,1,2154,998,2244,1102,200630/NAIM17_2_0/102_WSCT/WSCT4994.JPG
200630,NAIM17_2_0,20200616,152530,46,1,1788,905,1917,990,200630/NAIM17_2_0/102_WSCT/WSCT4996.JPG
200630,NAIM17_2_0,20200616,153830,87,1,2347,1935,2492,2132,200630/NAIM17_2_0/102_WSCT/WSCT5009.JPG
200630,NAIM17_2_0,20200616,154730,76,1,565,1881,661,1995,200630/NAIM17_2_0/102_WSCT/WSCT5018.JPG
200630,NAIM17_2_0,20200616,155130,89,1,1266,1597,1369,1720,200630/NAIM17_2_0/102_WSCT/WSCT5022.JPG
200630,NAIM17_2_0,20200616,160330,89,1,1649,628,1747,735,200630/NAIM17_2_0/102_WSCT/WSCT5034.JPG
200630,NAIM17_2_0,20200616,160430,89,1,1722,515,1874,612,200630/NAIM17_2_0/102_WSCT/WSCT5035.JPG
200630,NAIM17_2_0,20200616,160530,90,1,1805,502,1914,611,200630/NAIM17_2_0/102_WSCT/WSCT5036.JPG
200630,NAIM17_2_0,20200616,160630,86,1,2126,111,2221,229,200630/NAIM17_2_0/102_WSCT/WSCT5037.JPG
200630,NAIM17_2_0,20200616,161730,88,1,1835,85,1939,190,200630/NAIM17_2_0/102_WSCT/WSCT5048.JPG
200630,NAIM17_2_0,20200616,161830,28,1,375,586,457,684,200630/NAIM17_2_0/102_WSCT/WSCT5049.JPG
200630,NAIM17_2_0,20200616,162530,27,1,373,584,457,685,200630/NAIM17_2_0/102_WSCT/WSCT5056.JPG
200630,NAIM17_2_0,20200616,163130,88,1,2158,1031,2237,1125,200630/NAIM17_2_0/102_WSCT/WSCT5062.JPG
200630,NAIM17_2_0,20200616,163330,28,1,373,585,456,684,200630/NAIM17_2_0/102_WSCT/WSCT5064.JPG
200630,NAIM17_2_0,20200616,163430,26,1,334,1216,410,1294,200630/NAIM17_2_0/102_WSCT/WSCT5065.JPG
200630,NAIM17_2_0,20200616,163430,91,1,2917,2165,3128,2325,200630/NAIM17_2_0/102_WSCT/WSCT5065.JPG
200630,NAIM17_2_0,20200616,163630,38,1,375,586,456,684,200630/NAIM17_2_0/102_WSCT/WSCT5067.JPG
200630,NAIM17_2_0,20200616,163730,29,1,375,586,455,682,200630/NAIM17_2_0/102_WSCT/WSCT5068.JPG
200630,NAIM17_2_0,20200616,164230,40,1,373,586,454,685,200630/NAIM17_2_0/102_WSCT/WSCT5073.JPG
200630,NAIM17_2_0,20200616,164530,31,1,374,586,456,686,200630/NAIM17_2_0/102_WSCT/WSCT5076.JPG
200630,NAIM17_2_0,20200616,164630,36,1,373,586,456,686,200630/NAIM17_2_0/102_WSCT/WSCT5077.JPG
200630,NAIM17_2_0,20200616,164830,28,1,372,585,457,690,200630/NAIM17_2_0/102_WSCT/WSCT5079.JPG
200630,NAIM17_2_0,20200616,165430,51,1,373,586,456,685,200630/NAIM17_2_0/102_WSCT/WSCT5085.JPG
200630,NAIM17_2_0,20200616,170530,41,1,440,1578,517,1649,200630/NAIM17_2_0/102_WSCT/WSCT5096.JPG
200630,NAIM17_2_0,20200616,171630,30,1,3702,221,3785,329,200630/NAIM17_2_0/102_WSCT/WSCT5107.JPG
200630,NAIM17_2_0,20200616,174330,70,1,1423,123,1568,242,200630/NAIM17_2_0/102_WSCT/WSCT5134.JPG
200630,NAIM17_2_0,20200616,175730,35,1,963,152,1033,206,200630/NAIM17_2_0/102_WSCT/WSCT5148.JPG
200630,NAIM17_2_0,20200616,181230,27,1,2031,1160,2095,1205,200630/NAIM17_2_0/102_WSCT/WSCT5163.JPG
200630,NAIM17_2_0,20200616,181430,32,1,2177,1694,2238,1755,200630/NAIM17_2_0/102_WSCT/WSCT5165.JPG
200630,NAIM17_2_0,20200616,182630,26,1,22,673,89,728,200630/NAIM17_2_0/102_WSCT/WSCT5177.JPG
200630,NAIM17_2_0,20200616,185930,91,1,973,2010,1195,2179,200630/NAIM17_2_0/102_WSCT/WSCT5210.JPG
200630,NAIM17_2_0,20200616,190230,26,1,2178,677,2273,796,200630/NAIM17_2_0/102_WSCT/WSCT5213.JPG
200630,NAIM17_2_0,20200616,192130,34,1,132,124,194,179,200630/NAIM17_2_0/102_WSCT/WSCT5232.JPG
200630,NAIM17_2_0,20200616,201738,35,1,70,165,130,218,200630/NAIM17_2_0/102_WSCT/WSCT5288.JPG
200630,NAIM17_2_0,20200616,202438,42,1,1243,2112,1316,2159,200630/NAIM17_2_0/102_WSCT/WSCT5295.JPG
200630,NAIM17_2_0,20200616,203136,53,1,2350,1381,2440,1502,200630/NAIM17_2_0/102_WSCT/WSCT5302.JPG
200630,NAIM17_2_0,20200616,203536,30,1,1155,935,1237,1020,200630/NAIM17_2_0/102_WSCT/WSCT5306.JPG
200630,NAIM17_2_0,20200616,205436,34,1,1160,937,1243,1025,200630/NAIM17_2_0/102_WSCT/WSCT5325.JPG
200630,NAIM17_2_0,20200616,205536,43,1,1153,931,1241,1024,200630/NAIM17_2_0/102_WSCT/WSCT5326.JPG
200630,NAIM17_2_0,20200616,210136,53,1,444,1568,560,1640,200630/NAIM17_2_0/102_WSCT/WSCT5332.JPG
200630,NAIM17_2_0,20200616,212036,52,1,2236,918,2311,968,200630/NAIM17_2_0/102_WSCT/WSCT5351.JPG
200630,NAIM17_2_0,20200616,213536,41,1,1639,1895,1718,1973,200630/NAIM17_2_0/102_WSCT/WSCT5366.JPG
200630,NAIM17_2_0,20200616,214838,30,1,2174,1848,2242,1922,200630/NAIM17_2_0/102_WSCT/WSCT5379.JPG
200630,NAIM17_2_0,20200617,064010,43,1,2495,1449,2569,1512,200630/NAIM17_2_0/102_WSCT/WSCT5431.JPG
200630,NAIM17_2_0,20200617,064810,40,1,3020,1275,3094,1332,200630/NAIM17_2_0/102_WSCT/WSCT5439.JPG
200630,NAIM17_2_0,20200617,065908,41,1,2257,1268,2334,1324,200630/NAIM17_2_0/102_WSCT/WSCT5450.JPG
200630,NAIM17_2_0,20200617,071908,27,1,1192,2135,1250,2189,200630/NAIM17_2_0/102_WSCT/WSCT5470.JPG
200630,NAIM17_2_0,20200617,071908,36,1,2319,842,2408,898,200630/NAIM17_2_0/102_WSCT/WSCT5470.JPG
200630,NAIM17_2_0,20200617,073108,28,1,3215,1661,3288,1751,200630/NAIM17_2_0/102_WSCT/WSCT5482.JPG
200630,NAIM17_2_0,20200617,073608,53,1,3927,676,4036,750,200630/NAIM17_2_0/102_WSCT/WSCT5487.JPG
200630,NAIM17_2_0,20200617,080510,33,1,1083,1860,1150,1908,200630/NAIM17_2_0/102_WSCT/WSCT5516.JPG
200630,NAIM17_2_0,20200617,081410,34,1,2881,919,2963,978,200630/NAIM17_2_0/102_WSCT/WSCT5525.JPG
200630,NAIM17_2_0,20200617,083508,53,1,856,2140,912,2189,200630/NAIM17_2_0/102_WSCT/WSCT5546.JPG
200630,NAIM17_2_0,20200617,093310,33,1,0,1368,57,1439,200630/NAIM17_2_0/102_WSCT/WSCT5604.JPG
200630,NAIM17_2_0,20200617,095610,65,1,2134,790,2218,907,200630/NAIM17_2_0/102_WSCT/WSCT5627.JPG
200630,NAIM17_2_0,20200617,100510,37,1,2997,779,3082,869,200630/NAIM17_2_0/102_WSCT/WSCT5636.JPG
200630,NAIM17_2_0,20200617,113716,57,1,2177,854,2254,946,200630/NAIM17_2_0/102_WSCT/WSCT5728.JPG
200630,NAIM17_2_0,20200617,115516,37,1,2298,2153,2378,2228,200630/NAIM17_2_0/102_WSCT/WSCT5746.JPG
200630,NAIM17_2_0,20200617,121516,80,1,1730,25,1832,79,200630/NAIM17_2_0/102_WSCT/WSCT5766.JPG
200630,NAIM17_2_0,20200617,121616,84,1,1196,350,1319,424,200630/NAIM17_2_0/102_WSCT/WSCT5767.JPG
200630,NAIM17_2_0,20200617,125016,54,1,1132,1466,1238,1555,200630/NAIM17_2_0/102_WSCT/WSCT5801.JPG
200630,NAIM17_2_0,20200617,130116,92,1,2428,1924,2600,2120,200630/NAIM17_2_0/102_WSCT/WSCT5812.JPG
200630,NAIM17_2_0,20200617,130816,32,1,2210,911,2280,975,200630/NAIM17_2_0/102_WSCT/WSCT5819.JPG
200630,NAIM17_2_0,20200617,131116,34,1,2249,397,2343,525,200630/NAIM17_2_0/102_WSCT/WSCT5822.JPG
200630,NAIM17_2_0,20200617,134516,91,1,2467,2085,2694,2237,200630/NAIM17_2_0/102_WSCT/WSCT5856.JPG
200630,NAIM17_2_0,20200617,135316,26,1,2163,840,2239,935,200630/NAIM17_2_0/102_WSCT/WSCT5864.JPG
200630,NAIM17_2_0,20200617,141916,86,1,2213,1535,2349,1661,200630/NAIM17_2_0/102_WSCT/WSCT5890.JPG
200630,NAIM17_2_0,20200617,143416,32,1,1185,144,1295,211,200630/NAIM17_2_0/102_WSCT/WSCT5905.JPG
200630,NAIM17_2_0,20200617,145216,84,1,3530,1696,3654,1851,200630/NAIM17_2_0/102_WSCT/WSCT5923.JPG
200630,NAIM17_2_0,20200617,145416,86,1,2877,2039,3003,2195,200630/NAIM17_2_0/102_WSCT/WSCT5925.JPG
200630,NAIM17_2_0,20200617,145716,75,1,2287,2204,2414,2347,200630/NAIM17_2_0/102_WSCT/WSCT5928.JPG
200630,NAIM17_2_0,20200617,145816,93,1,1694,698,1880,856,200630/NAIM17_2_0/102_WSCT/WSCT5929.JPG
200630,NAIM17_2_0,20200617,150816,83,1,2611,2102,2780,2226,200630/NAIM17_2_0/102_WSCT/WSCT5939.JPG
200630,NAIM17_2_0,20200617,150916,64,1,3295,2136,3432,2321,200630/NAIM17_2_0/102_WSCT/WSCT5940.JPG
200630,NAIM17_2_0,20200617,154616,31,1,3804,2193,3886,2277,200630/NAIM17_2_0/102_WSCT/WSCT5977.JPG
200630,NAIM17_2_0,20200617,155916,29,1,502,2204,616,2287,200630/NAIM17_2_0/102_WSCT/WSCT5990.JPG
200630,NAIM17_2_0,20200617,163116,66,1,2442,277,2552,447,200630/NAIM17_2_0/102_WSCT/WSCT6022.JPG
200630,NAIM17_2_0,20200617,163916,34,1,1620,767,1701,828,200630/NAIM17_2_0/102_WSCT/WSCT6030.JPG
200630,NAIM17_2_0,20200617,171716,25,1,2261,684,2330,760,200630/NAIM17_2_0/102_WSCT/WSCT6068.JPG
200630,NAIM17_2_0,20200617,174816,38,1,1747,2160,1829,2206,200630/NAIM17_2_0/102_WSCT/WSCT6099.JPG
200630,NAIM17_2_0,20200617,175416,41,1,1817,105,1896,158,200630/NAIM17_2_0/102_WSCT/WSCT6105.JPG
200630,NAIM17_2_0,20200617,175416,43,1,1701,714,1766,763,200630/NAIM17_2_0/102_WSCT/WSCT6105.JPG
200630,NAIM17_2_0,20200617,180716,36,1,2273,650,2370,712,200630/NAIM17_2_0/102_WSCT/WSCT6118.JPG
200630,NAIM17_2_0,20200617,185316,40,1,758,253,818,311,200630/NAIM17_2_0/102_WSCT/WSCT6164.JPG
200630,NAIM17_2_0,20200617,191516,30,1,1541,1956,1592,2010,200630/NAIM17_2_0/102_WSCT/WSCT6186.JPG
200630,NAIM17_2_0,20200617,192816,29,1,2770,1677,2828,1724,200630/NAIM17_2_0/102_WSCT/WSCT6199.JPG
200630,NAIM17_2_0,20200617,194516,30,1,1454,137,1554,201,200630/NAIM17_2_0/102_WSCT/WSCT6216.JPG
200630,NAIM17_2_0,20200617,203716,66,1,1118,1972,1204,2031,200630/NAIM17_2_0/102_WSCT/WSCT6268.JPG
200630,NAIM17_2_0,20200617,210916,34,1,2024,1490,2120,1554,200630/NAIM17_2_0/102_WSCT/WSCT6300.JPG
200630,NAIM17_2_0,20200617,213016,57,1,2972,1581,3054,1673,200630/NAIM17_2_0/102_WSCT/WSCT6321.JPG
200630,NAIM17_2_0,20200617,215016,49,1,1644,947,1754,1052,200630/NAIM17_2_0/102_WSCT/WSCT6341.JPG
200630,NAIM17_2_0,20200617,215416,73,1,1822,301,1916,410,200630/NAIM17_2_0/102_WSCT/WSCT6345.JPG
200630,NAIM17_2_0,20200617,215516,77,1,1837,307,1929,419,200630/NAIM17_2_0/102_WSCT/WSCT6346.JPG
200630,NAIM17_2_0,20200617,215616,77,1,1814,326,1943,412,200630/NAIM17_2_0/102_WSCT/WSCT6347.JPG
200630,NAIM17_2_0,20200617,215716,61,1,1814,345,1964,424,200630/NAIM17_2_0/102_WSCT/WSCT6348.JPG
200630,NAIM17_2_0,20200618,062602,45,1,1107,1124,1206,1212,200630/NAIM17_2_0/102_WSCT/WSCT6377.JPG
200630,NAIM17_2_0,20200618,065302,78,1,1683,362,1803,524,200630/NAIM17_2_0/102_WSCT/WSCT6404.JPG
200630,NAIM17_2_0,20200618,065402,69,1,1625,154,1729,259,200630/NAIM17_2_0/102_WSCT/WSCT6405.JPG
200630,NAIM17_2_0,20200618,072604,25,1,869,667,971,778,200630/NAIM17_2_0/102_WSCT/WSCT6437.JPG
200630,NAIM17_2_0,20200618,075802,31,1,2719,1231,2793,1319,200630/NAIM17_2_0/102_WSCT/WSCT6469.JPG
200630,NAIM17_2_0,20200618,080404,53,1,991,1487,1064,1574,200630/NAIM17_2_0/102_WSCT/WSCT6475.JPG
200630,NAIM17_2_0,20200618,082502,27,1,1832,390,1903,465,200630/NAIM17_2_0/102_WSCT/WSCT6496.JPG
200630,NAIM17_2_0,20200618,082502,44,1,2619,1844,2700,1914,200630/NAIM17_2_0/102_WSCT/WSCT6496.JPG
200630,NAIM17_2_0,20200618,082602,39,1,2399,428,2483,496,200630/NAIM17_2_0/102_WSCT/WSCT6497.JPG
200630,NAIM17_2_0,20200618,095102,79,1,658,2276,769,2371,200630/NAIM17_2_0/102_WSCT/WSCT6582.JPG
200630,NAIM17_2_0,20200618,100902,29,1,1335,1571,1400,1648,200630/NAIM17_2_0/102_WSCT/WSCT6600.JPG
200630,NAIM17_2_0,20200618,101302,39,1,817,1932,892,1997,200630/NAIM17_2_0/102_WSCT/WSCT6604.JPG
200630,NAIM17_2_0,20200618,101302,43,1,4146,2212,4224,2314,200630/NAIM17_2_0/102_WSCT/WSCT6604.JPG
200630,NAIM17_2_0,20200618,102802,42,1,2922,107,3000,156,200630/NAIM17_2_0/102_WSCT/WSCT6619.JPG
200630,NAIM17_2_0,20200618,104502,36,1,696,2078,777,2126,200630/NAIM17_2_0/102_WSCT/WSCT6636.JPG
200630,NAIM17_2_0,20200618,105302,51,1,2864,1728,2955,1800,200630/NAIM17_2_0/102_WSCT/WSCT6644.JPG
200630,NAIM17_2_0,20200618,105802,28,1,3643,268,3727,379,200630/NAIM17_2_0/102_WSCT/WSCT6649.JPG
200630,NAIM17_2_0,20200618,105802,61,1,3855,950,4009,1068,200630/NAIM17_2_0/102_WSCT/WSCT6649.JPG
200630,NAIM17_2_0,20200618,105902,32,1,3812,863,3905,986,200630/NAIM17_2_0/102_WSCT/WSCT6650.JPG
200630,NAIM17_2_0,20200618,111102,83,1,3968,15,4131,143,200630/NAIM17_2_0/102_WSCT/WSCT6662.JPG
200630,NAIM17_2_0,20200618,112508,65,1,2763,756,2840,809,200630/NAIM17_2_0/102_WSCT/WSCT6676.JPG
200630,NAIM17_2_0,20200618,112808,33,1,2847,1528,2915,1600,200630/NAIM17_2_0/102_WSCT/WSCT6679.JPG
200630,NAIM17_2_0,20200618,120508,27,1,28,1135,120,1209,200630/NAIM17_2_0/102_WSCT/WSCT6716.JPG
200630,NAIM17_2_0,20200618,122510,89,1,836,1475,936,1606,200630/NAIM17_2_0/102_WSCT/WSCT6736.JPG
200630,NAIM17_2_0,20200618,122710,76,1,1079,1360,1185,1437,200630/NAIM17_2_0/102_WSCT/WSCT6738.JPG
200630,NAIM17_2_0,20200618,124708,76,1,1916,1840,2050,1920,200630/NAIM17_2_0/102_WSCT/WSCT6758.JPG
200630,NAIM17_2_0,20200618,125008,89,1,2885,759,2972,865,200630/NAIM17_2_0/102_WSCT/WSCT6761.JPG
200630,NAIM17_2_0,20200618,125308,71,1,3181,1749,3282,1868,200630/NAIM17_2_0/102_WSCT/WSCT6764.JPG
200630,NAIM17_2_0,20200618,130208,80,1,3265,2216,3403,2345,200630/NAIM17_2_0/102_WSCT/WSCT6773.JPG
200630,NAIM17_2_0,20200618,130408,88,1,1191,576,1354,746,200630/NAIM17_2_0/102_WSCT/WSCT6775.JPG
200630,NAIM17_2_0,20200618,130908,54,1,2890,1878,2973,2003,200630/NAIM17_2_0/102_WSCT/WSCT6780.JPG
200630,NAIM17_2_0,20200618,131008,69,1,2887,1874,2971,1998,200630/NAIM17_2_0/102_WSCT/WSCT6781.JPG
200630,NAIM17_2_0,20200618,131108,74,1,2316,2159,2403,2230,200630/NAIM17_2_0/102_WSCT/WSCT6782.JPG
200630,NAIM17_2_0,20200618,131208,26,1,2164,2007,2259,2064,200630/NAIM17_2_0/102_WSCT/WSCT6783.JPG
200630,NAIM17_2_0,20200618,131508,50,1,640,2139,726,2226,200630/NAIM17_2_0/102_WSCT/WSCT6786.JPG
200630,NAIM17_2_0,20200618,132908,89,1,3341,1475,3435,1607,200630/NAIM17_2_0/102_WSCT/WSCT6800.JPG
200630,NAIM17_2_0,20200618,133708,89,1,2544,1898,2627,2018,200630/NAIM17_2_0/102_WSCT/WSCT6808.JPG
200630,NAIM17_2_0,20200618,134810,90,1,1776,398,1973,550,200630/NAIM17_2_0/102_WSCT/WSCT6819.JPG
200630,NAIM17_2_0,20200618,135710,83,1,2282,1880,2408,1952,200630/NAIM17_2_0/102_WSCT/WSCT6828.JPG
200630,NAIM17_2_0,20200618,135910,91,1,3619,124,3791,265,200630/NAIM17_2_0/102_WSCT/WSCT6830.JPG
200630,NAIM17_2_0,20200618,140610,28,1,3741,1453,3832,1529,200630/NAIM17_2_0/102_WSCT/WSCT6837.JPG
200630,NAIM17_2_0,20200618,142816,72,1,614,230,734,299,200630/NAIM17_2_0/102_WSCT/WSCT6859.JPG
200630,NAIM17_2_0,20200618,144816,80,1,3541,1476,3641,1604,200630/NAIM17_2_0/102_WSCT/WSCT6879.JPG
200630,NAIM17_2_0,20200618,145716,84,1,2230,2070,2324,2161,200630/NAIM17_2_0/102_WSCT/WSCT6888.JPG
200630,NAIM17_2_0,20200618,151316,83,1,748,752,849,853,200630/NAIM17_2_0/102_WSCT/WSCT6904.JPG
200630,NAIM17_2_0,20200618,151716,87,1,1385,1727,1494,1819,200630/NAIM17_2_0/102_WSCT/WSCT6908.JPG
200630,NAIM17_2_0,20200618,152816,62,1,593,1828,719,1945,200630/NAIM17_2_0/102_WSCT/WSCT6919.JPG
200630,NAIM17_2_0,20200618,152916,66,1,1808,1118,1914,1198,200630/NAIM17_2_0/102_WSCT/WSCT6920.JPG
200630,NAIM17_2_0,20200618,153816,38,1,4052,1673,4148,1785,200630/NAIM17_2_0/102_WSCT/WSCT6929.JPG
200630,NAIM17_2_0,20200618,155016,88,1,1802,2178,1934,2288,200630/NAIM17_2_0/102_WSCT/WSCT6941.JPG
200630,NAIM17_2_0,20200618,155116,38,1,3355,87,3454,219,200630/NAIM17_2_0/102_WSCT/WSCT6942.JPG
200630,NAIM17_2_0,20200618,155716,82,1,2754,2151,2861,2276,200630/NAIM17_2_0/102_WSCT/WSCT6948.JPG
200630,NAIM17_2_0,20200618,160322,39,1,1789,1114,1912,1201,200630/NAIM17_2_0/102_WSCT/WSCT6954.JPG
200630,NAIM17_2_0,20200618,161922,89,1,1145,1034,1239,1146,200630/NAIM17_2_0/102_WSCT/WSCT6970.JPG
200630,NAIM17_2_0,20200618,163222,37,1,3164,817,3229,886,200630/NAIM17_2_0/102_WSCT/WSCT6983.JPG
200630,NAIM17_2_0,20200618,163422,37,1,3165,821,3229,887,200630/NAIM17_2_0/102_WSCT/WSCT6985.JPG
200630,NAIM17_2_0,20200618,164524,87,1,2323,1846,2531,2055,200630/NAIM17_2_0/102_WSCT/WSCT6996.JPG
200630,NAIM17_2_0,20200618,170622,83,1,2282,1694,2373,1802,200630/NAIM17_2_0/102_WSCT/WSCT7017.JPG
200630,NAIM17_2_0,20200618,173922,43,1,398,1742,484,1824,200630/NAIM17_2_0/102_WSCT/WSCT7050.JPG
200630,NAIM17_2_0,20200618,175022,92,1,1683,474,1867,654,200630/NAIM17_2_0/102_WSCT/WSCT7061.JPG
200630,NAIM17_2_0,20200618,175422,46,1,1087,1989,1187,2076,200630/NAIM17_2_0/102_WSCT/WSCT7065.JPG
200630,NAIM17_2_0,20200618,175522,27,1,746,262,805,311,200630/NAIM17_2_0/102_WSCT/WSCT7066.JPG
200630,NAIM17_2_0,20200618,181124,90,1,1457,84,1615,191,200630/NAIM17_2_0/102_WSCT/WSCT7082.JPG
200630,NAIM17_2_0,20200618,181222,90,1,1697,521,1813,654,200630/NAIM17_2_0/102_WSCT/WSCT7083.JPG
200630,NAIM17_2_0,20200618,181322,84,1,2060,1178,2207,1259,200630/NAIM17_2_0/102_WSCT/WSCT7084.JPG
200630,NAIM17_2_0,20200618,181424,28,1,2106,85,2172,153,200630/NAIM17_2_0/102_WSCT/WSCT7085.JPG
200630,NAIM17_2_0,20200618,181624,29,1,1475,1778,1547,1865,200630/NAIM17_2_0/102_WSCT/WSCT7087.JPG
200630,NAIM17_2_0,20200618,181822,90,1,1269,1438,1396,1579,200630/NAIM17_2_0/102_WSCT/WSCT7089.JPG
200630,NAIM17_2_0,20200618,182024,87,1,3034,2211,3210,2304,200630/NAIM17_2_0/102_WSCT/WSCT7091.JPG
200630,NAIM17_2_0,20200618,182124,88,1,2469,1881,2588,2012,200630/NAIM17_2_0/102_WSCT/WSCT7092.JPG
200630,NAIM17_2_0,20200618,182224,74,1,730,1560,896,1652,200630/NAIM17_2_0/102_WSCT/WSCT7093.JPG
200630,NAIM17_2_0,20200618,182624,84,1,2095,1190,2217,1284,200630/NAIM17_2_0/102_WSCT/WSCT7097.JPG
200630,NAIM17_2_0,20200618,183024,69,1,1979,749,2052,830,200630/NAIM17_2_0/102_WSCT/WSCT7101.JPG
200630,NAIM17_2_0,20200618,183124,26,1,769,151,842,202,200630/NAIM17_2_0/102_WSCT/WSCT7102.JPG
200630,NAIM17_2_0,20200618,184222,30,1,2247,497,2392,585,200630/NAIM17_2_0/102_WSCT/WSCT7113.JPG
200630,NAIM17_2_0,20200618,184222,30,1,811,1463,900,1534,200630/NAIM17_2_0/102_WSCT/WSCT7113.JPG
200630,NAIM17_2_0,20200618,185122,27,1,2174,1718,2228,1770,200630/NAIM17_2_0/102_WSCT/WSCT7122.JPG
200630,NAIM17_2_0,20200618,185722,51,1,3108,1052,3180,1120,200630/NAIM17_2_0/102_WSCT/WSCT7128.JPG
200630,NAIM17_2_0,20200618,185822,39,1,2076,1092,2173,1165,200630/NAIM17_2_0/102_WSCT/WSCT7129.JPG
200630,NAIM17_2_0,20200618,190622,88,1,2964,1943,3052,2041,200630/NAIM17_2_0/102_WSCT/WSCT7137.JPG
200630,NAIM17_2_0,20200618,190822,48,1,860,1405,919,1462,200630/NAIM17_2_0/102_WSCT/WSCT7139.JPG
200630,NAIM17_2_0,20200618,190822,70,1,2856,1699,2963,1783,200630/NAIM17_2_0/102_WSCT/WSCT7139.JPG
200630,NAIM17_2_0,20200618,191122,37,1,1138,958,1223,1032,200630/NAIM17_2_0/102_WSCT/WSCT7142.JPG
200630,NAIM17_2_0,20200618,191122,55,1,89,940,162,1010,200630/NAIM17_2_0/102_WSCT/WSCT7142.JPG
200630,NAIM17_2_0,20200618,191222,27,1,2154,2079,2211,2133,200630/NAIM17_2_0/102_WSCT/WSCT7143.JPG
200630,NAIM17_2_0,20200618,191322,35,1,406,1318,473,1371,200630/NAIM17_2_0/102_WSCT/WSCT7144.JPG
200630,NAIM17_2_0,20200618,192122,28,1,813,1456,905,1520,200630/NAIM17_2_0/102_WSCT/WSCT7152.JPG
200630,NAIM17_2_0,20200618,192322,66,1,2852,1701,2964,1777,200630/NAIM17_2_0/102_WSCT/WSCT7154.JPG
200630,NAIM17_2_0,20200618,193022,29,1,60,195,123,259,200630/NAIM17_2_0/102_WSCT/WSCT7161.JPG
200630,NAIM17_2_0,20200618,193522,38,1,2408,1417,2486,1512,200630/NAIM17_2_0/102_WSCT/WSCT7166.JPG
200630,NAIM17_2_0,20200618,194422,39,1,2408,1418,2494,1534,200630/NAIM17_2_0/102_WSCT/WSCT7175.JPG
200630,NAIM17_2_0,20200618,194524,44,1,2408,1421,2493,1533,200630/NAIM17_2_0/102_WSCT/WSCT7176.JPG
200630,NAIM17_2_0,20200618,195224,26,1,101,469,166,521,200630/NAIM17_2_0/102_WSCT/WSCT7183.JPG
200630,NAIM17_2_0,20200618,202422,30,1,2408,1425,2484,1517,200630/NAIM17_2_0/102_WSCT/WSCT7215.JPG
200630,NAIM17_2_0,20200618,202422,35,1,2281,954,2347,1014,200630/NAIM17_2_0/102_WSCT/WSCT7215.JPG
200630,NAIM17_2_0,20200618,202422,44,1,1758,2084,1818,2141,200630/NAIM17_2_0/102_WSCT/WSCT7215.JPG
200630,NAIM17_2_0,20200618,203422,42,1,451,327,520,416,200630/NAIM17_2_0/102_WSCT/WSCT7225.JPG
200630,NAIM17_2_0,20200618,204922,50,1,1968,772,2072,837,200630/NAIM17_2_0/102_WSCT/WSCT7240.JPG
200630,NAIM17_2_0,20200618,210522,68,1,1724,1070,1789,1133,200630/NAIM17_2_0/102_WSCT/WSCT7256.JPG
200630,NAIM17_2_0,20200618,211322,79,1,1986,1277,2062,1359,200630/NAIM17_2_0/102_WSCT/WSCT7264.JPG
200630,NAIM17_2_0,20200618,211924,74,1,707,1622,819,1698,200630/NAIM17_2_0/102_WSCT/WSCT7270.JPG
200630,NAIM17_2_0,20200618,212124,33,1,2452,1660,2507,1722,200630/NAIM17_2_0/102_WSCT/WSCT7272.JPG
200630,NAIM17_2_0,20200618,212424,29,1,2768,680,2835,736,200630/NAIM17_2_0/102_WSCT/WSCT7275.JPG
200630,NAIM17_2_0,20200618,213124,74,1,1614,142,1701,268,200630/NAIM17_2_0/102_WSCT/WSCT7282.JPG
200630,NAIM17_2_0,20200618,213324,27,1,2550,1969,2628,2035,200630/NAIM17_2_0/102_WSCT/WSCT7284.JPG
200630,NAIM17_2_0,20200618,213522,44,1,1714,221,1815,287,200630/NAIM17_2_0/102_WSCT/WSCT7286.JPG
200630,NAIM17_2_0,20200619,062402,26,1,2408,1456,2497,1562,200630/NAIM17_2_0/102_WSCT/WSCT7335.JPG
200630,NAIM17_2_0,20200619,062902,38,1,2405,1454,2495,1559,200630/NAIM17_2_0/102_WSCT/WSCT7340.JPG
200630,NAIM17_2_0,20200619,063302,31,1,2407,1455,2495,1559,200630/NAIM17_2_0/102_WSCT/WSCT7344.JPG
200630,NAIM17_2_0,20200619,063602,36,1,1322,1554,1399,1648,200630/NAIM17_2_0/102_WSCT/WSCT7347.JPG
200630,NAIM17_2_0,20200619,063702,29,1,1323,1556,1398,1647,200630/NAIM17_2_0/102_WSCT/WSCT7348.JPG
200630,NAIM17_2_0,20200619,064302,38,1,2405,1456,2496,1562,200630/NAIM17_2_0/102_WSCT/WSCT7354.JPG
200630,NAIM17_2_0,20200619,064502,25,1,2407,1454,2495,1559,200630/NAIM17_2_0/102_WSCT/WSCT7356.JPG
200630,NAIM17_2_0,20200619,065702,29,1,2578,1443,2681,1506,200630/NAIM17_2_0/102_WSCT/WSCT7368.JPG
200630,NAIM17_2_0,20200619,070102,26,1,2406,1456,2496,1563,200630/NAIM17_2_0/102_WSCT/WSCT7372.JPG
200630,NAIM17_2_0,20200619,072202,40,1,2405,1457,2495,1560,200630/NAIM17_2_0/102_WSCT/WSCT7393.JPG
200630,NAIM17_2_0,20200619,072302,31,1,2411,1458,2494,1556,200630/NAIM17_2_0/102_WSCT/WSCT7394.JPG
200630,NAIM17_2_0,20200619,080102,42,1,1637,2144,1704,2192,200630/NAIM17_2_0/102_WSCT/WSCT7432.JPG
200630,NAIM17_2_0,20200619,090218,31,1,2855,279,2935,350,200630/NAIM17_2_0/102_WSCT/WSCT7493.JPG
200630,NAIM17_2_0,20200619,090218,73,1,2166,1176,2233,1247,200630/NAIM17_2_0/102_WSCT/WSCT7493.JPG
200630,NAIM17_2_0,20200619,091318,55,1,151,554,229,633,200630/NAIM17_2_0/102_WSCT/WSCT7504.JPG
200630,NAIM17_2_0,20200619,092316,86,1,402,1974,554,2069,200630/NAIM17_2_0/102_WSCT/WSCT7514.JPG
200630,NAIM17_2_0,20200619,095518,35,1,2024,669,2114,728,200630/NAIM17_2_0/102_WSCT/WSCT7546.JPG
200630,NAIM17_2_0,20200619,095918,63,1,2500,146,2591,210,200630/NAIM17_2_0/102_WSCT/WSCT7550.JPG
200630,NAIM17_2_0,20200619,101416,66,1,2473,1408,2545,1472,200630/NAIM17_2_0/102_WSCT/WSCT7565.JPG
200630,NAIM17_2_0,20200619,102716,58,1,2319,508,2452,591,200630/NAIM17_2_0/102_WSCT/WSCT7578.JPG
200630,NAIM17_2_0,20200619,103616,47,1,2422,1207,2509,1262,200630/NAIM17_2_0/102_WSCT/WSCT7587.JPG
200630,NAIM17_2_0,20200619,104116,50,1,473,2223,547,2282,200630/NAIM17_2_0/102_WSCT/WSCT7592.JPG
200630,NAIM17_2_0,20200619,105116,34,1,2987,1606,3046,1671,200630/NAIM17_2_0/102_WSCT/WSCT7602.JPG
200630,NAIM17_2_0,20200619,110416,71,1,2536,1980,2614,2056,200630/NAIM17_2_0/102_WSCT/WSCT7615.JPG
200630,NAIM17_2_0,20200619,115816,60,1,1067,2158,1177,2244,200630/NAIM17_2_0/102_WSCT/WSCT7669.JPG
200630,NAIM17_2_0,20200619,120216,49,1,891,2130,990,2211,200630/NAIM17_2_0/102_WSCT/WSCT7673.JPG
200630,NAIM17_2_0,20200619,120316,68,1,869,2118,987,2205,200630/NAIM17_2_0/102_WSCT/WSCT7674.JPG
200630,NAIM17_2_0,20200619,120516,42,1,871,2116,972,2199,200630/NAIM17_2_0/102_WSCT/WSCT7676.JPG
200630,NAIM17_2_0,20200619,121816,33,1,1325,1546,1407,1643,200630/NAIM17_2_0/102_WSCT/WSCT7689.JPG
200630,NAIM17_2_0,20200619,135816,41,1,2056,1416,2120,1490,200630/NAIM17_2_0/102_WSCT/WSCT7789.JPG
200630,NAIM17_2_0,20200619,143316,81,1,883,776,978,874,200630/NAIM17_2_0/102_WSCT/WSCT7824.JPG
200630,NAIM17_2_0,20200619,143916,30,1,1996,1803,2057,1859,200630/NAIM17_2_0/102_WSCT/WSCT7830.JPG
200630,NAIM17_2_0,20200619,145116,31,1,2889,415,2975,528,200630/NAIM17_2_0/102_WSCT/WSCT7842.JPG
200630,NAIM17_2_0,20200619,151116,51,1,2412,342,2499,416,200630/NAIM17_2_0/102_WSCT/WSCT7862.JPG
200630,NAIM17_2_0,20200619,153616,80,1,2599,2168,2708,2235,200630/NAIM17_2_0/102_WSCT/WSCT7887.JPG
200630,NAIM17_2_0,20200619,154016,35,1,3435,666,3553,744,200630/NAIM17_2_0/102_WSCT/WSCT7891.JPG
200630,NAIM17_2_0,20200619,154116,69,1,3444,667,3554,744,200630/NAIM17_2_0/102_WSCT/WSCT7892.JPG
200630,NAIM17_2_0,20200619,155316,29,1,1298,2085,1361,2130,200630/NAIM17_2_0/102_WSCT/WSCT7904.JPG
200630,NAIM17_2_0,20200619,155316,81,1,404,1930,518,2006,200630/NAIM17_2_0/102_WSCT/WSCT7904.JPG
200630,NAIM17_2_0,20200619,155616,38,1,2839,36,2902,81,200630/NAIM17_2_0/102_WSCT/WSCT7907.JPG
200630,NAIM17_2_0,20200619,155816,25,1,0,602,60,674,200630/NAIM17_2_0/102_WSCT/WSCT7909.JPG
200630,NAIM17_2_0,20200619,160516,29,1,1390,1968,1444,2023,200630/NAIM17_2_0/102_WSCT/WSCT7916.JPG
200630,NAIM17_2_0,20200619,160516,59,1,1981,1300,2058,1388,200630/NAIM17_2_0/102_WSCT/WSCT7916.JPG
200630,NAIM17_2_0,20200619,160616,48,1,2339,1449,2411,1542,200630/NAIM17_2_0/102_WSCT/WSCT7917.JPG
200630,NAIM17_2_0,20200619,161116,68,1,667,1842,741,1929,200630/NAIM17_2_0/102_WSCT/WSCT7922.JPG
200630,NAIM17_2_0,20200619,161416,43,1,150,795,256,873,200630/NAIM17_2_0/102_WSCT/WSCT7925.JPG
200630,NAIM17_2_0,20200619,161616,34,1,2218,1311,2291,1386,200630/NAIM17_2_0/102_WSCT/WSCT7927.JPG
200630,NAIM17_2_0,20200619,163016,29,1,983,1500,1085,1574,200630/NAIM17_2_0/102_WSCT/WSCT7941.JPG
200630,NAIM17_2_0,20200619,164016,32,1,1999,1805,2059,1859,200630/NAIM17_2_0/102_WSCT/WSCT7951.JPG
200630,NAIM17_2_0,20200619,164616,37,1,2158,1728,2214,1782,200630/NAIM17_2_0/102_WSCT/WSCT7957.JPG
200630,NAIM17_2_0,20200619,165516,91,1,3212,2161,3374,2354,200630/NAIM17_2_0/102_WSCT/WSCT7966.JPG
200630,NAIM17_2_0,20200619,170116,41,1,2274,791,2380,871,200630/NAIM17_2_0/102_WSCT/WSCT7972.JPG
200630,NAIM17_2_0,20200619,170516,44,1,2682,26,2761,88,200630/NAIM17_2_0/102_WSCT/WSCT7976.JPG
200630,NAIM17_2_0,20200619,171816,48,1,2473,2135,2536,2201,200630/NAIM17_2_0/102_WSCT/WSCT7989.JPG
200630,NAIM17_2_0,20200619,173716,77,1,2465,1857,2539,1953,200630/NAIM17_2_0/102_WSCT/WSCT8008.JPG
200630,NAIM17_2_0,20200619,175016,30,1,1997,584,2070,664,200630/NAIM17_2_0/102_WSCT/WSCT8021.JPG
200630,NAIM17_2_0,20200619,175116,44,1,2046,1739,2104,1803,200630/NAIM17_2_0/102_WSCT/WSCT8022.JPG
200630,NAIM17_2_0,20200619,175716,27,1,2442,1673,2503,1752,200630/NAIM17_2_0/102_WSCT/WSCT8028.JPG
200630,NAIM17_2_0,20200619,181124,34,1,1491,436,1602,559,200630/NAIM17_2_0/102_WSCT/WSCT8042.JPG
200630,NAIM17_2_0,20200619,181224,48,1,2268,495,2352,578,200630/NAIM17_2_0/102_WSCT/WSCT8043.JPG
200630,NAIM17_2_0,20200619,181824,32,1,3298,1043,3365,1098,200630/NAIM17_2_0/102_WSCT/WSCT8049.JPG
200630,NAIM17_2_0,20200619,182124,46,1,227,1885,321,2014,200630/NAIM17_2_0/102_WSCT/WSCT8052.JPG
200630,NAIM17_2_0,20200619,184222,30,1,1875,1970,1948,2019,200630/NAIM17_2_0/102_WSCT/WSCT8073.JPG
200630,NAIM17_2_0,20200619,184922,47,1,3907,679,4029,753,200630/NAIM17_2_0/102_WSCT/WSCT8080.JPG
200630,NAIM17_2_0,20200619,185622,30,1,1547,388,1651,521,200630/NAIM17_2_0/102_WSCT/WSCT8087.JPG
200630,NAIM17_2_0,20200619,190622,56,1,1715,443,1862,551,200630/NAIM17_2_0/102_WSCT/WSCT8097.JPG
200630,NAIM17_2_0,20200619,191122,35,1,1470,468,1599,571,200630/NAIM17_2_0/102_WSCT/WSCT8102.JPG
200630,NAIM17_2_0,20200619,191622,50,1,2175,938,2249,991,200630/NAIM17_2_0/102_WSCT/WSCT8107.JPG
200630,NAIM17_2_0,20200619,191622,71,1,1219,377,1352,455,200630/NAIM17_2_0/102_WSCT/WSCT8107.JPG
200630,NAIM17_2_0,20200619,193738,51,1,2750,317,2830,370,200630/NAIM17_2_0/102_WSCT/WSCT8128.JPG
200630,NAIM17_2_0,20200619,193838,75,1,3010,411,3113,540,200630/NAIM17_2_0/102_WSCT/WSCT8129.JPG
200630,NAIM17_2_0,20200619,193938,82,1,3014,407,3133,476,200630/NAIM17_2_0/102_WSCT/WSCT8130.JPG
200630,NAIM17_2_0,20200619,194038,76,1,3014,406,3142,482,200630/NAIM17_2_0/102_WSCT/WSCT8131.JPG
200630,NAIM17_2_0,20200619,194138,44,1,3002,401,3133,478,200630/NAIM17_2_0/102_WSCT/WSCT8132.JPG
200630,NAIM17_2_0,20200619,194238,83,1,2975,395,3117,477,200630/NAIM17_2_0/102_WSCT/WSCT8133.JPG
200630,NAIM17_2_0,20200619,194738,82,1,2987,97,3111,179,200630/NAIM17_2_0/102_WSCT/WSCT8138.JPG
200630,NAIM17_2_0,20200619,194938,42,1,3041,246,3143,366,200630/NAIM17_2_0/102_WSCT/WSCT8140.JPG
200630,NAIM17_2_0,20200619,195038,78,1,3020,414,3117,528,200630/NAIM17_2_0/102_WSCT/WSCT8141.JPG
200630,NAIM17_2_0,20200619,195538,26,1,2183,1799,2239,1850,200630/NAIM17_2_0/102_WSCT/WSCT8146.JPG
200630,NAIM17_2_0,20200619,195638,36,1,1108,212,1172,265,200630/NAIM17_2_0/102_WSCT/WSCT8147.JPG
200630,NAIM17_2_0,20200619,195838,26,1,2388,1016,2448,1073,200630/NAIM17_2_0/102_WSCT/WSCT8149.JPG
200630,NAIM17_2_0,20200619,195838,27,1,46,1375,133,1480,200630/NAIM17_2_0/102_WSCT/WSCT8149.JPG
200630,NAIM17_2_0,20200619,195838,61,1,95,1572,179,1680,200630/NAIM17_2_0/102_WSCT/WSCT8149.JPG
200630,NAIM17_2_0,20200619,201236,86,1,2017,59,2109,184,200630/NAIM17_2_0/102_WSCT/WSCT8163.JPG
200630,NAIM17_2_0,20200619,202036,80,1,1799,386,1920,475,200630/NAIM17_2_0/102_WSCT/WSCT8171.JPG
200630,NAIM17_2_0,20200619,202136,74,1,1617,641,1730,738,200630/NAIM17_2_0/102_WSCT/WSCT8172.JPG
200630,NAIM17_2_0,20200619,202836,27,1,2356,1234,2418,1285,200630/NAIM17_2_0/102_WSCT/WSCT8179.JPG
200630,NAIM17_2_0,20200619,203136,31,1,3127,708,3204,792,200630/NAIM17_2_0/102_WSCT/WSCT8182.JPG
200630,NAIM17_2_0,20200619,203636,38,1,2341,993,2396,1046,200630/NAIM17_2_0/102_WSCT/WSCT8187.JPG
200630,NAIM17_2_0,20200619,210838,72,1,1890,223,1996,285,200630/NAIM17_2_0/102_WSCT/WSCT8219.JPG
200630,NAIM17_2_0,20200619,211238,64,1,1750,235,1851,379,200630/NAIM17_2_0/102_WSCT/WSCT8223.JPG
200630,NAIM17_2_0,20200619,211338,85,1,1746,233,1848,379,200630/NAIM17_2_0/102_WSCT/WSCT8224.JPG
200630,NAIM17_2_0,20200619,212238,70,1,1967,76,2067,162,200630/NAIM17_2_0/102_WSCT/WSCT8233.JPG
200630,NAIM17_2_0,20200620,082408,41,1,2340,1310,2413,1405,200630/NAIM17_2_0/102_WSCT/WSCT8415.JPG
200630,NAIM17_2_0,20200620,094816,55,1,879,1929,980,1992,200630/NAIM17_2_0/102_WSCT/WSCT8499.JPG
200630,NAIM17_2_0,20200620,104124,40,1,1708,2300,1780,2350,200630/NAIM17_2_0/102_WSCT/WSCT8552.JPG
200630,NAIM17_2_0,20200620,110522,53,1,0,746,70,814,200630/NAIM17_2_0/102_WSCT/WSCT8576.JPG
200630,NAIM17_2_0,20200620,110822,38,1,2632,681,2714,760,200630/NAIM17_2_0/102_WSCT/WSCT8579.JPG
200630,NAIM17_2_0,20200620,111022,32,1,2089,2173,2171,2254,200630/NAIM17_2_0/102_WSCT/WSCT8581.JPG
200630,NAIM17_2_0,20200620,113522,40,1,2884,1682,2944,1738,200630/NAIM17_2_0/102_WSCT/WSCT8606.JPG
200630,NAIM17_2_0,20200620,113622,36,1,2882,1682,2939,1739,200630/NAIM17_2_0/102_WSCT/WSCT8607.JPG
200630,NAIM17_2_0,20200620,121824,31,1,419,2187,482,2249,200630/NAIM17_2_0/102_WSCT/WSCT8649.JPG
200630,NAIM17_2_0,20200620,142522,34,1,1905,1873,1996,1938,200630/NAIM17_2_0/102_WSCT/WSCT8776.JPG
200630,NAIM17_2_0,20200620,144924,43,1,1522,1328,1683,1455,200630/NAIM17_2_0/102_WSCT/WSCT8800.JPG
200630,NAIM17_2_0,20200620,155330,30,1,2884,2175,3021,2256,200630/NAIM17_2_0/102_WSCT/WSCT8864.JPG
200630,NAIM17_2_0,20200620,173636,26,1,1755,1082,1854,1201,200630/NAIM17_2_0/102_WSCT/WSCT8967.JPG
200630,NAIM17_2_0,20200620,173936,25,1,988,556,1133,723,200630/NAIM17_2_0/102_WSCT/WSCT8970.JPG
200630,NAIM17_2_0,20200620,191250,35,1,3582,1631,3663,1694,200630/NAIM17_2_0/102_WSCT/WSCT9063.JPG
200630,NAIM17_2_0,20200620,201958,30,1,2894,1301,2948,1351,200630/NAIM17_2_0/102_WSCT/WSCT9130.JPG
200630,NAIM17_2_0,20200620,203258,55,1,0,1746,52,1827,200630/NAIM17_2_0/102_WSCT/WSCT9143.JPG
200630,NAIM17_2_0,20200620,205258,44,1,1804,1719,1878,1777,200630/NAIM17_2_0/102_WSCT/WSCT9163.JPG
200630,NAIM17_2_0,20200620,211358,27,1,203,555,304,619,200630/NAIM17_2_0/102_WSCT/WSCT9184.JPG
200630,NAIM17_2_0,20200620,212958,25,1,2071,645,2145,726,200630/NAIM17_2_0/102_WSCT/WSCT9200.JPG
200630,NAIM17_2_0,20200621,061802,74,1,2546,1462,2664,1586,200630/NAIM17_2_0/102_WSCT/WSCT9249.JPG
200630,NAIM17_2_0,20200621,064802,25,1,2661,2244,2718,2293,200630/NAIM17_2_0/102_WSCT/WSCT9279.JPG
200630,NAIM17_2_0,20200621,072510,34,1,3929,700,4016,763,200630/NAIM17_2_0/102_WSCT/WSCT9316.JPG
200630,NAIM17_2_0,20200621,073816,38,1,2157,1544,2222,1595,200630/NAIM17_2_0/102_WSCT/WSCT9329.JPG
200630,NAIM17_2_0,20200621,083018,32,1,975,1849,1037,1899,200630/NAIM17_2_0/102_WSCT/WSCT9381.JPG
200630,NAIM17_2_0,20200621,084316,44,1,2678,1512,2759,1568,200630/NAIM17_2_0/102_WSCT/WSCT9394.JPG
200630,NAIM17_2_0,20200621,085316,29,1,1839,2063,1900,2112,200630/NAIM17_2_0/102_WSCT/WSCT9404.JPG
200630,NAIM17_2_0,20200621,090316,53,1,0,253,56,316,200630/NAIM17_2_0/102_WSCT/WSCT9414.JPG
200630,NAIM17_2_0,20200621,101816,25,1,2762,1907,2828,1985,200630/NAIM17_2_0/102_WSCT/WSCT9489.JPG
200630,NAIM17_2_0,20200621,102416,48,1,1903,925,2006,984,200630/NAIM17_2_0/102_WSCT/WSCT9495.JPG
200630,NAIM17_2_0,20200621,105716,63,1,2086,1598,2159,1702,200630/NAIM17_2_0/102_WSCT/WSCT9528.JPG
200630,NAIM17_2_0,20200621,105916,26,1,2218,1834,2270,1882,200630/NAIM17_2_0/102_WSCT/WSCT9530.JPG
200630,NAIM17_2_0,20200621,110716,39,1,628,193,704,271,200630/NAIM17_2_0/102_WSCT/WSCT9538.JPG
200630,NAIM17_2_0,20200621,110816,43,1,308,1912,386,2002,200630/NAIM17_2_0/102_WSCT/WSCT9539.JPG
200630,NAIM17_2_0,20200621,111022,66,1,390,1906,483,1966,200630/NAIM17_2_0/102_WSCT/WSCT9541.JPG
200630,NAIM17_2_0,20200621,111122,74,1,666,1864,758,1956,200630/NAIM17_2_0/102_WSCT/WSCT9542.JPG
200630,NAIM17_2_0,20200621,111322,64,1,828,1706,905,1798,200630/NAIM17_2_0/102_WSCT/WSCT9544.JPG
200630,NAIM17_2_0,20200621,111422,53,1,843,1638,919,1725,200630/NAIM17_2_0/102_WSCT/WSCT9545.JPG
200630,NAIM17_2_0,20200621,111522,29,1,804,1790,883,1893,200630/NAIM17_2_0/102_WSCT/WSCT9546.JPG
200630,NAIM17_2_0,20200621,111622,63,1,427,1923,539,1991,200630/NAIM17_2_0/102_WSCT/WSCT9547.JPG
200630,NAIM17_2_0,20200621,114924,28,1,2817,1542,2881,1604,200630/NAIM17_2_0/102_WSCT/WSCT9580.JPG
200630,NAIM17_2_0,20200621,120224,89,1,641,1836,725,1940,200630/NAIM17_2_0/102_WSCT/WSCT9593.JPG
200630,NAIM17_2_0,20200621,120424,66,1,541,66,615,132,200630/NAIM17_2_0/102_WSCT/WSCT9595.JPG
200630,NAIM17_2_0,20200621,122622,69,1,1783,297,1883,398,200630/NAIM17_2_0/102_WSCT/WSCT9617.JPG
200630,NAIM17_2_0,20200621,122822,73,1,1828,427,1926,520,200630/NAIM17_2_0/102_WSCT/WSCT9619.JPG
200630,NAIM17_2_0,20200621,123322,66,1,1883,239,1962,347,200630/NAIM17_2_0/102_WSCT/WSCT9624.JPG
200630,NAIM17_2_0,20200621,123422,38,1,2685,707,2766,797,200630/NAIM17_2_0/102_WSCT/WSCT9625.JPG
200630,NAIM17_2_0,20200621,123522,88,1,2681,717,2766,832,200630/NAIM17_2_0/102_WSCT/WSCT9626.JPG
200630,NAIM17_2_0,20200621,130222,83,1,2198,2242,2297,2361,200630/NAIM17_2_0/102_WSCT/WSCT9653.JPG
200630,NAIM17_2_0,20200621,134722,62,1,446,2300,559,2374,200630/NAIM17_2_0/102_WSCT/WSCT9698.JPG
200630,NAIM17_2_0,20200621,134922,59,1,716,1619,809,1694,200630/NAIM17_2_0/102_WSCT/WSCT9700.JPG
200630,NAIM17_2_0,20200621,135322,41,1,3626,1309,3720,1424,200630/NAIM17_2_0/102_WSCT/WSCT9704.JPG
200630,NAIM17_2_0,20200621,135722,83,1,1894,1001,1978,1099,200630/NAIM17_2_0/102_WSCT/WSCT9708.JPG
200630,NAIM17_2_0,20200621,141922,28,1,1028,534,1110,639,200630/NAIM17_2_0/102_WSCT/WSCT9730.JPG
200630,NAIM17_2_0,20200621,142022,33,1,3951,84,4044,171,200630/NAIM17_2_0/102_WSCT/WSCT9731.JPG
200630,NAIM17_2_0,20200621,142122,32,1,3967,87,4055,174,200630/NAIM17_2_0/102_WSCT/WSCT9732.JPG
200630,NAIM17_2_0,20200621,142924,30,1,3275,364,3583,533,200630/NAIM17_2_0/102_WSCT/WSCT9740.JPG
200630,NAIM17_2_0,20200621,143724,83,1,2088,1175,2166,1270,200630/NAIM17_2_0/102_WSCT/WSCT9748.JPG
200630,NAIM17_2_0,20200621,143924,71,1,636,1587,746,1652,200630/NAIM17_2_0/102_WSCT/WSCT9750.JPG
200630,NAIM17_2_0,20200621,143924,78,1,1724,870,1802,972,200630/NAIM17_2_0/102_WSCT/WSCT9750.JPG
200630,NAIM17_2_0,20200621,145530,77,1,1672,1360,1754,1454,200630/NAIM17_2_0/102_WSCT/WSCT9766.JPG
200630,NAIM17_2_0,20200621,151730,51,1,782,1926,866,1982,200630/NAIM17_2_0/102_WSCT/WSCT9788.JPG
200630,NAIM17_2_0,20200621,153130,72,1,835,1719,938,1794,200630/NAIM17_2_0/102_WSCT/WSCT9802.JPG
200630,NAIM17_2_0,20200621,154730,75,1,1588,1931,1692,1991,200630/NAIM17_2_0/102_WSCT/WSCT9818.JPG
200630,NAIM17_2_0,20200621,161230,59,1,968,451,1101,565,200630/NAIM17_2_0/102_WSCT/WSCT9843.JPG
200630,NAIM17_2_0,20200621,162330,83,1,3273,1588,3375,1672,200630/NAIM17_2_0/102_WSCT/WSCT9854.JPG
200630,NAIM17_2_0,20200621,163530,87,1,1664,2018,1776,2144,200630/NAIM17_2_0/102_WSCT/WSCT9866.JPG
200630,NAIM17_2_0,20200621,164030,52,1,1959,1130,2038,1229,200630/NAIM17_2_0/102_WSCT/WSCT9871.JPG
200630,NAIM17_2_0,20200621,170030,38,1,2263,2210,2336,2261,200630/NAIM17_2_0/102_WSCT/WSCT9891.JPG
200630,NAIM17_2_0,20200621,171630,86,1,1751,559,1832,673,200630/NAIM17_2_0/102_WSCT/WSCT9907.JPG
200630,NAIM17_2_0,20200621,172930,78,1,2383,1839,2475,1917,200630/NAIM17_2_0/102_WSCT/WSCT9920.JPG
200630,NAIM17_2_0,20200621,173930,64,1,2075,1078,2156,1156,200630/NAIM17_2_0/102_WSCT/WSCT9930.JPG
